
========================================================================
2026-04-14T01:23:08
cwd: None
+ /home/jhlou/CGRVOPT/CYK/adora-compiler/build/bin/cgra-opt --allow-unregistered-dialect --affine-loop-normalize --affine-simplify-structures --normalize-memrefs /home/jhlou/CGRVOPT/CYK/adora-compiler/experiment/CYK/conv/kernel.mlir -o /home/jhlou/CGRVOPT/CYK/adora-compiler/experiment/CYK/conv/adora-cc-ir/tempfiles/DFGs/kernel_normalized.mlir
------------------------------------------------------------------------

========================================================================
2026-04-14T01:23:08
cwd: None
+ /home/jhlou/CGRVOPT/CYK/adora-compiler/build/bin/cgra-opt --canonicalize -reconcile-unrealized-casts --affine-loop-fusion --adora-extract-affine-for-to-kernel --arith-expand --memref-expand -cse /home/jhlou/CGRVOPT/CYK/adora-compiler/experiment/CYK/conv/adora-cc-ir/tempfiles/DFGs/kernel_normalized.mlir -o /home/jhlou/CGRVOPT/CYK/adora-compiler/experiment/CYK/conv/adora-cc-ir/0_kernels/kernel_kernel.mlir
------------------------------------------------------------------------

========================================================================
2026-04-14T01:23:08
cwd: /home/jhlou/CGRVOPT/CYK/adora-compiler/experiment/CYK/conv/adora-cc-ir/tempfiles
+ /home/jhlou/CGRVOPT/CYK/adora-compiler/build/bin/cgra-opt --adora-simplify-affine-loop-levels --canonicalize -cse --adora-simplify-loadstore --adora-math-rewrite --adora-adjust-kernel-mem-footprint=cachesize=128 singlearraysize=8 disable-remainder-block explicit-datablock --adora-auto-unroll=cgra-adg=/home/jhlou/CGRVOPT/MatrixMeld/vitrartl_8x16/spec/vitra_cgra_adg.json /home/jhlou/CGRVOPT/CYK/adora-compiler/experiment/CYK/conv/adora-cc-ir/0_kernels/kernel_kernel.mlir -o /home/jhlou/CGRVOPT/CYK/adora-compiler/experiment/CYK/conv/adora-cc-ir/1_kernels_opt/kernel_opt.mlir
------------------------------------------------------------------------
affine.for %arg7 = 0 to 3 {
  %0 = affine.load %arg0[0, 0, %arg4 + %arg6 - 1, %arg5 + %arg7 - 1] : memref<1x1x16x16xbf16>
  %1 = affine.load %arg1[%arg3, 0, %arg6, %arg7] : memref<16x1x3x3xbf16>
  %2 = affine.load %alloc[0, %arg3, %arg4, %arg5] : memref<1x16x16x16xbf16>
  %3 = arith.mulf %0, %1 : bf16
  %4 = arith.addf %2, %3 : bf16
  affine.store %4, %alloc[0, %arg3, %arg4, %arg5] : memref<1x16x16x16xbf16>
}
affine.for %arg6 = 0 to 3 {
  affine.for %arg7 = 0 to 3 {
    %0 = affine.load %arg0[0, 0, %arg4 + %arg6 - 1, %arg5 + %arg7 - 1] : memref<1x1x16x16xbf16>
    %1 = affine.load %arg1[%arg3, 0, %arg6, %arg7] : memref<16x1x3x3xbf16>
    %2 = affine.load %alloc[0, %arg3, %arg4, %arg5] : memref<1x16x16x16xbf16>
    %3 = arith.mulf %0, %1 : bf16
    %4 = arith.addf %2, %3 : bf16
    affine.store %4, %alloc[0, %arg3, %arg4, %arg5] : memref<1x16x16x16xbf16>
  }
}
affine.for %arg5 = 0 to 16 {
  affine.for %arg6 = 0 to 3 {
    affine.for %arg7 = 0 to 3 {
      %0 = affine.load %arg0[0, 0, %arg4 + %arg6 - 1, %arg5 + %arg7 - 1] : memref<1x1x16x16xbf16>
      %1 = affine.load %arg1[%arg3, 0, %arg6, %arg7] : memref<16x1x3x3xbf16>
      %2 = affine.load %alloc[0, %arg3, %arg4, %arg5] : memref<1x16x16x16xbf16>
      %3 = arith.mulf %0, %1 : bf16
      %4 = arith.addf %2, %3 : bf16
      affine.store %4, %alloc[0, %arg3, %arg4, %arg5] : memref<1x16x16x16xbf16>
    }
  }
}
affine.for %arg4 = 0 to 16 {
  affine.for %arg5 = 0 to 16 {
    affine.for %arg6 = 0 to 3 {
      affine.for %arg7 = 0 to 3 {
        %0 = affine.load %arg0[0, 0, %arg4 + %arg6 - 1, %arg5 + %arg7 - 1] : memref<1x1x16x16xbf16>
        %1 = affine.load %arg1[%arg3, 0, %arg6, %arg7] : memref<16x1x3x3xbf16>
        %2 = affine.load %alloc[0, %arg3, %arg4, %arg5] : memref<1x16x16x16xbf16>
        %3 = arith.mulf %0, %1 : bf16
        %4 = arith.addf %2, %3 : bf16
        affine.store %4, %alloc[0, %arg3, %arg4, %arg5] : memref<1x16x16x16xbf16>
      }
    }
  }
}
affine.for %arg3 = 0 to 16 {
  affine.for %arg4 = 0 to 16 {
    affine.for %arg5 = 0 to 16 {
      affine.for %arg6 = 0 to 3 {
        affine.for %arg7 = 0 to 3 {
          %0 = affine.load %arg0[0, 0, %arg4 + %arg6 - 1, %arg5 + %arg7 - 1] : memref<1x1x16x16xbf16>
          %1 = affine.load %arg1[%arg3, 0, %arg6, %arg7] : memref<16x1x3x3xbf16>
          %2 = affine.load %alloc[0, %arg3, %arg4, %arg5] : memref<1x16x16x16xbf16>
          %3 = arith.mulf %0, %1 : bf16
          %4 = arith.addf %2, %3 : bf16
          affine.store %4, %alloc[0, %arg3, %arg4, %arg5] : memref<1x16x16x16xbf16>
        }
      }
    }
  }
}
affine.for %arg3 = 0 to 16 {
  affine.for %arg4 = 0 to 16 {
    affine.for %arg5 = 0 to 16 {
      affine.for %arg6 = 0 to 3 {
        affine.for %arg7 = 0 to 3 {
          %0 = affine.load %arg0[0, 0, %arg4 + %arg6 - 1, %arg5 + %arg7 - 1] : memref<1x1x16x16xbf16>
          %1 = affine.load %arg1[%arg3, 0, %arg6, %arg7] : memref<16x1x3x3xbf16>
          %2 = affine.load %alloc[0, %arg3, %arg4, %arg5] : memref<1x16x16x16xbf16>
          %3 = arith.mulf %0, %1 : bf16
          %4 = arith.addf %2, %3 : bf16
          affine.store %4, %alloc[0, %arg3, %arg4, %arg5] : memref<1x16x16x16xbf16>
        }
      }
    }
  }
}
    4: perfect, innermost
   3: perfect
  2: perfect
 1: perfect
0: outermost
affine.for %arg7 = 0 to 3 {
  %0 = affine.load %arg0[0, 0, %arg4 + %arg6 - 1, %arg5 + %arg7 - 1] : memref<1x1x16x16xbf16>
  %1 = affine.load %arg1[%arg3, 0, %arg6, %arg7] : memref<16x1x3x3xbf16>
  %2 = affine.load %alloc[0, %arg3, %arg4, %arg5] : memref<1x16x16x16xbf16>
  %3 = arith.mulf %0, %1 : bf16
  %4 = arith.addf %2, %3 : bf16
  affine.store %4, %alloc[0, %arg3, %arg4, %arg5] : memref<1x16x16x16xbf16>
}
affine.for %arg6 = 0 to 3 {
  %0 = affine.load %alloc[0, %arg3, %arg4, %arg5] : memref<1x16x16x16xbf16>
  %1 = affine.for %arg7 = 0 to 3 iter_args(%arg8 = %0) -> (bf16) {
    %2 = affine.load %arg0[0, 0, %arg4 + %arg6 - 1, %arg5 + %arg7 - 1] : memref<1x1x16x16xbf16>
    %3 = affine.load %arg1[%arg3, 0, %arg6, %arg7] : memref<16x1x3x3xbf16>
    %4 = arith.mulf %2, %3 : bf16
    %5 = arith.addf %arg8, %4 : bf16
    affine.yield %5 : bf16
  }
  affine.store %1, %alloc[0, %arg3, %arg4, %arg5] : memref<1x16x16x16xbf16>
}
affine.for %arg5 = 0 to 16 {
  %0 = affine.load %alloc[0, %arg3, %arg4, %arg5] : memref<1x16x16x16xbf16>
  %1 = affine.for %arg6 = 0 to 3 iter_args(%arg7 = %0) -> (bf16) {
    %2 = affine.for %arg8 = 0 to 3 iter_args(%arg9 = %arg7) -> (bf16) {
      %3 = affine.load %arg0[0, 0, %arg4 + %arg6 - 1, %arg5 + %arg8 - 1] : memref<1x1x16x16xbf16>
      %4 = affine.load %arg1[%arg3, 0, %arg6, %arg8] : memref<16x1x3x3xbf16>
      %5 = arith.mulf %3, %4 : bf16
      %6 = arith.addf %arg9, %5 : bf16
      affine.yield %6 : bf16
    }
    affine.yield %2 : bf16
  }
  affine.store %1, %alloc[0, %arg3, %arg4, %arg5] : memref<1x16x16x16xbf16>
}
affine.for %arg4 = 0 to 16 {
  affine.for %arg5 = 0 to 16 {
    %0 = affine.load %alloc[0, %arg3, %arg4, %arg5] : memref<1x16x16x16xbf16>
    %1 = affine.for %arg6 = 0 to 3 iter_args(%arg7 = %0) -> (bf16) {
      %2 = affine.for %arg8 = 0 to 3 iter_args(%arg9 = %arg7) -> (bf16) {
        %3 = affine.load %arg0[0, 0, %arg4 + %arg6 - 1, %arg5 + %arg8 - 1] : memref<1x1x16x16xbf16>
        %4 = affine.load %arg1[%arg3, 0, %arg6, %arg8] : memref<16x1x3x3xbf16>
        %5 = arith.mulf %3, %4 : bf16
        %6 = arith.addf %arg9, %5 : bf16
        affine.yield %6 : bf16
      }
      affine.yield %2 : bf16
    }
    affine.store %1, %alloc[0, %arg3, %arg4, %arg5] : memref<1x16x16x16xbf16>
  }
}
affine.for %arg3 = 0 to 16 {
  affine.for %arg4 = 0 to 16 {
    affine.for %arg5 = 0 to 16 {
      %0 = affine.load %alloc[0, %arg3, %arg4, %arg5] : memref<1x16x16x16xbf16>
      %1 = affine.for %arg6 = 0 to 3 iter_args(%arg7 = %0) -> (bf16) {
        %2 = affine.for %arg8 = 0 to 3 iter_args(%arg9 = %arg7) -> (bf16) {
          %3 = affine.load %arg0[0, 0, %arg4 + %arg6 - 1, %arg5 + %arg8 - 1] : memref<1x1x16x16xbf16>
          %4 = affine.load %arg1[%arg3, 0, %arg6, %arg8] : memref<16x1x3x3xbf16>
          %5 = arith.mulf %3, %4 : bf16
          %6 = arith.addf %arg9, %5 : bf16
          affine.yield %6 : bf16
        }
        affine.yield %2 : bf16
      }
      affine.store %1, %alloc[0, %arg3, %arg4, %arg5] : memref<1x16x16x16xbf16>
    }
  }
}
%2 = affine.for %arg8 = 0 to 3 iter_args(%arg9 = %arg7) -> (bf16) {
  %3 = affine.load %arg0[0, 0, %arg4 + %arg6 - 1, %arg5 + %arg8 - 1] : memref<1x1x16x16xbf16>
  %4 = affine.load %arg1[%arg3, 0, %arg6, %arg8] : memref<16x1x3x3xbf16>
  %5 = arith.mulf %3, %4 : bf16
  %6 = arith.addf %arg9, %5 : bf16
  affine.yield %6 : bf16
}
%1 = affine.for %arg6 = 0 to 3 iter_args(%arg7 = %0) -> (bf16) {
  %2 = affine.for %arg8 = 0 to 3 iter_args(%arg9 = %arg7) -> (bf16) {
    %3 = affine.load %arg0[0, 0, %arg4 + %arg6 - 1, %arg5 + %arg8 - 1] : memref<1x1x16x16xbf16>
    %4 = affine.load %arg1[%arg3, 0, %arg6, %arg8] : memref<16x1x3x3xbf16>
    %5 = arith.mulf %3, %4 : bf16
    %6 = arith.addf %arg9, %5 : bf16
    affine.yield %6 : bf16
  }
  affine.yield %2 : bf16
}
affine.for %arg5 = 0 to 16 {
  %0 = affine.load %alloc[0, %arg3, %arg4, %arg5] : memref<1x16x16x16xbf16>
  %1 = affine.for %arg6 = 0 to 3 iter_args(%arg7 = %0) -> (bf16) {
    %2 = affine.for %arg8 = 0 to 3 iter_args(%arg9 = %arg7) -> (bf16) {
      %3 = affine.load %arg0[0, 0, %arg4 + %arg6 - 1, %arg5 + %arg8 - 1] : memref<1x1x16x16xbf16>
      %4 = affine.load %arg1[%arg3, 0, %arg6, %arg8] : memref<16x1x3x3xbf16>
      %5 = arith.mulf %3, %4 : bf16
      %6 = arith.addf %arg9, %5 : bf16
      affine.yield %6 : bf16
    }
    affine.yield %2 : bf16
  }
  affine.store %1, %alloc[0, %arg3, %arg4, %arg5] : memref<1x16x16x16xbf16>
}
affine.for %arg4 = 0 to 16 {
  affine.for %arg5 = 0 to 16 {
    %0 = affine.load %alloc[0, %arg3, %arg4, %arg5] : memref<1x16x16x16xbf16>
    %1 = affine.for %arg6 = 0 to 3 iter_args(%arg7 = %0) -> (bf16) {
      %2 = affine.for %arg8 = 0 to 3 iter_args(%arg9 = %arg7) -> (bf16) {
        %3 = affine.load %arg0[0, 0, %arg4 + %arg6 - 1, %arg5 + %arg8 - 1] : memref<1x1x16x16xbf16>
        %4 = affine.load %arg1[%arg3, 0, %arg6, %arg8] : memref<16x1x3x3xbf16>
        %5 = arith.mulf %3, %4 : bf16
        %6 = arith.addf %arg9, %5 : bf16
        affine.yield %6 : bf16
      }
      affine.yield %2 : bf16
    }
    affine.store %1, %alloc[0, %arg3, %arg4, %arg5] : memref<1x16x16x16xbf16>
  }
}
affine.for %arg3 = 0 to 16 {
  affine.for %arg4 = 0 to 16 {
    affine.for %arg5 = 0 to 16 {
      %0 = affine.load %alloc[0, %arg3, %arg4, %arg5] : memref<1x16x16x16xbf16>
      %1 = affine.for %arg6 = 0 to 3 iter_args(%arg7 = %0) -> (bf16) {
        %2 = affine.for %arg8 = 0 to 3 iter_args(%arg9 = %arg7) -> (bf16) {
          %3 = affine.load %arg0[0, 0, %arg4 + %arg6 - 1, %arg5 + %arg8 - 1] : memref<1x1x16x16xbf16>
          %4 = affine.load %arg1[%arg3, 0, %arg6, %arg8] : memref<16x1x3x3xbf16>
          %5 = arith.mulf %3, %4 : bf16
          %6 = arith.addf %arg9, %5 : bf16
          affine.yield %6 : bf16
        }
        affine.yield %2 : bf16
      }
      affine.store %1, %alloc[0, %arg3, %arg4, %arg5] : memref<1x16x16x16xbf16>
    }
  }
}
affine.for %arg3 = 0 to 16 {
  affine.for %arg4 = 0 to 16 {
    affine.for %arg5 = 0 to 16 {
      %0 = affine.load %alloc[0, %arg3, %arg4, %arg5] : memref<1x16x16x16xbf16>
      %1 = affine.for %arg6 = 0 to 3 iter_args(%arg7 = %0) -> (bf16) {
        %2 = affine.for %arg8 = 0 to 3 iter_args(%arg9 = %arg7) -> (bf16) {
          %3 = affine.load %arg0[0, 0, %arg4 + %arg6 - 1, %arg5 + %arg8 - 1] : memref<1x1x16x16xbf16>
          %4 = affine.load %arg1[%arg3, 0, %arg6, %arg8] : memref<16x1x3x3xbf16>
          %5 = arith.mulf %3, %4 : bf16
          %6 = arith.addf %arg9, %5 : bf16
          affine.yield %6 : bf16
        }
        affine.yield %2 : bf16
      }
      affine.store %1, %alloc[0, %arg3, %arg4, %arg5] : memref<1x16x16x16xbf16>
    }
  }
}
    4: perfect, innermost
   3: imperfect
  2: perfect
 1: perfect
0: outermost
Domain: 0, Range: 4, Symbols: 0, Locals: 0
( ) -> ( None None None None ) : [ ]9 constraints
(None	None	None	None	const)
  1   0   0   0   0   = 0
  1   0   0   0   0  >= 0
 -1   0   0   0   0  >= 0
  0   1   0   0   0  >= 0
  0  -1   0   0   15 >= 0
  0   0   1   0   0  >= 0
  0   0  -1   0   15 >= 0
  0   0   0   1   0  >= 0
  0   0   0  -1   15 >= 0

NewShape Shape: 16 16 1 1 
NewShape Shape: 3 3 1 16 
NewShape Shape: 16 16 16 1 
affine.for %arg3 = 0 to 16 {
  affine.for %arg4 = 0 to 16 {
    affine.for %arg5 = 0 to 16 {
      %0 = affine.load %alloc[0, %arg3, %arg4, %arg5] : memref<1x16x16x16xbf16>
      %1 = affine.for %arg6 = 0 to 3 iter_args(%arg7 = %0) -> (bf16) {
        %2 = affine.for %arg8 = 0 to 3 iter_args(%arg9 = %arg7) -> (bf16) {
          %3 = affine.load %arg0[0, 0, %arg4 + %arg6 - 1, %arg5 + %arg8 - 1] : memref<1x1x16x16xbf16>
          %4 = affine.load %arg1[%arg3, 0, %arg6, %arg8] : memref<16x1x3x3xbf16>
          %5 = arith.mulf %3, %4 : bf16
          %6 = arith.addf %arg9, %5 : bf16
          affine.yield %6 : bf16
        }
        affine.yield %2 : bf16
      }
      affine.store %1, %alloc[0, %arg3, %arg4, %arg5] : memref<1x16x16x16xbf16>
    }
  }
}
affine.for %arg4 = 0 to 16 {
  affine.for %arg5 = 0 to 16 {
    %0 = affine.load %alloc[0, %arg3, %arg4, %arg5] : memref<1x16x16x16xbf16>
    %1 = affine.for %arg6 = 0 to 3 iter_args(%arg7 = %0) -> (bf16) {
      %2 = affine.for %arg8 = 0 to 3 iter_args(%arg9 = %arg7) -> (bf16) {
        %3 = affine.load %arg0[0, 0, %arg4 + %arg6 - 1, %arg5 + %arg8 - 1] : memref<1x1x16x16xbf16>
        %4 = affine.load %arg1[%arg3, 0, %arg6, %arg8] : memref<16x1x3x3xbf16>
        %5 = arith.mulf %3, %4 : bf16
        %6 = arith.addf %arg9, %5 : bf16
        affine.yield %6 : bf16
      }
      affine.yield %2 : bf16
    }
    affine.store %1, %alloc[0, %arg3, %arg4, %arg5] : memref<1x16x16x16xbf16>
  }
}
affine.for %arg5 = 0 to 16 {
  %0 = affine.load %alloc[0, %arg3, %arg4, %arg5] : memref<1x16x16x16xbf16>
  %1 = affine.for %arg6 = 0 to 3 iter_args(%arg7 = %0) -> (bf16) {
    %2 = affine.for %arg8 = 0 to 3 iter_args(%arg9 = %arg7) -> (bf16) {
      %3 = affine.load %arg0[0, 0, %arg4 + %arg6 - 1, %arg5 + %arg8 - 1] : memref<1x1x16x16xbf16>
      %4 = affine.load %arg1[%arg3, 0, %arg6, %arg8] : memref<16x1x3x3xbf16>
      %5 = arith.mulf %3, %4 : bf16
      %6 = arith.addf %arg9, %5 : bf16
      affine.yield %6 : bf16
    }
    affine.yield %2 : bf16
  }
  affine.store %1, %alloc[0, %arg3, %arg4, %arg5] : memref<1x16x16x16xbf16>
}
affine.for %arg3 = 0 to 16 {
  affine.for %arg4 = 0 to 16 {
    affine.for %arg5 = 0 to 16 {
      %0 = affine.load %alloc[0, %arg3, %arg4, %arg5] : memref<1x16x16x16xbf16>
      %1 = affine.for %arg6 = 0 to 3 iter_args(%arg7 = %0) -> (bf16) {
        %2 = affine.for %arg8 = 0 to 3 iter_args(%arg9 = %arg7) -> (bf16) {
          %3 = affine.load %arg0[0, 0, %arg4 + %arg6 - 1, %arg5 + %arg8 - 1] : memref<1x1x16x16xbf16>
          %4 = affine.load %arg1[%arg3, 0, %arg6, %arg8] : memref<16x1x3x3xbf16>
          %5 = arith.mulf %3, %4 : bf16
          %6 = arith.addf %arg9, %5 : bf16
          affine.yield %6 : bf16
        }
        affine.yield %2 : bf16
      }
      affine.store %1, %alloc[0, %arg3, %arg4, %arg5] : memref<1x16x16x16xbf16>
    }
  }
}
affine.for %arg4 = 0 to 16 {
  affine.for %arg5 = 0 to 16 {
    %0 = affine.load %alloc[0, %arg3, %arg4, %arg5] : memref<1x16x16x16xbf16>
    %1 = affine.for %arg6 = 0 to 3 iter_args(%arg7 = %0) -> (bf16) {
      %2 = affine.for %arg8 = 0 to 3 iter_args(%arg9 = %arg7) -> (bf16) {
        %3 = affine.load %arg0[0, 0, %arg4 + %arg6 - 1, %arg5 + %arg8 - 1] : memref<1x1x16x16xbf16>
        %4 = affine.load %arg1[%arg3, 0, %arg6, %arg8] : memref<16x1x3x3xbf16>
        %5 = arith.mulf %3, %4 : bf16
        %6 = arith.addf %arg9, %5 : bf16
        affine.yield %6 : bf16
      }
      affine.yield %2 : bf16
    }
    affine.store %1, %alloc[0, %arg3, %arg4, %arg5] : memref<1x16x16x16xbf16>
  }
}
affine.for %arg5 = 0 to 16 {
  %0 = affine.load %alloc[0, %arg3, %arg4, %arg5] : memref<1x16x16x16xbf16>
  %1 = affine.for %arg6 = 0 to 3 iter_args(%arg7 = %0) -> (bf16) {
    %2 = affine.for %arg8 = 0 to 3 iter_args(%arg9 = %arg7) -> (bf16) {
      %3 = affine.load %arg0[0, 0, %arg4 + %arg6 - 1, %arg5 + %arg8 - 1] : memref<1x1x16x16xbf16>
      %4 = affine.load %arg1[%arg3, 0, %arg6, %arg8] : memref<16x1x3x3xbf16>
      %5 = arith.mulf %3, %4 : bf16
      %6 = arith.addf %arg9, %5 : bf16
      affine.yield %6 : bf16
    }
    affine.yield %2 : bf16
  }
  affine.store %1, %alloc[0, %arg3, %arg4, %arg5] : memref<1x16x16x16xbf16>
}
affine.for %arg3 = 0 to 16 {
  affine.for %arg4 = 0 to 16 {
    affine.for %arg5 = 0 to 16 {
      %0 = affine.load %alloc[0, %arg3, %arg4, %arg5] : memref<1x16x16x16xbf16>
      %1 = affine.for %arg6 = 0 to 3 iter_args(%arg7 = %0) -> (bf16) {
        %2 = affine.for %arg8 = 0 to 3 iter_args(%arg9 = %arg7) -> (bf16) {
          %3 = affine.load %arg0[0, 0, %arg4 + %arg6 - 1, %arg5 + %arg8 - 1] : memref<1x1x16x16xbf16>
          %4 = affine.load %arg1[%arg3, 0, %arg6, %arg8] : memref<16x1x3x3xbf16>
          %5 = arith.mulf %3, %4 : bf16
          %6 = arith.addf %arg9, %5 : bf16
          affine.yield %6 : bf16
        }
        affine.yield %2 : bf16
      }
      affine.store %1, %alloc[0, %arg3, %arg4, %arg5] : memref<1x16x16x16xbf16>
    }
  }
}
affine.for %arg4 = 0 to 16 {
  affine.for %arg5 = 0 to 16 {
    %0 = affine.load %alloc[0, %arg3, %arg4, %arg5] : memref<1x16x16x16xbf16>
    %1 = affine.for %arg6 = 0 to 3 iter_args(%arg7 = %0) -> (bf16) {
      %2 = affine.for %arg8 = 0 to 3 iter_args(%arg9 = %arg7) -> (bf16) {
        %3 = affine.load %arg0[0, 0, %arg4 + %arg6 - 1, %arg5 + %arg8 - 1] : memref<1x1x16x16xbf16>
        %4 = affine.load %arg1[%arg3, 0, %arg6, %arg8] : memref<16x1x3x3xbf16>
        %5 = arith.mulf %3, %4 : bf16
        %6 = arith.addf %arg9, %5 : bf16
        affine.yield %6 : bf16
      }
      affine.yield %2 : bf16
    }
    affine.store %1, %alloc[0, %arg3, %arg4, %arg5] : memref<1x16x16x16xbf16>
  }
}
affine.for %arg5 = 0 to 16 {
  %0 = affine.load %alloc[0, %arg3, %arg4, %arg5] : memref<1x16x16x16xbf16>
  %1 = affine.for %arg6 = 0 to 3 iter_args(%arg7 = %0) -> (bf16) {
    %2 = affine.for %arg8 = 0 to 3 iter_args(%arg9 = %arg7) -> (bf16) {
      %3 = affine.load %arg0[0, 0, %arg4 + %arg6 - 1, %arg5 + %arg8 - 1] : memref<1x1x16x16xbf16>
      %4 = affine.load %arg1[%arg3, 0, %arg6, %arg8] : memref<16x1x3x3xbf16>
      %5 = arith.mulf %3, %4 : bf16
      %6 = arith.addf %arg9, %5 : bf16
      affine.yield %6 : bf16
    }
    affine.yield %2 : bf16
  }
  affine.store %1, %alloc[0, %arg3, %arg4, %arg5] : memref<1x16x16x16xbf16>
}
NewShape Shape: 16 16 16 1 
[debug] newMemRef: memref<1x16x16x16xbf16>
[debug] before remove LoadExpr: 0
[debug] BlockLoadExpr: 0
[debug] after remove LoadExpr: 0
[debug] before remove LoadExpr: d0
[debug] BlockLoadExpr: 0
[debug] after remove LoadExpr: d0
[debug] before remove LoadExpr: d1
[debug] BlockLoadExpr: 0
[debug] after remove LoadExpr: d1
[debug] before remove LoadExpr: d2
[debug] BlockLoadExpr: 0
[debug] after remove LoadExpr: d2
[debug] After replace Kernel: 
ADORA.kernel {
  affine.for %arg3 = 0 to 16 {
    affine.for %arg4 = 0 to 16 {
      affine.for %arg5 = 0 to 16 {
        %1 = affine.load %0[0, %arg3, %arg4, %arg5] : memref<1x16x16x16xbf16>
        %2 = affine.for %arg6 = 0 to 3 iter_args(%arg7 = %1) -> (bf16) {
          %3 = affine.for %arg8 = 0 to 3 iter_args(%arg9 = %arg7) -> (bf16) {
            %4 = affine.load %arg0[0, 0, %arg4 + %arg6 - 1, %arg5 + %arg8 - 1] : memref<1x1x16x16xbf16>
            %5 = affine.load %arg1[%arg3, 0, %arg6, %arg8] : memref<16x1x3x3xbf16>
            %6 = arith.mulf %4, %5 : bf16
            %7 = arith.addf %arg9, %6 : bf16
            affine.yield %7 : bf16
          }
          affine.yield %3 : bf16
        }
        affine.store %2, %alloc[0, %arg3, %arg4, %arg5] : memref<1x16x16x16xbf16>
      }
    }
  }
  ADORA.terminator
} {KernelName = "Conv_0"}
NewShape Shape: 16 16 1 1 
[debug] newMemRef: memref<1x1x16x16xbf16>
[debug] before remove LoadExpr: 0
[debug] BlockLoadExpr: 0
[debug] after remove LoadExpr: 0
[debug] before remove LoadExpr: 0
[debug] BlockLoadExpr: 0
[debug] after remove LoadExpr: 0
[debug] before remove LoadExpr: d0 + d1 - 1
[debug] BlockLoadExpr: 0
[debug] after remove LoadExpr: d0 + d1 - 1
[debug] before remove LoadExpr: d2 + d3 - 1
[debug] BlockLoadExpr: 0
[debug] after remove LoadExpr: d2 + d3 - 1
[debug] After replace Kernel: 
ADORA.kernel {
  affine.for %arg3 = 0 to 16 {
    affine.for %arg4 = 0 to 16 {
      affine.for %arg5 = 0 to 16 {
        %2 = affine.load %0[0, %arg3, %arg4, %arg5] : memref<1x16x16x16xbf16>
        %3 = affine.for %arg6 = 0 to 3 iter_args(%arg7 = %2) -> (bf16) {
          %4 = affine.for %arg8 = 0 to 3 iter_args(%arg9 = %arg7) -> (bf16) {
            %5 = affine.load %1[0, 0, %arg4 + %arg6 - 1, %arg5 + %arg8 - 1] : memref<1x1x16x16xbf16>
            %6 = affine.load %arg1[%arg3, 0, %arg6, %arg8] : memref<16x1x3x3xbf16>
            %7 = arith.mulf %5, %6 : bf16
            %8 = arith.addf %arg9, %7 : bf16
            affine.yield %8 : bf16
          }
          affine.yield %4 : bf16
        }
        affine.store %3, %alloc[0, %arg3, %arg4, %arg5] : memref<1x16x16x16xbf16>
      }
    }
  }
  ADORA.terminator
} {KernelName = "Conv_0"}
NewShape Shape: 3 3 1 16 
[debug] newMemRef: memref<16x1x3x3xbf16>
[debug] before remove LoadExpr: d0
[debug] BlockLoadExpr: 0
[debug] after remove LoadExpr: d0
[debug] before remove LoadExpr: 0
[debug] BlockLoadExpr: 0
[debug] after remove LoadExpr: 0
[debug] before remove LoadExpr: d1
[debug] BlockLoadExpr: 0
[debug] after remove LoadExpr: d1
[debug] before remove LoadExpr: d2
[debug] BlockLoadExpr: 0
[debug] after remove LoadExpr: d2
[debug] After replace Kernel: 
ADORA.kernel {
  affine.for %arg3 = 0 to 16 {
    affine.for %arg4 = 0 to 16 {
      affine.for %arg5 = 0 to 16 {
        %3 = affine.load %0[0, %arg3, %arg4, %arg5] : memref<1x16x16x16xbf16>
        %4 = affine.for %arg6 = 0 to 3 iter_args(%arg7 = %3) -> (bf16) {
          %5 = affine.for %arg8 = 0 to 3 iter_args(%arg9 = %arg7) -> (bf16) {
            %6 = affine.load %1[0, 0, %arg4 + %arg6 - 1, %arg5 + %arg8 - 1] : memref<1x1x16x16xbf16>
            %7 = affine.load %2[%arg3, 0, %arg6, %arg8] : memref<16x1x3x3xbf16>
            %8 = arith.mulf %6, %7 : bf16
            %9 = arith.addf %arg9, %8 : bf16
            affine.yield %9 : bf16
          }
          affine.yield %5 : bf16
        }
        affine.store %4, %alloc[0, %arg3, %arg4, %arg5] : memref<1x16x16x16xbf16>
      }
    }
  }
  ADORA.terminator
} {KernelName = "Conv_0"}
[debug] storeop: affine.store %4, %alloc[0, %arg3, %arg4, %arg5] : memref<1x16x16x16xbf16>
[debug] lbMap: () -> (0, 0) , ubMap: () -> (1, 1)
[debug] lbMap: () -> (0) , ubMap: () -> (16)
[debug] lbMap: () -> (0) , ubMap: () -> (16)
[debug] lbMap: () -> (0) , ubMap: () -> (16)
NewShape Shape: 16 16 16 1 
[debug] before remove StoreExpr: 0
[debug] before remove BlockStoreExpr: 0
[debug] before remove StoreExpr: d0
[debug] before remove BlockStoreExpr: 0
[debug] before remove StoreExpr: d1
[debug] before remove BlockStoreExpr: 0
[debug] before remove StoreExpr: d2
[debug] before remove BlockStoreExpr: 0
ADORA.kernel {
  affine.for %arg3 = 0 to 16 {
    affine.for %arg4 = 0 to 16 {
      affine.for %arg5 = 0 to 16 {
        %4 = affine.load %0[0, %arg3, %arg4, %arg5] : memref<1x16x16x16xbf16>
        %5 = affine.for %arg6 = 0 to 3 iter_args(%arg7 = %4) -> (bf16) {
          %6 = affine.for %arg8 = 0 to 3 iter_args(%arg9 = %arg7) -> (bf16) {
            %7 = affine.load %1[0, 0, %arg4 + %arg6 - 1, %arg5 + %arg8 - 1] : memref<1x1x16x16xbf16>
            %8 = affine.load %2[%arg3, 0, %arg6, %arg8] : memref<16x1x3x3xbf16>
            %9 = arith.mulf %7, %8 : bf16
            %10 = arith.addf %arg9, %9 : bf16
            affine.yield %10 : bf16
          }
          affine.yield %6 : bf16
        }
        affine.store %5, %3[0, %arg3, %arg4, %arg5] : memref<1x16x16x16xbf16>
      }
    }
  }
  ADORA.terminator
} {KernelName = "Conv_0"}
[debug] op:%7 = affine.load %1[0, 0, %arg4 + %arg6 - 1, %arg5 + %arg8 - 1] : memref<1x1x16x16xbf16>
[debug] map:(d0, d1, d2, d3) -> (0, 0, d0 + d1 - 1, d2 + d3 - 1)
[debug] dimReplacements:0
[debug] dimReplacements:0
[debug] dimReplacements:d2
[debug] dimReplacements:d3
[debug] map:(d0, d1, d2, d3) -> (0, 0, -1, d2 + d3 - 1)
expr result:0
expr result:0
expr result:-1
expr result:d2 + d3 - 1
expr result:0
expr result:0
expr result:-1
expr result:d2 + d3 - 1
expr result:0
expr result:0
expr result:-1
expr result:d2 + d3 - 1
expr result:0
expr result:0
expr result:-1
expr result:d2 + d3 - 1
ADORA.kernel {
  affine.for %arg3 = 0 to 16 {
    affine.for %arg4 = 0 to 16 {
      affine.for %arg5 = 0 to 16 {
        %4 = affine.load %0[0, %arg3, %arg4, %arg5] : memref<1x16x16x16xbf16>
        %5 = affine.for %arg6 = 0 to 3 iter_args(%arg7 = %4) -> (bf16) {
          %6 = affine.for %arg8 = 0 to 3 iter_args(%arg9 = %arg7) -> (bf16) {
            %7 = affine.load %1[0, 0, -1, %arg5 + %arg8 - 1] : memref<1x1x16x16xbf16>
            %8 = affine.load %2[%arg3, 0, %arg6, %arg8] : memref<16x1x3x3xbf16>
            %9 = arith.mulf %7, %8 : bf16
            %10 = arith.addf %arg9, %9 : bf16
            affine.yield %10 : bf16
          }
          affine.yield %6 : bf16
        }
        affine.store %5, %3[0, %arg3, %arg4, %arg5] : memref<1x16x16x16xbf16>
      }
    }
  }
  ADORA.terminator
} {KernelName = "Conv_0"}
ADORA.kernel {
  affine.for %arg3 = 0 to 16 {
    affine.for %arg4 = 0 to 16 {
      affine.for %arg5 = 0 to 16 {
        %4 = affine.load %0[0, %arg3, %arg4, %arg5] : memref<1x16x16x16xbf16>
        %5 = affine.for %arg6 = 0 to 3 iter_args(%arg7 = %4) -> (bf16) {
          %6 = affine.for %arg8 = 0 to 3 iter_args(%arg9 = %arg7) -> (bf16) {
            %7 = affine.load %1[0, 0, -1, %arg5 + %arg8 - 1] : memref<1x1x16x16xbf16>
            %8 = affine.load %2[%arg3, 0, %arg6, %arg8] : memref<16x1x3x3xbf16>
            %9 = arith.mulf %7, %8 : bf16
            %10 = arith.addf %arg9, %9 : bf16
            affine.yield %10 : bf16
          }
          affine.yield %6 : bf16
        }
        affine.store %5, %3[0, %arg3, %arg4, %arg5] : memref<1x16x16x16xbf16>
      }
    }
  }
  ADORA.terminator
} {KernelName = "Conv_0"}
ADORA.kernel {
  affine.for %arg3 = 0 to 16 {
    affine.for %arg4 = 0 to 16 {
      affine.for %arg5 = 0 to 16 {
        %4 = affine.load %0[0, %arg3, %arg4, %arg5] : memref<1x16x16x16xbf16>
        %5 = affine.for %arg6 = 0 to 3 iter_args(%arg7 = %4) -> (bf16) {
          %6 = affine.for %arg8 = 0 to 3 iter_args(%arg9 = %arg7) -> (bf16) {
            %7 = affine.load %1[0, 0, -1, %arg5 + %arg8 - 1] : memref<1x1x16x16xbf16>
            %8 = affine.load %2[%arg3, 0, %arg6, %arg8] : memref<16x1x3x3xbf16>
            %9 = arith.mulf %7, %8 : bf16
            %10 = arith.addf %arg9, %9 : bf16
            affine.yield %10 : bf16
          }
          affine.yield %6 : bf16
        }
        affine.store %5, %3[0, %arg3, %arg4, %arg5] : memref<1x16x16x16xbf16>
      }
    }
  }
  ADORA.terminator
} {KernelName = "Conv_0"}
ADORA.kernel {
  affine.for %arg3 = 0 to 16 {
    affine.for %arg4 = 0 to 16 {
      affine.for %arg5 = 0 to 16 {
        %4 = affine.load %0[0, %arg3, %arg4, %arg5] : memref<1x16x16x16xbf16>
        %5 = affine.for %arg6 = 0 to 3 iter_args(%arg7 = %4) -> (bf16) {
          %6 = affine.for %arg8 = 0 to 3 iter_args(%arg9 = %arg7) -> (bf16) {
            %7 = affine.load %1[0, 0, -1, %arg5 + %arg8 - 1] : memref<1x1x16x16xbf16>
            %8 = affine.load %2[%arg3, 0, %arg6, %arg8] : memref<16x1x3x3xbf16>
            %9 = arith.mulf %7, %8 : bf16
            %10 = arith.addf %arg9, %9 : bf16
            affine.yield %10 : bf16
          }
          affine.yield %6 : bf16
        }
        affine.store %5, %3[0, %arg3, %arg4, %arg5] : memref<1x16x16x16xbf16>
      }
    }
  }
  ADORA.terminator
} {KernelName = "Conv_0"}
ADORA.kernel {
  affine.for %arg3 = 0 to 16 {
    affine.for %arg4 = 0 to 16 {
      affine.for %arg5 = 0 to 16 {
        %4 = affine.load %0[0, %arg3, %arg4, %arg5] : memref<1x16x16x16xbf16>
        %5 = affine.for %arg6 = 0 to 3 iter_args(%arg7 = %4) -> (bf16) {
          %6 = affine.for %arg8 = 0 to 3 iter_args(%arg9 = %arg7) -> (bf16) {
            %7 = affine.load %1[0, 0, -1, %arg5 + %arg8 - 1] : memref<1x1x16x16xbf16>
            %8 = affine.load %2[%arg3, 0, %arg6, %arg8] : memref<16x1x3x3xbf16>
            %9 = arith.mulf %7, %8 : bf16
            %10 = arith.addf %arg9, %9 : bf16
            affine.yield %10 : bf16
          }
          affine.yield %6 : bf16
        }
        affine.store %5, %3[0, %arg3, %arg4, %arg5] : memref<1x16x16x16xbf16>
      }
    }
  }
  ADORA.terminator
} {KernelName = "Conv_0"}
ADORA.kernel {
  affine.for %arg3 = 0 to 16 {
    affine.for %arg4 = 0 to 16 {
      affine.for %arg5 = 0 to 16 {
        %4 = affine.load %0[0, %arg3, %arg4, %arg5] : memref<1x16x16x16xbf16>
        %5 = affine.for %arg6 = 0 to 3 iter_args(%arg7 = %4) -> (bf16) {
          %6 = affine.for %arg8 = 0 to 3 iter_args(%arg9 = %arg7) -> (bf16) {
            %7 = affine.load %1[0, 0, -1, %arg5 + %arg8 - 1] : memref<1x1x16x16xbf16>
            %8 = affine.load %2[%arg3, 0, %arg6, %arg8] : memref<16x1x3x3xbf16>
            %9 = arith.mulf %7, %8 : bf16
            %10 = arith.addf %arg9, %9 : bf16
            affine.yield %10 : bf16
          }
          affine.yield %6 : bf16
        }
        affine.store %5, %3[0, %arg3, %arg4, %arg5] : memref<1x16x16x16xbf16>
      }
    }
  }
  ADORA.terminator
} {KernelName = "Conv_0"}
ADORA.kernel {
  affine.for %arg3 = 0 to 16 {
    affine.for %arg4 = 0 to 16 {
      affine.for %arg5 = 0 to 16 {
        %4 = affine.load %0[0, %arg3, %arg4, %arg5] : memref<1x16x16x16xbf16>
        %5 = affine.for %arg6 = 0 to 3 iter_args(%arg7 = %4) -> (bf16) {
          %6 = affine.for %arg8 = 0 to 3 iter_args(%arg9 = %arg7) -> (bf16) {
            %7 = affine.load %1[0, 0, -1, %arg5 + %arg8 - 1] : memref<1x1x16x16xbf16>
            %8 = affine.load %2[%arg3, 0, %arg6, %arg8] : memref<16x1x3x3xbf16>
            %9 = arith.mulf %7, %8 : bf16
            %10 = arith.addf %arg9, %9 : bf16
            affine.yield %10 : bf16
          }
          affine.yield %6 : bf16
        }
        affine.store %5, %3[0, %arg3, %arg4, %arg5] : memref<1x16x16x16xbf16>
      }
    }
  }
  ADORA.terminator
} {KernelName = "Conv_0"}
ADORA.kernel {
  affine.for %arg3 = 0 to 16 {
    affine.for %arg4 = 0 to 16 {
      affine.for %arg5 = 0 to 16 {
        %4 = affine.load %0[0, %arg3, %arg4, %arg5] : memref<1x16x16x16xbf16>
        %5 = affine.for %arg6 = 0 to 3 iter_args(%arg7 = %4) -> (bf16) {
          %6 = affine.for %arg8 = 0 to 3 iter_args(%arg9 = %arg7) -> (bf16) {
            %7 = affine.load %1[0, 0, -1, %arg5 + %arg8 - 1] : memref<1x1x16x16xbf16>
            %8 = affine.load %2[%arg3, 0, %arg6, %arg8] : memref<16x1x3x3xbf16>
            %9 = arith.mulf %7, %8 : bf16
            %10 = arith.addf %arg9, %9 : bf16
            affine.yield %10 : bf16
          }
          affine.yield %6 : bf16
        }
        affine.store %5, %3[0, %arg3, %arg4, %arg5] : memref<1x16x16x16xbf16>
      }
    }
  }
  ADORA.terminator
} {KernelName = "Conv_0"}
ADORA.kernel {
  affine.for %arg3 = 0 to 16 {
    affine.for %arg4 = 0 to 16 {
      affine.for %arg5 = 0 to 16 {
        %4 = affine.load %0[0, %arg3, %arg4, %arg5] : memref<1x16x16x16xbf16>
        %5 = affine.for %arg6 = 0 to 3 iter_args(%arg7 = %4) -> (bf16) {
          %6 = affine.for %arg8 = 0 to 3 iter_args(%arg9 = %arg7) -> (bf16) {
            %7 = affine.load %1[0, 0, -1, %arg5 + %arg8 - 1] : memref<1x1x16x16xbf16>
            %8 = affine.load %2[%arg3, 0, %arg6, %arg8] : memref<16x1x3x3xbf16>
            %9 = arith.mulf %7, %8 : bf16
            %10 = arith.addf %arg9, %9 : bf16
            affine.yield %10 : bf16
          }
          affine.yield %6 : bf16
        }
        affine.store %5, %3[0, %arg3, %arg4, %arg5] : memref<1x16x16x16xbf16>
      }
    }
  }
  ADORA.terminator
} {KernelName = "Conv_0"}
ADORA.kernel {
  affine.for %arg3 = 0 to 16 {
    affine.for %arg4 = 0 to 16 {
      affine.for %arg5 = 0 to 16 {
        %4 = affine.load %0[0, %arg3, %arg4, %arg5] : memref<1x16x16x16xbf16>
        %5 = affine.for %arg6 = 0 to 3 iter_args(%arg7 = %4) -> (bf16) {
          %6 = affine.for %arg8 = 0 to 3 iter_args(%arg9 = %arg7) -> (bf16) {
            %7 = affine.load %1[0, 0, -1, %arg5 + %arg8 - 1] : memref<1x1x16x16xbf16>
            %8 = affine.load %2[%arg3, 0, %arg6, %arg8] : memref<16x1x3x3xbf16>
            %9 = arith.mulf %7, %8 : bf16
            %10 = arith.addf %arg9, %9 : bf16
            affine.yield %10 : bf16
          }
          affine.yield %6 : bf16
        }
        affine.store %5, %3[0, %arg3, %arg4, %arg5] : memref<1x16x16x16xbf16>
      }
    }
  }
  ADORA.terminator
} {KernelName = "Conv_0"}
ADORA.kernel {
  affine.for %arg3 = 0 to 16 {
    affine.for %arg4 = 0 to 16 {
      affine.for %arg5 = 0 to 16 {
        %4 = affine.load %0[0, %arg3, %arg4, %arg5] : memref<1x16x16x16xbf16>
        %5 = affine.for %arg6 = 0 to 3 iter_args(%arg7 = %4) -> (bf16) {
          %6 = affine.for %arg8 = 0 to 3 iter_args(%arg9 = %arg7) -> (bf16) {
            %7 = affine.load %1[0, 0, -1, %arg5 + %arg8 - 1] : memref<1x1x16x16xbf16>
            %8 = affine.load %2[%arg3, 0, %arg6, %arg8] : memref<16x1x3x3xbf16>
            %9 = arith.mulf %7, %8 : bf16
            %10 = arith.addf %arg9, %9 : bf16
            affine.yield %10 : bf16
          }
          affine.yield %6 : bf16
        }
        affine.store %5, %3[0, %arg3, %arg4, %arg5] : memref<1x16x16x16xbf16>
      }
    }
  }
  ADORA.terminator
} {KernelName = "Conv_0"}
ADORA.kernel {
  affine.for %arg3 = 0 to 16 {
    affine.for %arg4 = 0 to 16 {
      affine.for %arg5 = 0 to 16 {
        %4 = affine.load %0[0, %arg3, %arg4, %arg5] : memref<1x16x16x16xbf16>
        %5 = affine.for %arg6 = 0 to 3 iter_args(%arg7 = %4) -> (bf16) {
          %6 = affine.for %arg8 = 0 to 3 iter_args(%arg9 = %arg7) -> (bf16) {
            %7 = affine.load %1[0, 0, -1, %arg5 + %arg8 - 1] : memref<1x1x16x16xbf16>
            %8 = affine.load %2[%arg3, 0, %arg6, %arg8] : memref<16x1x3x3xbf16>
            %9 = arith.mulf %7, %8 : bf16
            %10 = arith.addf %arg9, %9 : bf16
            affine.yield %10 : bf16
          }
          affine.yield %6 : bf16
        }
        affine.store %5, %3[0, %arg3, %arg4, %arg5] : memref<1x16x16x16xbf16>
      }
    }
  }
  ADORA.terminator
} {KernelName = "Conv_0"}
ADORA.kernel {
  affine.for %arg3 = 0 to 16 {
    affine.for %arg4 = 0 to 16 {
      affine.for %arg5 = 0 to 16 {
        %4 = affine.load %0[0, %arg3, %arg4, %arg5] : memref<1x16x16x16xbf16>
        %5 = affine.for %arg6 = 0 to 3 iter_args(%arg7 = %4) -> (bf16) {
          %6 = affine.for %arg8 = 0 to 3 iter_args(%arg9 = %arg7) -> (bf16) {
            %7 = affine.load %1[0, 0, -1, %arg5 + %arg8 - 1] : memref<1x1x16x16xbf16>
            %8 = affine.load %2[%arg3, 0, %arg6, %arg8] : memref<16x1x3x3xbf16>
            %9 = arith.mulf %7, %8 : bf16
            %10 = arith.addf %arg9, %9 : bf16
            affine.yield %10 : bf16
          }
          affine.yield %6 : bf16
        }
        affine.store %5, %3[0, %arg3, %arg4, %arg5] : memref<1x16x16x16xbf16>
      }
    }
  }
  ADORA.terminator
} {KernelName = "Conv_0"}
ADORA.kernel {
  affine.for %arg3 = 0 to 16 {
    affine.for %arg4 = 0 to 16 {
      affine.for %arg5 = 0 to 16 {
        %4 = affine.load %0[0, %arg3, %arg4, %arg5] : memref<1x16x16x16xbf16>
        %5 = affine.for %arg6 = 0 to 3 iter_args(%arg7 = %4) -> (bf16) {
          %6 = affine.for %arg8 = 0 to 3 iter_args(%arg9 = %arg7) -> (bf16) {
            %7 = affine.load %1[0, 0, -1, %arg5 + %arg8 - 1] : memref<1x1x16x16xbf16>
            %8 = affine.load %2[%arg3, 0, %arg6, %arg8] : memref<16x1x3x3xbf16>
            %9 = arith.mulf %7, %8 : bf16
            %10 = arith.addf %arg9, %9 : bf16
            affine.yield %10 : bf16
          }
          affine.yield %6 : bf16
        }
        affine.store %5, %3[0, %arg3, %arg4, %arg5] : memref<1x16x16x16xbf16>
      }
    }
  }
  ADORA.terminator
} {KernelName = "Conv_0"}
ADORA.kernel {
  affine.for %arg3 = 0 to 16 {
    affine.for %arg4 = 0 to 16 {
      affine.for %arg5 = 0 to 16 {
        %4 = affine.load %0[0, %arg3, %arg4, %arg5] : memref<1x16x16x16xbf16>
        %5 = affine.for %arg6 = 0 to 3 iter_args(%arg7 = %4) -> (bf16) {
          %6 = affine.for %arg8 = 0 to 3 iter_args(%arg9 = %arg7) -> (bf16) {
            %7 = affine.load %1[0, 0, -1, %arg5 + %arg8 - 1] : memref<1x1x16x16xbf16>
            %8 = affine.load %2[%arg3, 0, %arg6, %arg8] : memref<16x1x3x3xbf16>
            %9 = arith.mulf %7, %8 : bf16
            %10 = arith.addf %arg9, %9 : bf16
            affine.yield %10 : bf16
          }
          affine.yield %6 : bf16
        }
        affine.store %5, %3[0, %arg3, %arg4, %arg5] : memref<1x16x16x16xbf16>
      }
    }
  }
  ADORA.terminator
} {KernelName = "Conv_0"}
ADORA.kernel {
  affine.for %arg3 = 0 to 16 {
    affine.for %arg4 = 0 to 16 {
      affine.for %arg5 = 0 to 16 {
        %4 = affine.load %0[0, %arg3, %arg4, %arg5] : memref<1x16x16x16xbf16>
        %5 = affine.for %arg6 = 0 to 3 iter_args(%arg7 = %4) -> (bf16) {
          %6 = affine.for %arg8 = 0 to 3 iter_args(%arg9 = %arg7) -> (bf16) {
            %7 = affine.load %1[0, 0, -1, %arg5 + %arg8 - 1] : memref<1x1x16x16xbf16>
            %8 = affine.load %2[%arg3, 0, %arg6, %arg8] : memref<16x1x3x3xbf16>
            %9 = arith.mulf %7, %8 : bf16
            %10 = arith.addf %arg9, %9 : bf16
            affine.yield %10 : bf16
          }
          affine.yield %6 : bf16
        }
        affine.store %5, %3[0, %arg3, %arg4, %arg5] : memref<1x16x16x16xbf16>
      }
    }
  }
  ADORA.terminator
} {KernelName = "Conv_0"}
ADORA.kernel {
  affine.for %arg3 = 0 to 16 {
    affine.for %arg4 = 0 to 16 {
      affine.for %arg5 = 0 to 16 {
        %4 = affine.load %0[0, %arg3, %arg4, %arg5] : memref<1x16x16x16xbf16>
        %5 = affine.for %arg6 = 0 to 3 iter_args(%arg7 = %4) -> (bf16) {
          %6 = affine.for %arg8 = 0 to 3 iter_args(%arg9 = %arg7) -> (bf16) {
            %7 = affine.load %1[0, 0, -1, %arg5 + %arg8 - 1] : memref<1x1x16x16xbf16>
            %8 = affine.load %2[%arg3, 0, %arg6, %arg8] : memref<16x1x3x3xbf16>
            %9 = arith.mulf %7, %8 : bf16
            %10 = arith.addf %arg9, %9 : bf16
            affine.yield %10 : bf16
          }
          affine.yield %6 : bf16
        }
        affine.store %5, %3[0, %arg3, %arg4, %arg5] : memref<1x16x16x16xbf16>
      }
    }
  }
  ADORA.terminator
} {KernelName = "Conv_0"}
IV:
%6 = affine.for %arg8 = 0 to 3 iter_args(%arg9 = %arg7) -> (bf16) {
  %7 = affine.load %1[0, 0, -1, %arg5 + %arg8 - 1] : memref<1x1x16x16xbf16>
  %8 = affine.load %2[%arg3, 0, %arg6, %arg8] : memref<16x1x3x3xbf16>
  %9 = arith.mulf %7, %8 : bf16
  %10 = arith.addf %arg9, %9 : bf16
  affine.yield %10 : bf16
}
%5 = affine.for %arg6 = 0 to 3 iter_args(%arg7 = %4) -> (bf16) {
  %6 = affine.for %arg8 = 0 to 3 iter_args(%arg9 = %arg7) -> (bf16) {
    %7 = affine.load %1[0, 0, -1, %arg5 + %arg8 - 1] : memref<1x1x16x16xbf16>
    %8 = affine.load %2[%arg3, 0, %arg6, %arg8] : memref<16x1x3x3xbf16>
    %9 = arith.mulf %7, %8 : bf16
    %10 = arith.addf %arg9, %9 : bf16
    affine.yield %10 : bf16
  }
  affine.yield %6 : bf16
}
affine.for %arg5 = 0 to 16 {
  %4 = affine.load %0[0, %arg3, %arg4, %arg5] : memref<1x16x16x16xbf16>
  %5 = affine.for %arg6 = 0 to 3 iter_args(%arg7 = %4) -> (bf16) {
    %6 = affine.for %arg8 = 0 to 3 iter_args(%arg9 = %arg7) -> (bf16) {
      %7 = affine.load %1[0, 0, -1, %arg5 + %arg8 - 1] : memref<1x1x16x16xbf16>
      %8 = affine.load %2[%arg3, 0, %arg6, %arg8] : memref<16x1x3x3xbf16>
      %9 = arith.mulf %7, %8 : bf16
      %10 = arith.addf %arg9, %9 : bf16
      affine.yield %10 : bf16
    }
    affine.yield %6 : bf16
  }
  affine.store %5, %3[0, %arg3, %arg4, %arg5] : memref<1x16x16x16xbf16>
}
affine.for %arg4 = 0 to 16 {
  affine.for %arg5 = 0 to 16 {
    %4 = affine.load %0[0, %arg3, %arg4, %arg5] : memref<1x16x16x16xbf16>
    %5 = affine.for %arg6 = 0 to 3 iter_args(%arg7 = %4) -> (bf16) {
      %6 = affine.for %arg8 = 0 to 3 iter_args(%arg9 = %arg7) -> (bf16) {
        %7 = affine.load %1[0, 0, -1, %arg5 + %arg8 - 1] : memref<1x1x16x16xbf16>
        %8 = affine.load %2[%arg3, 0, %arg6, %arg8] : memref<16x1x3x3xbf16>
        %9 = arith.mulf %7, %8 : bf16
        %10 = arith.addf %arg9, %9 : bf16
        affine.yield %10 : bf16
      }
      affine.yield %6 : bf16
    }
    affine.store %5, %3[0, %arg3, %arg4, %arg5] : memref<1x16x16x16xbf16>
  }
}
affine.for %arg3 = 0 to 16 {
  affine.for %arg4 = 0 to 16 {
    affine.for %arg5 = 0 to 16 {
      %4 = affine.load %0[0, %arg3, %arg4, %arg5] : memref<1x16x16x16xbf16>
      %5 = affine.for %arg6 = 0 to 3 iter_args(%arg7 = %4) -> (bf16) {
        %6 = affine.for %arg8 = 0 to 3 iter_args(%arg9 = %arg7) -> (bf16) {
          %7 = affine.load %1[0, 0, -1, %arg5 + %arg8 - 1] : memref<1x1x16x16xbf16>
          %8 = affine.load %2[%arg3, 0, %arg6, %arg8] : memref<16x1x3x3xbf16>
          %9 = arith.mulf %7, %8 : bf16
          %10 = arith.addf %arg9, %9 : bf16
          affine.yield %10 : bf16
        }
        affine.yield %6 : bf16
      }
      affine.store %5, %3[0, %arg3, %arg4, %arg5] : memref<1x16x16x16xbf16>
    }
  }
}
affine.for %arg3 = 0 to 16 {
  affine.for %arg4 = 0 to 16 {
    affine.for %arg5 = 0 to 16 {
      %4 = affine.load %0[0, %arg3, %arg4, %arg5] : memref<1x16x16x16xbf16>
      %5 = affine.for %arg6 = 0 to 3 iter_args(%arg7 = %4) -> (bf16) {
        %6 = affine.for %arg8 = 0 to 3 iter_args(%arg9 = %arg7) -> (bf16) {
          %7 = affine.load %1[0, 0, -1, %arg5 + %arg8 - 1] : memref<1x1x16x16xbf16>
          %8 = affine.load %2[%arg3, 0, %arg6, %arg8] : memref<16x1x3x3xbf16>
          %9 = arith.mulf %7, %8 : bf16
          %10 = arith.addf %arg9, %9 : bf16
          affine.yield %10 : bf16
        }
        affine.yield %6 : bf16
      }
      affine.store %5, %3[0, %arg3, %arg4, %arg5] : memref<1x16x16x16xbf16>
    }
  }
}
    4: perfect, innermost
   3: imperfect
  2: perfect
 1: perfect
0: outermost
//-----------  Design Space  ----------//
Loop-nested structure:
    4: perfect, innermost
   3: imperfect
  2: perfect
 1: perfect
0: outermost
Design Space:
1 1 1 1 1 
3 1 1 1 1 
3 3 1 1 1 
//-------------------------------------//
%6 = affine.for %arg8 = 0 to 3 iter_args(%arg9 = %arg7) -> (bf16) {
  %7 = affine.load %1[0, 0, -1, %arg5 + %arg8 - 1] : memref<1x1x16x16xbf16>
  %8 = affine.load %2[%arg3, 0, %arg6, %arg8] : memref<16x1x3x3xbf16>
  %9 = arith.mulf %7, %8 : bf16
  %10 = arith.addf %arg9, %9 : bf16
  affine.yield %10 : bf16
}
%5 = affine.for %arg6 = 0 to 3 iter_args(%arg7 = %4) -> (bf16) {
  %6 = affine.for %arg8 = 0 to 3 iter_args(%arg9 = %arg7) -> (bf16) {
    %7 = affine.load %1[0, 0, -1, %arg5 + %arg8 - 1] : memref<1x1x16x16xbf16>
    %8 = affine.load %2[%arg3, 0, %arg6, %arg8] : memref<16x1x3x3xbf16>
    %9 = arith.mulf %7, %8 : bf16
    %10 = arith.addf %arg9, %9 : bf16
    affine.yield %10 : bf16
  }
  affine.yield %6 : bf16
}
affine.for %arg5 = 0 to 16 {
  %4 = affine.load %0[0, %arg3, %arg4, %arg5] : memref<1x16x16x16xbf16>
  %5 = affine.for %arg6 = 0 to 3 iter_args(%arg7 = %4) -> (bf16) {
    %6 = affine.for %arg8 = 0 to 3 iter_args(%arg9 = %arg7) -> (bf16) {
      %7 = affine.load %1[0, 0, -1, %arg5 + %arg8 - 1] : memref<1x1x16x16xbf16>
      %8 = affine.load %2[%arg3, 0, %arg6, %arg8] : memref<16x1x3x3xbf16>
      %9 = arith.mulf %7, %8 : bf16
      %10 = arith.addf %arg9, %9 : bf16
      affine.yield %10 : bf16
    }
    affine.yield %6 : bf16
  }
  affine.store %5, %3[0, %arg3, %arg4, %arg5] : memref<1x16x16x16xbf16>
}
affine.for %arg4 = 0 to 16 {
  affine.for %arg5 = 0 to 16 {
    %4 = affine.load %0[0, %arg3, %arg4, %arg5] : memref<1x16x16x16xbf16>
    %5 = affine.for %arg6 = 0 to 3 iter_args(%arg7 = %4) -> (bf16) {
      %6 = affine.for %arg8 = 0 to 3 iter_args(%arg9 = %arg7) -> (bf16) {
        %7 = affine.load %1[0, 0, -1, %arg5 + %arg8 - 1] : memref<1x1x16x16xbf16>
        %8 = affine.load %2[%arg3, 0, %arg6, %arg8] : memref<16x1x3x3xbf16>
        %9 = arith.mulf %7, %8 : bf16
        %10 = arith.addf %arg9, %9 : bf16
        affine.yield %10 : bf16
      }
      affine.yield %6 : bf16
    }
    affine.store %5, %3[0, %arg3, %arg4, %arg5] : memref<1x16x16x16xbf16>
  }
}
affine.for %arg3 = 0 to 16 {
  affine.for %arg4 = 0 to 16 {
    affine.for %arg5 = 0 to 16 {
      %4 = affine.load %0[0, %arg3, %arg4, %arg5] : memref<1x16x16x16xbf16>
      %5 = affine.for %arg6 = 0 to 3 iter_args(%arg7 = %4) -> (bf16) {
        %6 = affine.for %arg8 = 0 to 3 iter_args(%arg9 = %arg7) -> (bf16) {
          %7 = affine.load %1[0, 0, -1, %arg5 + %arg8 - 1] : memref<1x1x16x16xbf16>
          %8 = affine.load %2[%arg3, 0, %arg6, %arg8] : memref<16x1x3x3xbf16>
          %9 = arith.mulf %7, %8 : bf16
          %10 = arith.addf %arg9, %9 : bf16
          affine.yield %10 : bf16
        }
        affine.yield %6 : bf16
      }
      affine.store %5, %3[0, %arg3, %arg4, %arg5] : memref<1x16x16x16xbf16>
    }
  }
}
affine.for %arg3 = 0 to 16 {
  affine.for %arg4 = 0 to 16 {
    affine.for %arg5 = 0 to 16 {
      %4 = affine.load %0[0, %arg3, %arg4, %arg5] : memref<1x16x16x16xbf16>
      %5 = affine.for %arg6 = 0 to 3 iter_args(%arg7 = %4) -> (bf16) {
        %6 = affine.for %arg8 = 0 to 3 iter_args(%arg9 = %arg7) -> (bf16) {
          %7 = affine.load %1[0, 0, -1, %arg5 + %arg8 - 1] : memref<1x1x16x16xbf16>
          %8 = affine.load %2[%arg3, 0, %arg6, %arg8] : memref<16x1x3x3xbf16>
          %9 = arith.mulf %7, %8 : bf16
          %10 = arith.addf %arg9, %9 : bf16
          affine.yield %10 : bf16
        }
        affine.yield %6 : bf16
      }
      affine.store %5, %3[0, %arg3, %arg4, %arg5] : memref<1x16x16x16xbf16>
    }
  }
}
    4: perfect, innermost
   3: imperfect
  2: perfect
 1: perfect
0: outermost
%6 = affine.for %arg8 = 0 to 3 iter_args(%arg9 = %arg7) -> (bf16) {
  %7 = affine.load %1[0, 0, -1, %arg5 + %arg8 - 1] : memref<1x1x16x16xbf16>
  %8 = affine.load %2[%arg3, 0, %arg6, %arg8] : memref<16x1x3x3xbf16>
  %9 = arith.mulf %7, %8 : bf16
  %10 = arith.addf %arg9, %9 : bf16
  affine.yield %10 : bf16
}
%5 = affine.for %arg6 = 0 to 3 iter_args(%arg7 = %4) -> (bf16) {
  %6 = affine.for %arg8 = 0 to 3 iter_args(%arg9 = %arg7) -> (bf16) {
    %7 = affine.load %1[0, 0, -1, %arg5 + %arg8 - 1] : memref<1x1x16x16xbf16>
    %8 = affine.load %2[%arg3, 0, %arg6, %arg8] : memref<16x1x3x3xbf16>
    %9 = arith.mulf %7, %8 : bf16
    %10 = arith.addf %arg9, %9 : bf16
    affine.yield %10 : bf16
  }
  affine.yield %6 : bf16
}
affine.for %arg5 = 0 to 16 {
  %4 = affine.load %0[0, %arg3, %arg4, %arg5] : memref<1x16x16x16xbf16>
  %5 = affine.for %arg6 = 0 to 3 iter_args(%arg7 = %4) -> (bf16) {
    %6 = affine.for %arg8 = 0 to 3 iter_args(%arg9 = %arg7) -> (bf16) {
      %7 = affine.load %1[0, 0, -1, %arg5 + %arg8 - 1] : memref<1x1x16x16xbf16>
      %8 = affine.load %2[%arg3, 0, %arg6, %arg8] : memref<16x1x3x3xbf16>
      %9 = arith.mulf %7, %8 : bf16
      %10 = arith.addf %arg9, %9 : bf16
      affine.yield %10 : bf16
    }
    affine.yield %6 : bf16
  }
  affine.store %5, %3[0, %arg3, %arg4, %arg5] : memref<1x16x16x16xbf16>
}
affine.for %arg4 = 0 to 16 {
  affine.for %arg5 = 0 to 16 {
    %4 = affine.load %0[0, %arg3, %arg4, %arg5] : memref<1x16x16x16xbf16>
    %5 = affine.for %arg6 = 0 to 3 iter_args(%arg7 = %4) -> (bf16) {
      %6 = affine.for %arg8 = 0 to 3 iter_args(%arg9 = %arg7) -> (bf16) {
        %7 = affine.load %1[0, 0, -1, %arg5 + %arg8 - 1] : memref<1x1x16x16xbf16>
        %8 = affine.load %2[%arg3, 0, %arg6, %arg8] : memref<16x1x3x3xbf16>
        %9 = arith.mulf %7, %8 : bf16
        %10 = arith.addf %arg9, %9 : bf16
        affine.yield %10 : bf16
      }
      affine.yield %6 : bf16
    }
    affine.store %5, %3[0, %arg3, %arg4, %arg5] : memref<1x16x16x16xbf16>
  }
}
affine.for %arg3 = 0 to 16 {
  affine.for %arg4 = 0 to 16 {
    affine.for %arg5 = 0 to 16 {
      %4 = affine.load %0[0, %arg3, %arg4, %arg5] : memref<1x16x16x16xbf16>
      %5 = affine.for %arg6 = 0 to 3 iter_args(%arg7 = %4) -> (bf16) {
        %6 = affine.for %arg8 = 0 to 3 iter_args(%arg9 = %arg7) -> (bf16) {
          %7 = affine.load %1[0, 0, -1, %arg5 + %arg8 - 1] : memref<1x1x16x16xbf16>
          %8 = affine.load %2[%arg3, 0, %arg6, %arg8] : memref<16x1x3x3xbf16>
          %9 = arith.mulf %7, %8 : bf16
          %10 = arith.addf %arg9, %9 : bf16
          affine.yield %10 : bf16
        }
        affine.yield %6 : bf16
      }
      affine.store %5, %3[0, %arg3, %arg4, %arg5] : memref<1x16x16x16xbf16>
    }
  }
}
module {
  func.func @main_graph(%arg0: memref<1x1x16x16xbf16>, %arg1: memref<16x1x3x3xbf16>, %arg2: memref<16xbf16>) -> memref<1x16x16x16xbf16> attributes {llvm.emit_c_interface, onnxEntryPoint} {
    %0 = call @Conv_0(%arg0, %arg1, %arg2) : (memref<1x1x16x16xbf16>, memref<16x1x3x3xbf16>, memref<16xbf16>) -> memref<1x16x16x16xbf16>
    return %0 : memref<1x16x16x16xbf16>
  }
  func.func @Conv_0(%arg0: memref<1x1x16x16xbf16>, %arg1: memref<16x1x3x3xbf16>, %arg2: memref<16xbf16>) -> memref<1x16x16x16xbf16> attributes {adora_kernel, llvm.emit_c_interface} {
    %alloc = memref.alloc() : memref<1x16x16x16xbf16>
    %0 = ADORA.BlockLoad %alloc [0, 0, 0, 0] : memref<1x16x16x16xbf16> -> memref<1x16x16x16xbf16>  {Id = "0", KernelName = "Conv_0"}
    %1 = ADORA.BlockLoad %arg0 [0, 0, 0, 0] : memref<1x1x16x16xbf16> -> memref<1x1x16x16xbf16>  {Id = "1", KernelName = "Conv_0"}
    %2 = ADORA.BlockLoad %arg1 [0, 0, 0, 0] : memref<16x1x3x3xbf16> -> memref<16x1x3x3xbf16>  {Id = "2", KernelName = "Conv_0"}
    %3 = ADORA.LocalMemAlloc memref<1x16x16x16xbf16>  {Id = "3", KernelName = "Conv_0"}
    ADORA.kernel {
      affine.for %arg3 = 0 to 16 {
        affine.for %arg4 = 0 to 16 {
          affine.for %arg5 = 0 to 16 {
            %4 = affine.load %0[0, %arg3, %arg4, %arg5] : memref<1x16x16x16xbf16>
            %5 = affine.for %arg6 = 0 to 3 iter_args(%arg7 = %4) -> (bf16) {
              %6 = affine.for %arg8 = 0 to 3 iter_args(%arg9 = %arg7) -> (bf16) {
                %7 = affine.load %1[0, 0, -1, %arg5 + %arg8 - 1] : memref<1x1x16x16xbf16>
                %8 = affine.load %2[%arg3, 0, %arg6, %arg8] : memref<16x1x3x3xbf16>
                %9 = arith.mulf %7, %8 : bf16
                %10 = arith.addf %arg9, %9 : bf16
                affine.yield %10 : bf16
              }
              affine.yield %6 : bf16
            }
            affine.store %5, %3[0, %arg3, %arg4, %arg5] : memref<1x16x16x16xbf16>
          }
        }
      }
      ADORA.terminator
    } {KernelName = "Conv_0"}
    ADORA.BlockStore %3, %alloc [0, 0, 0, 0] : memref<1x16x16x16xbf16> -> memref<1x16x16x16xbf16>  {Id = "3", KernelName = "Conv_0"}
    return %alloc : memref<1x16x16x16xbf16>
  }
}
^bb0(%arg5: index):
  %4 = affine.load %0[0, %arg3, %arg4, %arg5] : memref<1x16x16x16xbf16>
  %5 = affine.for %arg6 = 0 to 3 iter_args(%arg7 = %4) -> (bf16) {
    %6 = affine.for %arg8 = 0 to 3 iter_args(%arg9 = %arg7) -> (bf16) {
      %7 = affine.load %1[0, 0, -1, %arg5 + %arg8 - 1] : memref<1x1x16x16xbf16>
      %8 = affine.load %2[%arg3, 0, %arg6, %arg8] : memref<16x1x3x3xbf16>
      %9 = arith.mulf %7, %8 : bf16
      %10 = arith.addf %arg9, %9 : bf16
      affine.yield %10 : bf16
    }
    affine.yield %6 : bf16
  }
  affine.store %5, %3[0, %arg3, %arg4, %arg5] : memref<1x16x16x16xbf16>
  affine.yield
^bb0(%arg8: index, %arg9: bf16):
  %7 = affine.load %1[0, 0, -1, %arg5 + %arg8 - 1] : memref<1x1x16x16xbf16>
  %8 = affine.load %2[%arg3, 0, %arg6, %arg8] : memref<16x1x3x3xbf16>
  %9 = arith.mulf %7, %8 : bf16
  %10 = arith.addf %arg9, %9 : bf16
  affine.yield %10 : bf16
^bb0(%arg8: index, %arg9: bf16):
  %7 = affine.load %1[0, 0, -1, %arg5 + %arg8 - 1] : memref<1x1x16x16xbf16>
  %8 = affine.load %2[%arg3, 0, %arg6, %arg8] : memref<16x1x3x3xbf16>
  %9 = arith.mulf %7, %8 : bf16
  %10 = arith.addf %arg9, %9 : bf16
  affine.yield %10 : bf16
affine.store %5, %3[0, %arg3, %arg4, %arg5] : memref<1x16x16x16xbf16>
^bb0(%arg5: index):
  %4 = affine.load %0[0, %arg3, %arg4, %arg5] : memref<1x16x16x16xbf16>
  %5 = affine.for %arg6 = 0 to 3 iter_args(%arg7 = %4) -> (bf16) {
    %6 = affine.for %arg8 = 0 to 3 iter_args(%arg9 = %arg7) -> (bf16) {
      %7 = affine.load %1[0, 0, -1, %arg5 + %arg8 - 1] : memref<1x1x16x16xbf16>
      %8 = affine.load %2[%arg3, 0, %arg6, %arg8] : memref<16x1x3x3xbf16>
      %9 = arith.mulf %7, %8 : bf16
      %10 = arith.addf %arg9, %9 : bf16
      affine.yield %10 : bf16
    }
    affine.yield %6 : bf16
  }
  affine.store %5, %3[0, %arg3, %arg4, %arg5] : memref<1x16x16x16xbf16>
  affine.yield
module {
  func.func @main_graph(%arg0: memref<1x1x16x16xbf16>, %arg1: memref<16x1x3x3xbf16>, %arg2: memref<16xbf16>) -> memref<1x16x16x16xbf16> attributes {llvm.emit_c_interface, onnxEntryPoint} {
    %0 = call @Conv_0(%arg0, %arg1, %arg2) : (memref<1x1x16x16xbf16>, memref<16x1x3x3xbf16>, memref<16xbf16>) -> memref<1x16x16x16xbf16>
    return %0 : memref<1x16x16x16xbf16>
  }
  func.func @Conv_0(%arg0: memref<1x1x16x16xbf16>, %arg1: memref<16x1x3x3xbf16>, %arg2: memref<16xbf16>) -> memref<1x16x16x16xbf16> attributes {adora_kernel, llvm.emit_c_interface} {
    %alloc = memref.alloc() : memref<1x16x16x16xbf16>
    %0 = ADORA.BlockLoad %alloc [0, 0, 0, 0] : memref<1x16x16x16xbf16> -> memref<1x16x16x16xbf16>  {Id = "0", KernelName = "Conv_0"}
    %1 = ADORA.BlockLoad %arg0 [0, 0, 0, 0] : memref<1x1x16x16xbf16> -> memref<1x1x16x16xbf16>  {Id = "1", KernelName = "Conv_0"}
    %2 = ADORA.BlockLoad %arg1 [0, 0, 0, 0] : memref<16x1x3x3xbf16> -> memref<16x1x3x3xbf16>  {Id = "2", KernelName = "Conv_0"}
    %3 = ADORA.LocalMemAlloc memref<1x16x16x16xbf16>  {Id = "3", KernelName = "Conv_0"}
    ADORA.kernel {
      affine.for %arg3 = 0 to 16 {
        affine.for %arg4 = 0 to 16 {
          affine.for %arg5 = 0 to 16 {
            %4 = affine.load %0[0, %arg3, %arg4, %arg5] : memref<1x16x16x16xbf16>
            %5 = affine.for %arg6 = 0 to 3 iter_args(%arg7 = %4) -> (bf16) {
              %6 = affine.for %arg8 = 0 to 3 iter_args(%arg9 = %arg7) -> (bf16) {
                %7 = affine.load %1[0, 0, -1, %arg5 + %arg8 - 1] : memref<1x1x16x16xbf16>
                %8 = affine.load %2[%arg3, 0, %arg6, %arg8] : memref<16x1x3x3xbf16>
                %9 = arith.mulf %7, %8 : bf16
                %10 = arith.addf %arg9, %9 : bf16
                affine.yield %10 : bf16
              }
              affine.yield %6 : bf16
            }
            affine.store %5, %3[0, %arg3, %arg4, %arg5] : memref<1x16x16x16xbf16>
          }
        }
      }
      ADORA.terminator
    } {KernelName = "Conv_0"}
    ADORA.BlockStore %3, %alloc [0, 0, 0, 0] : memref<1x16x16x16xbf16> -> memref<1x16x16x16xbf16>  {Id = "3", KernelName = "Conv_0"}
    return %alloc : memref<1x16x16x16xbf16>
  }
}
Environment variable " GENERAL_OP_NAME_ENV " is not set.
Using " GENERAL_OP_NAME_ENV " = "/home/jhlou/CGRVOPT/cgra-opt/lib/DFG/Documents/GeneralOpName.txt"
%6 = affine.for %arg8 = 0 to 3 iter_args(%arg9 = %arg7) -> (bf16) {
  %7 = affine.load %1[0, 0, -1, %arg5 + %arg8 - 1] : memref<1x1x16x16xbf16>
  %8 = affine.load %2[%arg3, 0, %arg6, %arg8] : memref<16x1x3x3xbf16>
  %9 = arith.mulf %7, %8 : bf16
  %10 = arith.addf %arg9, %9 : bf16
  affine.yield %10 : bf16
}
%10 = arith.addf %arg9, %9 : bf16
%6 = affine.for %arg8 = 0 to 3 iter_args(%arg9 = %arg7) -> (bf16) {
  %7 = affine.load %1[0, 0, -1, %arg5 + %arg8 - 1] : memref<1x1x16x16xbf16>
  %8 = affine.load %2[%arg3, 0, %arg6, %arg8] : memref<16x1x3x3xbf16>
  %9 = arith.mulf %7, %8 : bf16
  %10 = arith.addf %arg9, %9 : bf16
  affine.yield %10 : bf16
}
affine.yield %10 : bf16
%7 = affine.for %arg8 = 0 to 3 iter_args(%arg9 = %arg7) -> (bf16) {
  %8 = affine.load %1[0, 0, -1, %arg5 + %arg8 - 1] : memref<1x1x16x16xbf16>
  %9 = affine.load %2[%arg3, 0, %arg6, %arg8] : memref<16x1x3x3xbf16>
  %10 = arith.mulf %8, %9 : bf16
  %11 = arith.addf %arg9, %10 : bf16
  affine.yield %11 : bf16
}
%11 = arith.addf %arg9, %10 : bf16
%7 = affine.for %arg8 = 0 to 3 iter_args(%arg9 = %arg7) -> (bf16) {
  %8 = affine.load %1[0, 0, -1, %arg5 + %arg8 - 1] : memref<1x1x16x16xbf16>
  %9 = affine.load %2[%arg3, 0, %arg6, %arg8] : memref<16x1x3x3xbf16>
  %10 = arith.mulf %8, %9 : bf16
  %11 = arith.addf %arg9, %10 : bf16
  affine.yield %11 : bf16
}
affine.yield %11 : bf16
%11 = arith.addf %arg9, %10 : bf16
%5 = affine.for %arg6 = 0 to 3 iter_args(%arg7 = %cst) -> (bf16) {
  %7 = affine.for %arg8 = 0 to 3 iter_args(%arg9 = %arg7) -> (bf16) {
    %8 = affine.load %1[0, 0, -1, %arg5 + %arg8 - 1] : memref<1x1x16x16xbf16>
    %9 = affine.load %2[%arg3, 0, %arg6, %arg8] : memref<16x1x3x3xbf16>
    %10 = arith.mulf %8, %9 : bf16
    %11 = arith.addf %10, %arg9 : bf16
    affine.yield %11 : bf16
  }
  affine.yield %7 : bf16
}
%7 = affine.for %arg8 = 0 to 3 iter_args(%arg9 = %arg7) -> (bf16) {
  %8 = affine.load %1[0, 0, -1, %arg5 + %arg8 - 1] : memref<1x1x16x16xbf16>
  %9 = affine.load %2[%arg3, 0, %arg6, %arg8] : memref<16x1x3x3xbf16>
  %10 = arith.mulf %8, %9 : bf16
  %11 = arith.addf %10, %arg9 : bf16
  affine.yield %11 : bf16
}
<block argument> of type 'bf16' at index: 1
%7 = affine.for %arg8 = 0 to 3 iter_args(%arg9 = %arg7) -> (bf16) {
  %8 = affine.load %1[0, 0, -1, %arg5 + %arg8 - 1] : memref<1x1x16x16xbf16>
  %9 = affine.load %2[%arg3, 0, %arg6, %arg8] : memref<16x1x3x3xbf16>
  %10 = arith.mulf %8, %9 : bf16
  %11 = arith.addf %10, %arg9 : bf16
  affine.yield %11 : bf16
}
%11 = arith.addf %10, %arg9 : bf16
%7 = affine.for %arg8 = 0 to 3 iter_args(%arg9 = %arg7) -> (bf16) {
  %8 = affine.load %1[0, 0, -1, %arg5 + %arg8 - 1] : memref<1x1x16x16xbf16>
  %9 = affine.load %2[%arg3, 0, %arg6, %arg8] : memref<16x1x3x3xbf16>
  %10 = arith.mulf %8, %9 : bf16
  %11 = arith.addf %10, %arg9 : bf16
  affine.yield %11 : bf16
}
affine.yield %11 : bf16
%7 = affine.for %arg8 = 0 to 3 iter_args(%arg9 = %arg7) -> (bf16) {
  %8 = affine.load %1[0, 0, -1, %arg5 + %arg8 - 1] : memref<1x1x16x16xbf16>
  %9 = affine.load %2[%arg3, 0, %arg6, %arg8] : memref<16x1x3x3xbf16>
  %10 = arith.mulf %8, %9 : bf16
  %11 = arith.addf %10, %arg9 : bf16
  affine.yield %11 : bf16
}
%7 = affine.for %arg8 = 0 to 3 iter_args(%arg9 = %arg7) -> (bf16) {
  %8 = affine.load %1[0, 0, -1, %arg5 + %arg8 - 1] : memref<1x1x16x16xbf16>
  %9 = affine.load %2[%arg3, 0, %arg6, %arg8] : memref<16x1x3x3xbf16>
  %10 = arith.mulf %8, %9 : bf16
  %11 = arith.addf %10, %arg9 : bf16
  affine.yield %11 : bf16
}
%11 = arith.addf %10, %arg9 : bf16
%7 = affine.for %arg8 = 0 to 3 iter_args(%arg9 = %arg7) -> (bf16) {
  %8 = affine.load %1[0, 0, -1, %arg5 + %arg8 - 1] : memref<1x1x16x16xbf16>
  %9 = affine.load %2[%arg3, 0, %arg6, %arg8] : memref<16x1x3x3xbf16>
  %10 = arith.mulf %8, %9 : bf16
  %11 = arith.addf %10, %arg9 : bf16
  affine.yield %11 : bf16
}
%11 = arith.addf %10, %arg9 : bf16
%7 = affine.for %arg8 = 0 to 3 iter_args(%arg9 = %arg7) -> (bf16) {
  %8 = affine.load %1[0, 0, -1, %arg5 + %arg8 - 1] : memref<1x1x16x16xbf16>
  %9 = affine.load %2[%arg3, 0, %arg6, %arg8] : memref<16x1x3x3xbf16>
  %10 = arith.mulf %8, %9 : bf16
  %11 = arith.addf %10, %arg9 : bf16
  affine.yield %11 : bf16
}
affine.yield %11 : bf16
%5 = affine.for %arg6 = 0 to 3 iter_args(%arg7 = %cst) -> (bf16) {
  %7 = affine.for %arg8 = 0 to 3 iter_args(%arg9 = %arg7) -> (bf16) {
    %8 = affine.load %1[0, 0, -1, %arg5 + %arg8 - 1] : memref<1x1x16x16xbf16>
    %9 = affine.load %2[%arg3, 0, %arg6, %arg8] : memref<16x1x3x3xbf16>
    %10 = arith.mulf %8, %9 : bf16
    %11 = arith.addf %10, %arg9 : bf16
    affine.yield %11 : bf16
  }
  affine.yield %7 : bf16
}
%7 = affine.for %arg8 = 0 to 3 iter_args(%arg9 = %arg7) -> (bf16) {
  %8 = affine.load %1[0, 0, -1, %arg5 + %arg8 - 1] : memref<1x1x16x16xbf16>
  %9 = affine.load %2[%arg3, 0, %arg6, %arg8] : memref<16x1x3x3xbf16>
  %10 = arith.mulf %8, %9 : bf16
  %11 = arith.addf %10, %arg9 : bf16
  affine.yield %11 : bf16
}
<block argument> of type 'bf16' at index: 1
%7 = affine.for %arg8 = 0 to 3 iter_args(%arg9 = %arg7) -> (bf16) {
  %8 = affine.load %1[0, 0, -1, %arg5 + %arg8 - 1] : memref<1x1x16x16xbf16>
  %9 = affine.load %2[%arg3, 0, %arg6, %arg8] : memref<16x1x3x3xbf16>
  %10 = arith.mulf %8, %9 : bf16
  %11 = arith.addf %10, %arg9 : bf16
  affine.yield %11 : bf16
}
%11 = arith.addf %10, %arg9 : bf16
%5 = affine.for %arg6 = 0 to 3 iter_args(%arg7 = %cst) -> (bf16) {
  %7 = affine.for %arg8 = 0 to 3 iter_args(%arg9 = %arg7) -> (bf16) {
    %8 = affine.load %1[0, 0, -1, %arg5 + %arg8 - 1] : memref<1x1x16x16xbf16>
    %9 = affine.load %2[%arg3, 0, %arg6, %arg8] : memref<16x1x3x3xbf16>
    %10 = arith.mulf %8, %9 : bf16
    %11 = arith.addf %10, %arg9 : bf16
    affine.yield %11 : bf16
  }
  affine.yield %7 : bf16
}
%7 = affine.for %arg8 = 0 to 3 iter_args(%arg9 = %arg7) -> (bf16) {
  %8 = affine.load %1[0, 0, -1, %arg5 + %arg8 - 1] : memref<1x1x16x16xbf16>
  %9 = affine.load %2[%arg3, 0, %arg6, %arg8] : memref<16x1x3x3xbf16>
  %10 = arith.mulf %8, %9 : bf16
  %11 = arith.addf %10, %arg9 : bf16
  affine.yield %11 : bf16
}
<block argument> of type 'bf16' at index: 1
%7 = affine.for %arg8 = 0 to 3 iter_args(%arg9 = %arg7) -> (bf16) {
  %8 = affine.load %1[0, 0, -1, %arg5 + %arg8 - 1] : memref<1x1x16x16xbf16>
  %9 = affine.load %2[%arg3, 0, %arg6, %arg8] : memref<16x1x3x3xbf16>
  %10 = arith.mulf %8, %9 : bf16
  %11 = arith.addf %10, %arg9 : bf16
  affine.yield %11 : bf16
}
%11 = arith.addf %10, %arg9 : bf16
%7 = affine.for %arg8 = 0 to 3 iter_args(%arg9 = %arg7) -> (bf16) {
  %8 = affine.load %1[0, 0, -1, %arg5 + %arg8 - 1] : memref<1x1x16x16xbf16>
  %9 = affine.load %2[%arg3, 0, %arg6, %arg8] : memref<16x1x3x3xbf16>
  %10 = arith.mulf %8, %9 : bf16
  %11 = arith.addf %10, %arg9 : bf16
  affine.yield %11 : bf16
}
affine.yield %11 : bf16
%7 = affine.for %arg8 = 0 to 3 iter_args(%arg9 = %arg7) -> (bf16) {
  %8 = affine.load %1[0, 0, -1, %arg5 + %arg8 - 1] : memref<1x1x16x16xbf16>
  %9 = affine.load %2[%arg3, 0, %arg6, %arg8] : memref<16x1x3x3xbf16>
  %10 = arith.mulf %8, %9 : bf16
  %11 = arith.addf %10, %arg9 : bf16
  affine.yield %11 : bf16
}
%7 = affine.for %arg8 = 0 to 3 iter_args(%arg9 = %arg7) -> (bf16) {
  %8 = affine.load %1[0, 0, -1, %arg5 + %arg8 - 1] : memref<1x1x16x16xbf16>
  %9 = affine.load %2[%arg3, 0, %arg6, %arg8] : memref<16x1x3x3xbf16>
  %10 = arith.mulf %8, %9 : bf16
  %11 = arith.addf %10, %arg9 : bf16
  affine.yield %11 : bf16
}
%5 = affine.for %arg6 = 0 to 3 iter_args(%arg7 = %cst) -> (bf16) {
  %7 = affine.for %arg8 = 0 to 3 iter_args(%arg9 = %arg7) -> (bf16) {
    %8 = affine.load %1[0, 0, -1, %arg5 + %arg8 - 1] : memref<1x1x16x16xbf16>
    %9 = affine.load %2[%arg3, 0, %arg6, %arg8] : memref<16x1x3x3xbf16>
    %10 = arith.mulf %8, %9 : bf16
    %11 = arith.addf %10, %arg9 : bf16
    affine.yield %11 : bf16
  }
  affine.yield %7 : bf16
}
%7 = affine.for %arg8 = 0 to 3 iter_args(%arg9 = %arg7) -> (bf16) {
  %8 = affine.load %1[0, 0, -1, %arg5 + %arg8 - 1] : memref<1x1x16x16xbf16>
  %9 = affine.load %2[%arg3, 0, %arg6, %arg8] : memref<16x1x3x3xbf16>
  %10 = arith.mulf %8, %9 : bf16
  %11 = arith.addf %10, %arg9 : bf16
  affine.yield %11 : bf16
}
%5 = affine.for %arg6 = 0 to 3 iter_args(%arg7 = %cst) -> (bf16) {
  %7 = affine.for %arg8 = 0 to 3 iter_args(%arg9 = %arg7) -> (bf16) {
    %8 = affine.load %1[0, 0, -1, %arg5 + %arg8 - 1] : memref<1x1x16x16xbf16>
    %9 = affine.load %2[%arg3, 0, %arg6, %arg8] : memref<16x1x3x3xbf16>
    %10 = arith.mulf %8, %9 : bf16
    %11 = arith.addf %10, %arg9 : bf16
    affine.yield %11 : bf16
  }
  affine.yield %7 : bf16
}
affine.for %arg5 = 0 to 16 {
  %4 = affine.load %0[0, %arg3, %arg4, %arg5] : memref<1x16x16x16xbf16>
  %cst = arith.constant 0.000000e+00 : bf16
  %5 = affine.for %arg6 = 0 to 3 iter_args(%arg7 = %cst) -> (bf16) {
    %7 = affine.for %arg8 = 0 to 3 iter_args(%arg9 = %arg7) -> (bf16) {
      %8 = affine.load %1[0, 0, -1, %arg5 + %arg8 - 1] : memref<1x1x16x16xbf16>
      %9 = affine.load %2[%arg3, 0, %arg6, %arg8] : memref<16x1x3x3xbf16>
      %10 = arith.mulf %8, %9 : bf16
      %11 = arith.addf %10, %arg9 : bf16
      affine.yield %11 : bf16
    }
    affine.yield %7 : bf16
  }
  %6 = arith.addf %5, %4 : bf16
  affine.store %6, %3[0, %arg3, %arg4, %arg5] : memref<1x16x16x16xbf16>
}
%7 = affine.for %arg8 = 0 to 3 iter_args(%arg9 = %arg7) -> (bf16) {
  %8 = affine.load %1[0, 0, -1, %arg5 + %arg8 - 1] : memref<1x1x16x16xbf16>
  %9 = affine.load %2[%arg3, 0, %arg6, %arg8] : memref<16x1x3x3xbf16>
  %10 = arith.mulf %8, %9 : bf16
  %11 = arith.addf %10, %arg9 : bf16
  affine.yield %11 : bf16
}
%5 = affine.for %arg6 = 0 to 3 iter_args(%arg7 = %cst) -> (bf16) {
  %7 = affine.for %arg8 = 0 to 3 iter_args(%arg9 = %arg7) -> (bf16) {
    %8 = affine.load %1[0, 0, -1, %arg5 + %arg8 - 1] : memref<1x1x16x16xbf16>
    %9 = affine.load %2[%arg3, 0, %arg6, %arg8] : memref<16x1x3x3xbf16>
    %10 = arith.mulf %8, %9 : bf16
    %11 = arith.addf %10, %arg9 : bf16
    affine.yield %11 : bf16
  }
  affine.yield %7 : bf16
}
affine.for %arg5 = 0 to 16 {
  %4 = affine.load %0[0, %arg3, %arg4, %arg5] : memref<1x16x16x16xbf16>
  %cst = arith.constant 0.000000e+00 : bf16
  %5 = affine.for %arg6 = 0 to 3 iter_args(%arg7 = %cst) -> (bf16) {
    %7 = affine.for %arg8 = 0 to 3 iter_args(%arg9 = %arg7) -> (bf16) {
      %8 = affine.load %1[0, 0, -1, %arg5 + %arg8 - 1] : memref<1x1x16x16xbf16>
      %9 = affine.load %2[%arg3, 0, %arg6, %arg8] : memref<16x1x3x3xbf16>
      %10 = arith.mulf %8, %9 : bf16
      %11 = arith.addf %10, %arg9 : bf16
      affine.yield %11 : bf16
    }
    affine.yield %7 : bf16
  }
  %6 = arith.addf %5, %4 : bf16
  affine.store %6, %3[0, %arg3, %arg4, %arg5] : memref<1x16x16x16xbf16>
}
affine.for %arg4 = 0 to 16 {
  affine.for %arg5 = 0 to 16 {
    %4 = affine.load %0[0, %arg3, %arg4, %arg5] : memref<1x16x16x16xbf16>
    %cst = arith.constant 0.000000e+00 : bf16
    %5 = affine.for %arg6 = 0 to 3 iter_args(%arg7 = %cst) -> (bf16) {
      %7 = affine.for %arg8 = 0 to 3 iter_args(%arg9 = %arg7) -> (bf16) {
        %8 = affine.load %1[0, 0, -1, %arg5 + %arg8 - 1] : memref<1x1x16x16xbf16>
        %9 = affine.load %2[%arg3, 0, %arg6, %arg8] : memref<16x1x3x3xbf16>
        %10 = arith.mulf %8, %9 : bf16
        %11 = arith.addf %10, %arg9 : bf16
        affine.yield %11 : bf16
      }
      affine.yield %7 : bf16
    }
    %6 = arith.addf %5, %4 : bf16
    affine.store %6, %3[0, %arg3, %arg4, %arg5] : memref<1x16x16x16xbf16>
  }
}
%7 = affine.for %arg8 = 0 to 3 iter_args(%arg9 = %arg7) -> (bf16) {
  %8 = affine.load %1[0, 0, -1, %arg5 + %arg8 - 1] : memref<1x1x16x16xbf16>
  %9 = affine.load %2[%arg3, 0, %arg6, %arg8] : memref<16x1x3x3xbf16>
  %10 = arith.mulf %8, %9 : bf16
  %11 = arith.addf %10, %arg9 : bf16
  affine.yield %11 : bf16
}
%5 = affine.for %arg6 = 0 to 3 iter_args(%arg7 = %cst) -> (bf16) {
  %7 = affine.for %arg8 = 0 to 3 iter_args(%arg9 = %arg7) -> (bf16) {
    %8 = affine.load %1[0, 0, -1, %arg5 + %arg8 - 1] : memref<1x1x16x16xbf16>
    %9 = affine.load %2[%arg3, 0, %arg6, %arg8] : memref<16x1x3x3xbf16>
    %10 = arith.mulf %8, %9 : bf16
    %11 = arith.addf %10, %arg9 : bf16
    affine.yield %11 : bf16
  }
  affine.yield %7 : bf16
}
affine.for %arg5 = 0 to 16 {
  %4 = affine.load %0[0, %arg3, %arg4, %arg5] : memref<1x16x16x16xbf16>
  %cst = arith.constant 0.000000e+00 : bf16
  %5 = affine.for %arg6 = 0 to 3 iter_args(%arg7 = %cst) -> (bf16) {
    %7 = affine.for %arg8 = 0 to 3 iter_args(%arg9 = %arg7) -> (bf16) {
      %8 = affine.load %1[0, 0, -1, %arg5 + %arg8 - 1] : memref<1x1x16x16xbf16>
      %9 = affine.load %2[%arg3, 0, %arg6, %arg8] : memref<16x1x3x3xbf16>
      %10 = arith.mulf %8, %9 : bf16
      %11 = arith.addf %10, %arg9 : bf16
      affine.yield %11 : bf16
    }
    affine.yield %7 : bf16
  }
  %6 = arith.addf %5, %4 : bf16
  affine.store %6, %3[0, %arg3, %arg4, %arg5] : memref<1x16x16x16xbf16>
}
affine.for %arg4 = 0 to 16 {
  affine.for %arg5 = 0 to 16 {
    %4 = affine.load %0[0, %arg3, %arg4, %arg5] : memref<1x16x16x16xbf16>
    %cst = arith.constant 0.000000e+00 : bf16
    %5 = affine.for %arg6 = 0 to 3 iter_args(%arg7 = %cst) -> (bf16) {
      %7 = affine.for %arg8 = 0 to 3 iter_args(%arg9 = %arg7) -> (bf16) {
        %8 = affine.load %1[0, 0, -1, %arg5 + %arg8 - 1] : memref<1x1x16x16xbf16>
        %9 = affine.load %2[%arg3, 0, %arg6, %arg8] : memref<16x1x3x3xbf16>
        %10 = arith.mulf %8, %9 : bf16
        %11 = arith.addf %10, %arg9 : bf16
        affine.yield %11 : bf16
      }
      affine.yield %7 : bf16
    }
    %6 = arith.addf %5, %4 : bf16
    affine.store %6, %3[0, %arg3, %arg4, %arg5] : memref<1x16x16x16xbf16>
  }
}
affine.for %arg3 = 0 to 16 {
  affine.for %arg4 = 0 to 16 {
    affine.for %arg5 = 0 to 16 {
      %4 = affine.load %0[0, %arg3, %arg4, %arg5] : memref<1x16x16x16xbf16>
      %cst = arith.constant 0.000000e+00 : bf16
      %5 = affine.for %arg6 = 0 to 3 iter_args(%arg7 = %cst) -> (bf16) {
        %7 = affine.for %arg8 = 0 to 3 iter_args(%arg9 = %arg7) -> (bf16) {
          %8 = affine.load %1[0, 0, -1, %arg5 + %arg8 - 1] : memref<1x1x16x16xbf16>
          %9 = affine.load %2[%arg3, 0, %arg6, %arg8] : memref<16x1x3x3xbf16>
          %10 = arith.mulf %8, %9 : bf16
          %11 = arith.addf %10, %arg9 : bf16
          affine.yield %11 : bf16
        }
        affine.yield %7 : bf16
      }
      %6 = arith.addf %5, %4 : bf16
      affine.store %6, %3[0, %arg3, %arg4, %arg5] : memref<1x16x16x16xbf16>
    }
  }
}
[ADDNodes!] %8 = affine.load %1[0, 0, -1, %arg5 + %arg8 - 1] : memref<1x1x16x16xbf16>
[ADDNodes!] %9 = affine.load %2[%arg3, 0, %arg6, %arg8] : memref<16x1x3x3xbf16>
[ADDNodes!] %10 = arith.mulf %8, %9 : bf16
[ADDNodes!] %11 = arith.addf %10, %arg9 : bf16
[ADDNodes!] affine.yield %11 : bf16
[ADDNodes!] %7 = affine.for %arg8 = 0 to 3 iter_args(%arg9 = %arg7) -> (bf16) {
  %8 = affine.load %1[0, 0, -1, %arg5 + %arg8 - 1] : memref<1x1x16x16xbf16>
  %9 = affine.load %2[%arg3, 0, %arg6, %arg8] : memref<16x1x3x3xbf16>
  %10 = arith.mulf %8, %9 : bf16
  %11 = arith.addf %10, %arg9 : bf16
  affine.yield %11 : bf16
}
[ADDNodes!] affine.yield %7 : bf16
[ADDNodes!] %5 = affine.for %arg6 = 0 to 3 iter_args(%arg7 = %cst) -> (bf16) {
  %7 = affine.for %arg8 = 0 to 3 iter_args(%arg9 = %arg7) -> (bf16) {
    %8 = affine.load %1[0, 0, -1, %arg5 + %arg8 - 1] : memref<1x1x16x16xbf16>
    %9 = affine.load %2[%arg3, 0, %arg6, %arg8] : memref<16x1x3x3xbf16>
    %10 = arith.mulf %8, %9 : bf16
    %11 = arith.addf %10, %arg9 : bf16
    affine.yield %11 : bf16
  }
  affine.yield %7 : bf16
}
[ADDNodes!] %4 = affine.load %0[0, %arg3, %arg4, %arg5] : memref<1x16x16x16xbf16>
[ADDNodes!] %cst = arith.constant 0.000000e+00 : bf16
[ADDNodes!] %6 = arith.addf %5, %4 : bf16
[ADDNodes!] affine.store %6, %3[0, %arg3, %arg4, %arg5] : memref<1x16x16x16xbf16>
[ADDNodes!] affine.yield
[ADDNodes!] affine.for %arg5 = 0 to 16 {
  %4 = affine.load %0[0, %arg3, %arg4, %arg5] : memref<1x16x16x16xbf16>
  %cst = arith.constant 0.000000e+00 : bf16
  %5 = affine.for %arg6 = 0 to 3 iter_args(%arg7 = %cst) -> (bf16) {
    %7 = affine.for %arg8 = 0 to 3 iter_args(%arg9 = %arg7) -> (bf16) {
      %8 = affine.load %1[0, 0, -1, %arg5 + %arg8 - 1] : memref<1x1x16x16xbf16>
      %9 = affine.load %2[%arg3, 0, %arg6, %arg8] : memref<16x1x3x3xbf16>
      %10 = arith.mulf %8, %9 : bf16
      %11 = arith.addf %10, %arg9 : bf16
      affine.yield %11 : bf16
    }
    affine.yield %7 : bf16
  }
  %6 = arith.addf %5, %4 : bf16
  affine.store %6, %3[0, %arg3, %arg4, %arg5] : memref<1x16x16x16xbf16>
}
[ADDNodes!] affine.yield
[ADDNodes!] affine.for %arg4 = 0 to 16 {
  affine.for %arg5 = 0 to 16 {
    %4 = affine.load %0[0, %arg3, %arg4, %arg5] : memref<1x16x16x16xbf16>
    %cst = arith.constant 0.000000e+00 : bf16
    %5 = affine.for %arg6 = 0 to 3 iter_args(%arg7 = %cst) -> (bf16) {
      %7 = affine.for %arg8 = 0 to 3 iter_args(%arg9 = %arg7) -> (bf16) {
        %8 = affine.load %1[0, 0, -1, %arg5 + %arg8 - 1] : memref<1x1x16x16xbf16>
        %9 = affine.load %2[%arg3, 0, %arg6, %arg8] : memref<16x1x3x3xbf16>
        %10 = arith.mulf %8, %9 : bf16
        %11 = arith.addf %10, %arg9 : bf16
        affine.yield %11 : bf16
      }
      affine.yield %7 : bf16
    }
    %6 = arith.addf %5, %4 : bf16
    affine.store %6, %3[0, %arg3, %arg4, %arg5] : memref<1x16x16x16xbf16>
  }
}
[ADDNodes!] affine.yield
[ADDNodes!] affine.for %arg3 = 0 to 16 {
  affine.for %arg4 = 0 to 16 {
    affine.for %arg5 = 0 to 16 {
      %4 = affine.load %0[0, %arg3, %arg4, %arg5] : memref<1x16x16x16xbf16>
      %cst = arith.constant 0.000000e+00 : bf16
      %5 = affine.for %arg6 = 0 to 3 iter_args(%arg7 = %cst) -> (bf16) {
        %7 = affine.for %arg8 = 0 to 3 iter_args(%arg9 = %arg7) -> (bf16) {
          %8 = affine.load %1[0, 0, -1, %arg5 + %arg8 - 1] : memref<1x1x16x16xbf16>
          %9 = affine.load %2[%arg3, 0, %arg6, %arg8] : memref<16x1x3x3xbf16>
          %10 = arith.mulf %8, %9 : bf16
          %11 = arith.addf %10, %arg9 : bf16
          affine.yield %11 : bf16
        }
        affine.yield %7 : bf16
      }
      %6 = arith.addf %5, %4 : bf16
      affine.store %6, %3[0, %arg3, %arg4, %arg5] : memref<1x16x16x16xbf16>
    }
  }
}
<block argument> of type 'bf16' at index: 1
%7 = affine.for %arg8 = 0 to 3 iter_args(%arg9 = %arg7) -> (bf16) {
  %8 = affine.load %1[0, 0, -1, %arg5 + %arg8 - 1] : memref<1x1x16x16xbf16>
  %9 = affine.load %2[%arg3, 0, %arg6, %arg8] : memref<16x1x3x3xbf16>
  %10 = arith.mulf %8, %9 : bf16
  %11 = arith.addf %10, %arg9 : bf16
  affine.yield %11 : bf16
}
affine.yield %11 : bf16
<block argument> of type 'bf16' at index: 1
%6 = affine.for %arg8 = 0 to 3 iter_args(%arg9 = %arg7) -> (bf16) {
  %7 = affine.load %1[0, 0, -1, %arg5 + %arg8 - 1] : memref<1x1x16x16xbf16>
  %8 = affine.load %2[%arg3, 0, %arg6, %arg8] : memref<16x1x3x3xbf16>
  %9 = arith.mulf %7, %8 : bf16
  %10 = arith.addf %arg9, %9 : bf16
  affine.yield %10 : bf16
}
%5 = affine.for %arg6 = 0 to 3 iter_args(%arg7 = %4) -> (bf16) {
  %6 = affine.for %arg8 = 0 to 3 iter_args(%arg9 = %arg7) -> (bf16) {
    %7 = affine.load %1[0, 0, -1, %arg5 + %arg8 - 1] : memref<1x1x16x16xbf16>
    %8 = affine.load %2[%arg3, 0, %arg6, %arg8] : memref<16x1x3x3xbf16>
    %9 = arith.mulf %7, %8 : bf16
    %10 = arith.addf %arg9, %9 : bf16
    affine.yield %10 : bf16
  }
  affine.yield %6 : bf16
}
affine.for %arg5 = 0 to 16 {
  %4 = affine.load %0[0, %arg3, %arg4, %arg5] : memref<1x16x16x16xbf16>
  %5 = affine.for %arg6 = 0 to 3 iter_args(%arg7 = %4) -> (bf16) {
    %6 = affine.for %arg8 = 0 to 3 iter_args(%arg9 = %arg7) -> (bf16) {
      %7 = affine.load %1[0, 0, -1, %arg5 + %arg8 - 1] : memref<1x1x16x16xbf16>
      %8 = affine.load %2[%arg3, 0, %arg6, %arg8] : memref<16x1x3x3xbf16>
      %9 = arith.mulf %7, %8 : bf16
      %10 = arith.addf %arg9, %9 : bf16
      affine.yield %10 : bf16
    }
    affine.yield %6 : bf16
  }
  affine.store %5, %3[0, %arg3, %arg4, %arg5] : memref<1x16x16x16xbf16>
}
affine.for %arg4 = 0 to 16 {
  affine.for %arg5 = 0 to 16 {
    %4 = affine.load %0[0, %arg3, %arg4, %arg5] : memref<1x16x16x16xbf16>
    %5 = affine.for %arg6 = 0 to 3 iter_args(%arg7 = %4) -> (bf16) {
      %6 = affine.for %arg8 = 0 to 3 iter_args(%arg9 = %arg7) -> (bf16) {
        %7 = affine.load %1[0, 0, -1, %arg5 + %arg8 - 1] : memref<1x1x16x16xbf16>
        %8 = affine.load %2[%arg3, 0, %arg6, %arg8] : memref<16x1x3x3xbf16>
        %9 = arith.mulf %7, %8 : bf16
        %10 = arith.addf %arg9, %9 : bf16
        affine.yield %10 : bf16
      }
      affine.yield %6 : bf16
    }
    affine.store %5, %3[0, %arg3, %arg4, %arg5] : memref<1x16x16x16xbf16>
  }
}
affine.for %arg3 = 0 to 16 {
  affine.for %arg4 = 0 to 16 {
    affine.for %arg5 = 0 to 16 {
      %4 = affine.load %0[0, %arg3, %arg4, %arg5] : memref<1x16x16x16xbf16>
      %5 = affine.for %arg6 = 0 to 3 iter_args(%arg7 = %4) -> (bf16) {
        %6 = affine.for %arg8 = 0 to 3 iter_args(%arg9 = %arg7) -> (bf16) {
          %7 = affine.load %1[0, 0, -1, %arg5 + %arg8 - 1] : memref<1x1x16x16xbf16>
          %8 = affine.load %2[%arg3, 0, %arg6, %arg8] : memref<16x1x3x3xbf16>
          %9 = arith.mulf %7, %8 : bf16
          %10 = arith.addf %arg9, %9 : bf16
          affine.yield %10 : bf16
        }
        affine.yield %6 : bf16
      }
      affine.store %5, %3[0, %arg3, %arg4, %arg5] : memref<1x16x16x16xbf16>
    }
  }
}
affine.for %arg3 = 0 to 16 {
  affine.for %arg4 = 0 to 16 {
    affine.for %arg5 = 0 to 16 {
      %4 = affine.load %0[0, %arg3, %arg4, %arg5] : memref<1x16x16x16xbf16>
      %5 = affine.for %arg6 = 0 to 3 iter_args(%arg7 = %4) -> (bf16) {
        %6 = affine.for %arg8 = 0 to 3 iter_args(%arg9 = %arg7) -> (bf16) {
          %7 = affine.load %1[0, 0, -1, %arg5 + %arg8 - 1] : memref<1x1x16x16xbf16>
          %8 = affine.load %2[%arg3, 0, %arg6, %arg8] : memref<16x1x3x3xbf16>
          %9 = arith.mulf %7, %8 : bf16
          %10 = arith.addf %arg9, %9 : bf16
          affine.yield %10 : bf16
        }
        affine.yield %6 : bf16
      }
      affine.store %5, %3[0, %arg3, %arg4, %arg5] : memref<1x16x16x16xbf16>
    }
  }
}
    4: perfect, innermost
   3: imperfect
  2: perfect
 1: perfect
0: outermost
%6 = affine.for %arg8 = 0 to 3 iter_args(%arg9 = %arg7) -> (bf16) {
  %7 = affine.load %1[0, 0, -1, %arg5 + %arg8 - 1] : memref<1x1x16x16xbf16>
  %8 = affine.load %2[%arg3, 0, %arg6, %arg8] : memref<16x1x3x3xbf16>
  %9 = arith.mulf %7, %8 : bf16
  %10 = arith.addf %arg9, %9 : bf16
  affine.yield %10 : bf16
}
%6 = affine.for %arg8 = 0 to 3 iter_args(%arg9 = %arg7) -> (bf16) {
  %7 = affine.load %1[0, 0, -1, %arg5 + %arg8 - 1] : memref<1x1x16x16xbf16>
  %8 = affine.load %2[%arg3, 0, %arg6, %arg8] : memref<16x1x3x3xbf16>
  %9 = arith.mulf %7, %8 : bf16
  %10 = arith.addf %arg9, %9 : bf16
  affine.yield %10 : bf16
}
%5 = affine.for %arg6 = 0 to 3 iter_args(%arg7 = %4) -> (bf16) {
  %6 = affine.load %1[0, 0, -1, %arg5 + %c0 - 1] : memref<1x1x16x16xbf16>
  %7 = affine.load %2[%arg3, 0, %arg6, %c0] : memref<16x1x3x3xbf16>
  %8 = arith.mulf %6, %7 : bf16
  %9 = arith.addf %arg7, %8 : bf16
  %10 = affine.apply affine_map<(d0) -> (d0 + 1)>(%c0)
  %11 = affine.load %1[0, 0, -1, %arg5 + %10 - 1] : memref<1x1x16x16xbf16>
  %12 = affine.load %2[%arg3, 0, %arg6, %10] : memref<16x1x3x3xbf16>
  %13 = arith.mulf %11, %12 : bf16
  %14 = arith.addf %9, %13 : bf16
  %15 = affine.apply affine_map<(d0) -> (d0 + 2)>(%c0)
  %16 = affine.load %1[0, 0, -1, %arg5 + %15 - 1] : memref<1x1x16x16xbf16>
  %17 = affine.load %2[%arg3, 0, %arg6, %15] : memref<16x1x3x3xbf16>
  %18 = arith.mulf %16, %17 : bf16
  %19 = arith.addf %14, %18 : bf16
  affine.yield %19 : bf16
}
affine.for %arg5 = 0 to 16 {
  %4 = affine.load %0[0, %arg3, %arg4, %arg5] : memref<1x16x16x16xbf16>
  %5 = affine.for %arg6 = 0 to 3 iter_args(%arg7 = %4) -> (bf16) {
    %6 = affine.load %1[0, 0, -1, %arg5 + %c0 - 1] : memref<1x1x16x16xbf16>
    %7 = affine.load %2[%arg3, 0, %arg6, %c0] : memref<16x1x3x3xbf16>
    %8 = arith.mulf %6, %7 : bf16
    %9 = arith.addf %arg7, %8 : bf16
    %10 = affine.apply affine_map<(d0) -> (d0 + 1)>(%c0)
    %11 = affine.load %1[0, 0, -1, %arg5 + %10 - 1] : memref<1x1x16x16xbf16>
    %12 = affine.load %2[%arg3, 0, %arg6, %10] : memref<16x1x3x3xbf16>
    %13 = arith.mulf %11, %12 : bf16
    %14 = arith.addf %9, %13 : bf16
    %15 = affine.apply affine_map<(d0) -> (d0 + 2)>(%c0)
    %16 = affine.load %1[0, 0, -1, %arg5 + %15 - 1] : memref<1x1x16x16xbf16>
    %17 = affine.load %2[%arg3, 0, %arg6, %15] : memref<16x1x3x3xbf16>
    %18 = arith.mulf %16, %17 : bf16
    %19 = arith.addf %14, %18 : bf16
    affine.yield %19 : bf16
  }
  affine.store %5, %3[0, %arg3, %arg4, %arg5] : memref<1x16x16x16xbf16>
}
affine.for %arg4 = 0 to 16 {
  affine.for %arg5 = 0 to 16 {
    %4 = affine.load %0[0, %arg3, %arg4, %arg5] : memref<1x16x16x16xbf16>
    %5 = affine.for %arg6 = 0 to 3 iter_args(%arg7 = %4) -> (bf16) {
      %6 = affine.load %1[0, 0, -1, %arg5 + %c0 - 1] : memref<1x1x16x16xbf16>
      %7 = affine.load %2[%arg3, 0, %arg6, %c0] : memref<16x1x3x3xbf16>
      %8 = arith.mulf %6, %7 : bf16
      %9 = arith.addf %arg7, %8 : bf16
      %10 = affine.apply affine_map<(d0) -> (d0 + 1)>(%c0)
      %11 = affine.load %1[0, 0, -1, %arg5 + %10 - 1] : memref<1x1x16x16xbf16>
      %12 = affine.load %2[%arg3, 0, %arg6, %10] : memref<16x1x3x3xbf16>
      %13 = arith.mulf %11, %12 : bf16
      %14 = arith.addf %9, %13 : bf16
      %15 = affine.apply affine_map<(d0) -> (d0 + 2)>(%c0)
      %16 = affine.load %1[0, 0, -1, %arg5 + %15 - 1] : memref<1x1x16x16xbf16>
      %17 = affine.load %2[%arg3, 0, %arg6, %15] : memref<16x1x3x3xbf16>
      %18 = arith.mulf %16, %17 : bf16
      %19 = arith.addf %14, %18 : bf16
      affine.yield %19 : bf16
    }
    affine.store %5, %3[0, %arg3, %arg4, %arg5] : memref<1x16x16x16xbf16>
  }
}
affine.for %arg3 = 0 to 16 {
  affine.for %arg4 = 0 to 16 {
    affine.for %arg5 = 0 to 16 {
      %4 = affine.load %0[0, %arg3, %arg4, %arg5] : memref<1x16x16x16xbf16>
      %5 = affine.for %arg6 = 0 to 3 iter_args(%arg7 = %4) -> (bf16) {
        %6 = affine.load %1[0, 0, -1, %arg5 + %c0 - 1] : memref<1x1x16x16xbf16>
        %7 = affine.load %2[%arg3, 0, %arg6, %c0] : memref<16x1x3x3xbf16>
        %8 = arith.mulf %6, %7 : bf16
        %9 = arith.addf %arg7, %8 : bf16
        %10 = affine.apply affine_map<(d0) -> (d0 + 1)>(%c0)
        %11 = affine.load %1[0, 0, -1, %arg5 + %10 - 1] : memref<1x1x16x16xbf16>
        %12 = affine.load %2[%arg3, 0, %arg6, %10] : memref<16x1x3x3xbf16>
        %13 = arith.mulf %11, %12 : bf16
        %14 = arith.addf %9, %13 : bf16
        %15 = affine.apply affine_map<(d0) -> (d0 + 2)>(%c0)
        %16 = affine.load %1[0, 0, -1, %arg5 + %15 - 1] : memref<1x1x16x16xbf16>
        %17 = affine.load %2[%arg3, 0, %arg6, %15] : memref<16x1x3x3xbf16>
        %18 = arith.mulf %16, %17 : bf16
        %19 = arith.addf %14, %18 : bf16
        affine.yield %19 : bf16
      }
      affine.store %5, %3[0, %arg3, %arg4, %arg5] : memref<1x16x16x16xbf16>
    }
  }
}
module {
  func.func @main_graph(%arg0: memref<1x1x16x16xbf16>, %arg1: memref<16x1x3x3xbf16>, %arg2: memref<16xbf16>) -> memref<1x16x16x16xbf16> attributes {llvm.emit_c_interface, onnxEntryPoint} {
    %0 = call @Conv_0(%arg0, %arg1, %arg2) : (memref<1x1x16x16xbf16>, memref<16x1x3x3xbf16>, memref<16xbf16>) -> memref<1x16x16x16xbf16>
    return %0 : memref<1x16x16x16xbf16>
  }
  func.func @Conv_0(%arg0: memref<1x1x16x16xbf16>, %arg1: memref<16x1x3x3xbf16>, %arg2: memref<16xbf16>) -> memref<1x16x16x16xbf16> attributes {adora_kernel, llvm.emit_c_interface} {
    %c0 = arith.constant 0 : index
    %alloc = memref.alloc() : memref<1x16x16x16xbf16>
    %0 = ADORA.BlockLoad %alloc [0, 0, 0, 0] : memref<1x16x16x16xbf16> -> memref<1x16x16x16xbf16>  {Id = "0", KernelName = "Conv_0"}
    %1 = ADORA.BlockLoad %arg0 [0, 0, 0, 0] : memref<1x1x16x16xbf16> -> memref<1x1x16x16xbf16>  {Id = "1", KernelName = "Conv_0"}
    %2 = ADORA.BlockLoad %arg1 [0, 0, 0, 0] : memref<16x1x3x3xbf16> -> memref<16x1x3x3xbf16>  {Id = "2", KernelName = "Conv_0"}
    %3 = ADORA.LocalMemAlloc memref<1x16x16x16xbf16>  {Id = "3", KernelName = "Conv_0"}
    ADORA.kernel {
      affine.for %arg3 = 0 to 16 {
        affine.for %arg4 = 0 to 16 {
          affine.for %arg5 = 0 to 16 {
            %4 = affine.load %0[0, %arg3, %arg4, %arg5] : memref<1x16x16x16xbf16>
            %5 = affine.for %arg6 = 0 to 3 iter_args(%arg7 = %4) -> (bf16) {
              %6 = affine.load %1[0, 0, -1, %arg5 + %c0 - 1] : memref<1x1x16x16xbf16>
              %7 = affine.load %2[%arg3, 0, %arg6, %c0] : memref<16x1x3x3xbf16>
              %8 = arith.mulf %6, %7 : bf16
              %9 = arith.addf %arg7, %8 : bf16
              %10 = affine.apply affine_map<(d0) -> (d0 + 1)>(%c0)
              %11 = affine.load %1[0, 0, -1, %arg5 + %10 - 1] : memref<1x1x16x16xbf16>
              %12 = affine.load %2[%arg3, 0, %arg6, %10] : memref<16x1x3x3xbf16>
              %13 = arith.mulf %11, %12 : bf16
              %14 = arith.addf %9, %13 : bf16
              %15 = affine.apply affine_map<(d0) -> (d0 + 2)>(%c0)
              %16 = affine.load %1[0, 0, -1, %arg5 + %15 - 1] : memref<1x1x16x16xbf16>
              %17 = affine.load %2[%arg3, 0, %arg6, %15] : memref<16x1x3x3xbf16>
              %18 = arith.mulf %16, %17 : bf16
              %19 = arith.addf %14, %18 : bf16
              affine.yield %19 : bf16
            }
            affine.store %5, %3[0, %arg3, %arg4, %arg5] : memref<1x16x16x16xbf16>
          }
        }
      }
      ADORA.terminator
    } {KernelName = "Conv_0"}
    ADORA.BlockStore %3, %alloc [0, 0, 0, 0] : memref<1x16x16x16xbf16> -> memref<1x16x16x16xbf16>  {Id = "3", KernelName = "Conv_0"}
    return %alloc : memref<1x16x16x16xbf16>
  }
}
%c0 = arith.constant 0 : index
^bb0(%arg6: index, %arg7: bf16):
  %6 = affine.load %1[0, 0, -1, %arg5 + %c0 - 1] : memref<1x1x16x16xbf16>
  %7 = affine.load %2[%arg3, 0, %arg6, %c0] : memref<16x1x3x3xbf16>
  %8 = arith.mulf %6, %7 : bf16
  %9 = arith.addf %arg7, %8 : bf16
  %10 = affine.apply affine_map<(d0) -> (d0 + 1)>(%c0)
  %11 = affine.load %1[0, 0, -1, %arg5 + %10 - 1] : memref<1x1x16x16xbf16>
  %12 = affine.load %2[%arg3, 0, %arg6, %10] : memref<16x1x3x3xbf16>
  %13 = arith.mulf %11, %12 : bf16
  %14 = arith.addf %9, %13 : bf16
  %15 = affine.apply affine_map<(d0) -> (d0 + 2)>(%c0)
  %16 = affine.load %1[0, 0, -1, %arg5 + %15 - 1] : memref<1x1x16x16xbf16>
  %17 = affine.load %2[%arg3, 0, %arg6, %15] : memref<16x1x3x3xbf16>
  %18 = arith.mulf %16, %17 : bf16
  %19 = arith.addf %14, %18 : bf16
  affine.yield %19 : bf16
^bb0(%arg6: index, %arg7: bf16):
  %6 = affine.load %1[0, 0, -1, %arg5 + %c0 - 1] : memref<1x1x16x16xbf16>
  %7 = affine.load %2[%arg3, 0, %arg6, %c0] : memref<16x1x3x3xbf16>
  %8 = arith.mulf %6, %7 : bf16
  %9 = arith.addf %arg7, %8 : bf16
  %10 = affine.apply affine_map<(d0) -> (d0 + 1)>(%c0)
  %11 = affine.load %1[0, 0, -1, %arg5 + %10 - 1] : memref<1x1x16x16xbf16>
  %12 = affine.load %2[%arg3, 0, %arg6, %10] : memref<16x1x3x3xbf16>
  %13 = arith.mulf %11, %12 : bf16
  %14 = arith.addf %9, %13 : bf16
  %15 = affine.apply affine_map<(d0) -> (d0 + 2)>(%c0)
  %16 = affine.load %1[0, 0, -1, %arg5 + %15 - 1] : memref<1x1x16x16xbf16>
  %17 = affine.load %2[%arg3, 0, %arg6, %15] : memref<16x1x3x3xbf16>
  %18 = arith.mulf %16, %17 : bf16
  %19 = arith.addf %14, %18 : bf16
  affine.yield %19 : bf16
^bb0(%arg6: index, %arg7: bf16):
  %6 = affine.load %1[0, 0, -1, %arg5 + %c0 - 1] : memref<1x1x16x16xbf16>
  %7 = affine.load %2[%arg3, 0, %arg6, %c0] : memref<16x1x3x3xbf16>
  %8 = arith.mulf %6, %7 : bf16
  %9 = arith.addf %arg7, %8 : bf16
  %c1 = arith.constant 1 : index
  %10 = affine.apply affine_map<(d0) -> (d0 + 1)>(%c0)
  %11 = affine.load %1[0, 0, -1, %arg5 + %c1 - 1] : memref<1x1x16x16xbf16>
  %12 = affine.load %2[%arg3, 0, %arg6, %c1] : memref<16x1x3x3xbf16>
  %13 = arith.mulf %11, %12 : bf16
  %14 = arith.addf %9, %13 : bf16
  %15 = affine.apply affine_map<(d0) -> (d0 + 2)>(%c0)
  %16 = affine.load %1[0, 0, -1, %arg5 + %15 - 1] : memref<1x1x16x16xbf16>
  %17 = affine.load %2[%arg3, 0, %arg6, %15] : memref<16x1x3x3xbf16>
  %18 = arith.mulf %16, %17 : bf16
  %19 = arith.addf %14, %18 : bf16
  affine.yield %19 : bf16
%c0 = arith.constant 0 : index
^bb0(%arg6: index, %arg7: bf16):
  %6 = affine.load %1[0, 0, -1, %arg5 + %c0 - 1] : memref<1x1x16x16xbf16>
  %7 = affine.load %2[%arg3, 0, %arg6, %c0] : memref<16x1x3x3xbf16>
  %8 = arith.mulf %6, %7 : bf16
  %9 = arith.addf %arg7, %8 : bf16
  %c1 = arith.constant 1 : index
  %10 = affine.apply affine_map<(d0) -> (d0 + 1)>(%c0)
  %11 = affine.load %1[0, 0, -1, %arg5 + %c1 - 1] : memref<1x1x16x16xbf16>
  %12 = affine.load %2[%arg3, 0, %arg6, %c1] : memref<16x1x3x3xbf16>
  %13 = arith.mulf %11, %12 : bf16
  %14 = arith.addf %9, %13 : bf16
  %15 = affine.apply affine_map<(d0) -> (d0 + 2)>(%c0)
  %16 = affine.load %1[0, 0, -1, %arg5 + %15 - 1] : memref<1x1x16x16xbf16>
  %17 = affine.load %2[%arg3, 0, %arg6, %15] : memref<16x1x3x3xbf16>
  %18 = arith.mulf %16, %17 : bf16
  %19 = arith.addf %14, %18 : bf16
  affine.yield %19 : bf16
^bb0(%arg6: index, %arg7: bf16):
  %6 = affine.load %1[0, 0, -1, %arg5 + %c0 - 1] : memref<1x1x16x16xbf16>
  %7 = affine.load %2[%arg3, 0, %arg6, %c0] : memref<16x1x3x3xbf16>
  %8 = arith.mulf %6, %7 : bf16
  %9 = arith.addf %arg7, %8 : bf16
  %c1 = arith.constant 1 : index
  %10 = affine.apply affine_map<(d0) -> (d0 + 1)>(%c0)
  %11 = affine.load %1[0, 0, -1, %arg5 + %c1 - 1] : memref<1x1x16x16xbf16>
  %12 = affine.load %2[%arg3, 0, %arg6, %c1] : memref<16x1x3x3xbf16>
  %13 = arith.mulf %11, %12 : bf16
  %14 = arith.addf %9, %13 : bf16
  %15 = affine.apply affine_map<(d0) -> (d0 + 2)>(%c0)
  %16 = affine.load %1[0, 0, -1, %arg5 + %15 - 1] : memref<1x1x16x16xbf16>
  %17 = affine.load %2[%arg3, 0, %arg6, %15] : memref<16x1x3x3xbf16>
  %18 = arith.mulf %16, %17 : bf16
  %19 = arith.addf %14, %18 : bf16
  affine.yield %19 : bf16
^bb0(%arg6: index, %arg7: bf16):
  %6 = affine.load %1[0, 0, -1, %arg5 + %c0 - 1] : memref<1x1x16x16xbf16>
  %7 = affine.load %2[%arg3, 0, %arg6, %c0] : memref<16x1x3x3xbf16>
  %8 = arith.mulf %6, %7 : bf16
  %9 = arith.addf %arg7, %8 : bf16
  %c1 = arith.constant 1 : index
  %10 = affine.apply affine_map<(d0) -> (d0 + 1)>(%c0)
  %11 = affine.load %1[0, 0, -1, %arg5 + %c1 - 1] : memref<1x1x16x16xbf16>
  %12 = affine.load %2[%arg3, 0, %arg6, %c1] : memref<16x1x3x3xbf16>
  %13 = arith.mulf %11, %12 : bf16
  %14 = arith.addf %9, %13 : bf16
  %c2 = arith.constant 2 : index
  %15 = affine.apply affine_map<(d0) -> (d0 + 2)>(%c0)
  %16 = affine.load %1[0, 0, -1, %arg5 + %c2 - 1] : memref<1x1x16x16xbf16>
  %17 = affine.load %2[%arg3, 0, %arg6, %c2] : memref<16x1x3x3xbf16>
  %18 = arith.mulf %16, %17 : bf16
  %19 = arith.addf %14, %18 : bf16
  affine.yield %19 : bf16
^bb0(%arg5: index):
  %4 = affine.load %0[0, %arg3, %arg4, %arg5] : memref<1x16x16x16xbf16>
  %5 = affine.for %arg6 = 0 to 3 iter_args(%arg7 = %4) -> (bf16) {
    %6 = affine.load %1[0, 0, -1, %arg5 + %c0 - 1] : memref<1x1x16x16xbf16>
    %7 = affine.load %2[%arg3, 0, %arg6, %c0] : memref<16x1x3x3xbf16>
    %8 = arith.mulf %6, %7 : bf16
    %9 = arith.addf %arg7, %8 : bf16
    %c1 = arith.constant 1 : index
    %10 = affine.load %1[0, 0, -1, %arg5 + %c1 - 1] : memref<1x1x16x16xbf16>
    %11 = affine.load %2[%arg3, 0, %arg6, %c1] : memref<16x1x3x3xbf16>
    %12 = arith.mulf %10, %11 : bf16
    %13 = arith.addf %9, %12 : bf16
    %c2 = arith.constant 2 : index
    %14 = affine.load %1[0, 0, -1, %arg5 + %c2 - 1] : memref<1x1x16x16xbf16>
    %15 = affine.load %2[%arg3, 0, %arg6, %c2] : memref<16x1x3x3xbf16>
    %16 = arith.mulf %14, %15 : bf16
    %17 = arith.addf %13, %16 : bf16
    affine.yield %17 : bf16
  }
  affine.store %5, %3[0, %arg3, %arg4, %arg5] : memref<1x16x16x16xbf16>
  affine.yield
^bb0(%arg6: index, %arg7: bf16):
  %6 = affine.load %1[0, 0, -1, %arg5 + %c0 - 1] : memref<1x1x16x16xbf16>
  %7 = affine.load %2[%arg3, 0, %arg6, %c0] : memref<16x1x3x3xbf16>
  %8 = arith.mulf %6, %7 : bf16
  %9 = arith.addf %arg7, %8 : bf16
  %c1 = arith.constant 1 : index
  %10 = affine.load %1[0, 0, -1, %arg5 + %c1 - 1] : memref<1x1x16x16xbf16>
  %11 = affine.load %2[%arg3, 0, %arg6, %c1] : memref<16x1x3x3xbf16>
  %12 = arith.mulf %10, %11 : bf16
  %13 = arith.addf %9, %12 : bf16
  %c2 = arith.constant 2 : index
  %14 = affine.load %1[0, 0, -1, %arg5 + %c2 - 1] : memref<1x1x16x16xbf16>
  %15 = affine.load %2[%arg3, 0, %arg6, %c2] : memref<16x1x3x3xbf16>
  %16 = arith.mulf %14, %15 : bf16
  %17 = arith.addf %13, %16 : bf16
  affine.yield %17 : bf16
^bb0(%arg6: index, %arg7: bf16):
  %6 = affine.load %1[0, 0, -1, %arg5 + %c0 - 1] : memref<1x1x16x16xbf16>
  %7 = affine.load %1[0, 0, -1, %arg5 - 1] : memref<1x1x16x16xbf16>
  %8 = affine.load %2[%arg3, 0, %arg6, %c0] : memref<16x1x3x3xbf16>
  %9 = arith.mulf %7, %8 : bf16
  %10 = arith.addf %arg7, %9 : bf16
  %c1 = arith.constant 1 : index
  %11 = affine.load %1[0, 0, -1, %arg5 + %c1 - 1] : memref<1x1x16x16xbf16>
  %12 = affine.load %2[%arg3, 0, %arg6, %c1] : memref<16x1x3x3xbf16>
  %13 = arith.mulf %11, %12 : bf16
  %14 = arith.addf %10, %13 : bf16
  %c2 = arith.constant 2 : index
  %15 = affine.load %1[0, 0, -1, %arg5 + %c2 - 1] : memref<1x1x16x16xbf16>
  %16 = affine.load %2[%arg3, 0, %arg6, %c2] : memref<16x1x3x3xbf16>
  %17 = arith.mulf %15, %16 : bf16
  %18 = arith.addf %14, %17 : bf16
  affine.yield %18 : bf16
^bb0(%arg6: index, %arg7: bf16):
  %6 = affine.load %1[0, 0, -1, %arg5 + %c0 - 1] : memref<1x1x16x16xbf16>
  %7 = affine.load %1[0, 0, -1, %arg5 - 1] : memref<1x1x16x16xbf16>
  %8 = affine.load %2[%arg3, 0, %arg6, %c0] : memref<16x1x3x3xbf16>
  %9 = affine.load %2[%arg3, 0, %arg6, 0] : memref<16x1x3x3xbf16>
  %10 = arith.mulf %7, %9 : bf16
  %11 = arith.addf %arg7, %10 : bf16
  %c1 = arith.constant 1 : index
  %12 = affine.load %1[0, 0, -1, %arg5 + %c1 - 1] : memref<1x1x16x16xbf16>
  %13 = affine.load %2[%arg3, 0, %arg6, %c1] : memref<16x1x3x3xbf16>
  %14 = arith.mulf %12, %13 : bf16
  %15 = arith.addf %11, %14 : bf16
  %c2 = arith.constant 2 : index
  %16 = affine.load %1[0, 0, -1, %arg5 + %c2 - 1] : memref<1x1x16x16xbf16>
  %17 = affine.load %2[%arg3, 0, %arg6, %c2] : memref<16x1x3x3xbf16>
  %18 = arith.mulf %16, %17 : bf16
  %19 = arith.addf %15, %18 : bf16
  affine.yield %19 : bf16
^bb0(%arg6: index, %arg7: bf16):
  %6 = affine.load %1[0, 0, -1, %arg5 + %c0 - 1] : memref<1x1x16x16xbf16>
  %7 = affine.load %1[0, 0, -1, %arg5 - 1] : memref<1x1x16x16xbf16>
  %8 = affine.load %2[%arg3, 0, %arg6, %c0] : memref<16x1x3x3xbf16>
  %9 = affine.load %2[%arg3, 0, %arg6, 0] : memref<16x1x3x3xbf16>
  %10 = arith.mulf %7, %9 : bf16
  %11 = arith.addf %arg7, %10 : bf16
  %c1 = arith.constant 1 : index
  %12 = affine.load %1[0, 0, -1, %arg5 + %c1 - 1] : memref<1x1x16x16xbf16>
  %13 = affine.load %1[0, 0, -1, %arg5] : memref<1x1x16x16xbf16>
  %14 = affine.load %2[%arg3, 0, %arg6, %c1] : memref<16x1x3x3xbf16>
  %15 = arith.mulf %13, %14 : bf16
  %16 = arith.addf %11, %15 : bf16
  %c2 = arith.constant 2 : index
  %17 = affine.load %1[0, 0, -1, %arg5 + %c2 - 1] : memref<1x1x16x16xbf16>
  %18 = affine.load %2[%arg3, 0, %arg6, %c2] : memref<16x1x3x3xbf16>
  %19 = arith.mulf %17, %18 : bf16
  %20 = arith.addf %16, %19 : bf16
  affine.yield %20 : bf16
^bb0(%arg6: index, %arg7: bf16):
  %6 = affine.load %1[0, 0, -1, %arg5 + %c0 - 1] : memref<1x1x16x16xbf16>
  %7 = affine.load %1[0, 0, -1, %arg5 - 1] : memref<1x1x16x16xbf16>
  %8 = affine.load %2[%arg3, 0, %arg6, %c0] : memref<16x1x3x3xbf16>
  %9 = affine.load %2[%arg3, 0, %arg6, 0] : memref<16x1x3x3xbf16>
  %10 = arith.mulf %7, %9 : bf16
  %11 = arith.addf %arg7, %10 : bf16
  %c1 = arith.constant 1 : index
  %12 = affine.load %1[0, 0, -1, %arg5 + %c1 - 1] : memref<1x1x16x16xbf16>
  %13 = affine.load %1[0, 0, -1, %arg5] : memref<1x1x16x16xbf16>
  %14 = affine.load %2[%arg3, 0, %arg6, %c1] : memref<16x1x3x3xbf16>
  %15 = affine.load %2[%arg3, 0, %arg6, 1] : memref<16x1x3x3xbf16>
  %16 = arith.mulf %13, %15 : bf16
  %17 = arith.addf %11, %16 : bf16
  %c2 = arith.constant 2 : index
  %18 = affine.load %1[0, 0, -1, %arg5 + %c2 - 1] : memref<1x1x16x16xbf16>
  %19 = affine.load %2[%arg3, 0, %arg6, %c2] : memref<16x1x3x3xbf16>
  %20 = arith.mulf %18, %19 : bf16
  %21 = arith.addf %17, %20 : bf16
  affine.yield %21 : bf16
^bb0(%arg6: index, %arg7: bf16):
  %6 = affine.load %1[0, 0, -1, %arg5 + %c0 - 1] : memref<1x1x16x16xbf16>
  %7 = affine.load %1[0, 0, -1, %arg5 - 1] : memref<1x1x16x16xbf16>
  %8 = affine.load %2[%arg3, 0, %arg6, %c0] : memref<16x1x3x3xbf16>
  %9 = affine.load %2[%arg3, 0, %arg6, 0] : memref<16x1x3x3xbf16>
  %10 = arith.mulf %7, %9 : bf16
  %11 = arith.addf %arg7, %10 : bf16
  %c1 = arith.constant 1 : index
  %12 = affine.load %1[0, 0, -1, %arg5 + %c1 - 1] : memref<1x1x16x16xbf16>
  %13 = affine.load %1[0, 0, -1, %arg5] : memref<1x1x16x16xbf16>
  %14 = affine.load %2[%arg3, 0, %arg6, %c1] : memref<16x1x3x3xbf16>
  %15 = affine.load %2[%arg3, 0, %arg6, 1] : memref<16x1x3x3xbf16>
  %16 = arith.mulf %13, %15 : bf16
  %17 = arith.addf %11, %16 : bf16
  %c2 = arith.constant 2 : index
  %18 = affine.load %1[0, 0, -1, %arg5 + %c2 - 1] : memref<1x1x16x16xbf16>
  %19 = affine.load %1[0, 0, -1, %arg5 + 1] : memref<1x1x16x16xbf16>
  %20 = affine.load %2[%arg3, 0, %arg6, %c2] : memref<16x1x3x3xbf16>
  %21 = arith.mulf %19, %20 : bf16
  %22 = arith.addf %17, %21 : bf16
  affine.yield %22 : bf16
affine.store %5, %3[0, %arg3, %arg4, %arg5] : memref<1x16x16x16xbf16>
^bb0(%arg5: index):
  %4 = affine.load %0[0, %arg3, %arg4, %arg5] : memref<1x16x16x16xbf16>
  %5 = affine.for %arg6 = 0 to 3 iter_args(%arg7 = %4) -> (bf16) {
    %6 = affine.load %1[0, 0, -1, %arg5 + %c0 - 1] : memref<1x1x16x16xbf16>
    %7 = affine.load %1[0, 0, -1, %arg5 - 1] : memref<1x1x16x16xbf16>
    %8 = affine.load %2[%arg3, 0, %arg6, %c0] : memref<16x1x3x3xbf16>
    %9 = affine.load %2[%arg3, 0, %arg6, 0] : memref<16x1x3x3xbf16>
    %10 = arith.mulf %7, %9 : bf16
    %11 = arith.addf %arg7, %10 : bf16
    %c1 = arith.constant 1 : index
    %12 = affine.load %1[0, 0, -1, %arg5 + %c1 - 1] : memref<1x1x16x16xbf16>
    %13 = affine.load %1[0, 0, -1, %arg5] : memref<1x1x16x16xbf16>
    %14 = affine.load %2[%arg3, 0, %arg6, %c1] : memref<16x1x3x3xbf16>
    %15 = affine.load %2[%arg3, 0, %arg6, 1] : memref<16x1x3x3xbf16>
    %16 = arith.mulf %13, %15 : bf16
    %17 = arith.addf %11, %16 : bf16
    %c2 = arith.constant 2 : index
    %18 = affine.load %1[0, 0, -1, %arg5 + %c2 - 1] : memref<1x1x16x16xbf16>
    %19 = affine.load %1[0, 0, -1, %arg5 + 1] : memref<1x1x16x16xbf16>
    %20 = affine.load %2[%arg3, 0, %arg6, %c2] : memref<16x1x3x3xbf16>
    %21 = affine.load %2[%arg3, 0, %arg6, 2] : memref<16x1x3x3xbf16>
    %22 = arith.mulf %19, %21 : bf16
    %23 = arith.addf %17, %22 : bf16
    affine.yield %23 : bf16
  }
  affine.store %5, %3[0, %arg3, %arg4, %arg5] : memref<1x16x16x16xbf16>
  affine.yield
module {
  func.func @main_graph(%arg0: memref<1x1x16x16xbf16>, %arg1: memref<16x1x3x3xbf16>, %arg2: memref<16xbf16>) -> memref<1x16x16x16xbf16> attributes {llvm.emit_c_interface, onnxEntryPoint} {
    %0 = call @Conv_0(%arg0, %arg1, %arg2) : (memref<1x1x16x16xbf16>, memref<16x1x3x3xbf16>, memref<16xbf16>) -> memref<1x16x16x16xbf16>
    return %0 : memref<1x16x16x16xbf16>
  }
  func.func @Conv_0(%arg0: memref<1x1x16x16xbf16>, %arg1: memref<16x1x3x3xbf16>, %arg2: memref<16xbf16>) -> memref<1x16x16x16xbf16> attributes {adora_kernel, llvm.emit_c_interface} {
    %c0 = arith.constant 0 : index
    %alloc = memref.alloc() : memref<1x16x16x16xbf16>
    %0 = ADORA.BlockLoad %alloc [0, 0, 0, 0] : memref<1x16x16x16xbf16> -> memref<1x16x16x16xbf16>  {Id = "0", KernelName = "Conv_0"}
    %1 = ADORA.BlockLoad %arg0 [0, 0, 0, 0] : memref<1x1x16x16xbf16> -> memref<1x1x16x16xbf16>  {Id = "1", KernelName = "Conv_0"}
    %2 = ADORA.BlockLoad %arg1 [0, 0, 0, 0] : memref<16x1x3x3xbf16> -> memref<16x1x3x3xbf16>  {Id = "2", KernelName = "Conv_0"}
    %3 = ADORA.LocalMemAlloc memref<1x16x16x16xbf16>  {Id = "3", KernelName = "Conv_0"}
    ADORA.kernel {
      affine.for %arg3 = 0 to 16 {
        affine.for %arg4 = 0 to 16 {
          affine.for %arg5 = 0 to 16 {
            %4 = affine.load %0[0, %arg3, %arg4, %arg5] : memref<1x16x16x16xbf16>
            %5 = affine.for %arg6 = 0 to 3 iter_args(%arg7 = %4) -> (bf16) {
              %6 = affine.load %1[0, 0, -1, %arg5 - 1] : memref<1x1x16x16xbf16>
              %7 = affine.load %2[%arg3, 0, %arg6, 0] : memref<16x1x3x3xbf16>
              %8 = arith.mulf %6, %7 : bf16
              %9 = arith.addf %arg7, %8 : bf16
              %c1 = arith.constant 1 : index
              %10 = affine.load %1[0, 0, -1, %arg5] : memref<1x1x16x16xbf16>
              %11 = affine.load %2[%arg3, 0, %arg6, 1] : memref<16x1x3x3xbf16>
              %12 = arith.mulf %10, %11 : bf16
              %13 = arith.addf %9, %12 : bf16
              %c2 = arith.constant 2 : index
              %14 = affine.load %1[0, 0, -1, %arg5 + 1] : memref<1x1x16x16xbf16>
              %15 = affine.load %2[%arg3, 0, %arg6, 2] : memref<16x1x3x3xbf16>
              %16 = arith.mulf %14, %15 : bf16
              %17 = arith.addf %13, %16 : bf16
              affine.yield %17 : bf16
            }
            affine.store %5, %3[0, %arg3, %arg4, %arg5] : memref<1x16x16x16xbf16>
          }
        }
      }
      ADORA.terminator
    } {KernelName = "Conv_0"}
    ADORA.BlockStore %3, %alloc [0, 0, 0, 0] : memref<1x16x16x16xbf16> -> memref<1x16x16x16xbf16>  {Id = "3", KernelName = "Conv_0"}
    return %alloc : memref<1x16x16x16xbf16>
  }
}
Environment variable " GENERAL_OP_NAME_ENV " is not set.
Using " GENERAL_OP_NAME_ENV " = "/home/jhlou/CGRVOPT/cgra-opt/lib/DFG/Documents/GeneralOpName.txt"
%5 = affine.for %arg6 = 0 to 3 iter_args(%arg7 = %4) -> (bf16) {
  %6 = affine.load %1[0, 0, -1, %arg5 - 1] : memref<1x1x16x16xbf16>
  %7 = affine.load %2[%arg3, 0, %arg6, 0] : memref<16x1x3x3xbf16>
  %8 = arith.mulf %6, %7 : bf16
  %9 = arith.addf %arg7, %8 : bf16
  %c1 = arith.constant 1 : index
  %10 = affine.load %1[0, 0, -1, %arg5] : memref<1x1x16x16xbf16>
  %11 = affine.load %2[%arg3, 0, %arg6, 1] : memref<16x1x3x3xbf16>
  %12 = arith.mulf %10, %11 : bf16
  %13 = arith.addf %9, %12 : bf16
  %c2 = arith.constant 2 : index
  %14 = affine.load %1[0, 0, -1, %arg5 + 1] : memref<1x1x16x16xbf16>
  %15 = affine.load %2[%arg3, 0, %arg6, 2] : memref<16x1x3x3xbf16>
  %16 = arith.mulf %14, %15 : bf16
  %17 = arith.addf %13, %16 : bf16
  affine.yield %17 : bf16
}
%9 = arith.addf %arg7, %8 : bf16
%5 = affine.for %arg6 = 0 to 3 iter_args(%arg7 = %4) -> (bf16) {
  %6 = affine.load %1[0, 0, -1, %arg5 - 1] : memref<1x1x16x16xbf16>
  %7 = affine.load %2[%arg3, 0, %arg6, 0] : memref<16x1x3x3xbf16>
  %8 = arith.mulf %6, %7 : bf16
  %9 = arith.addf %arg7, %8 : bf16
  %c1 = arith.constant 1 : index
  %10 = affine.load %1[0, 0, -1, %arg5] : memref<1x1x16x16xbf16>
  %11 = affine.load %2[%arg3, 0, %arg6, 1] : memref<16x1x3x3xbf16>
  %12 = arith.mulf %10, %11 : bf16
  %13 = arith.addf %9, %12 : bf16
  %c2 = arith.constant 2 : index
  %14 = affine.load %1[0, 0, -1, %arg5 + 1] : memref<1x1x16x16xbf16>
  %15 = affine.load %2[%arg3, 0, %arg6, 2] : memref<16x1x3x3xbf16>
  %16 = arith.mulf %14, %15 : bf16
  %17 = arith.addf %13, %16 : bf16
  affine.yield %17 : bf16
}
%13 = arith.addf %9, %12 : bf16
%5 = affine.for %arg6 = 0 to 3 iter_args(%arg7 = %4) -> (bf16) {
  %6 = affine.load %1[0, 0, -1, %arg5 - 1] : memref<1x1x16x16xbf16>
  %7 = affine.load %2[%arg3, 0, %arg6, 0] : memref<16x1x3x3xbf16>
  %8 = arith.mulf %6, %7 : bf16
  %9 = arith.addf %arg7, %8 : bf16
  %c1 = arith.constant 1 : index
  %10 = affine.load %1[0, 0, -1, %arg5] : memref<1x1x16x16xbf16>
  %11 = affine.load %2[%arg3, 0, %arg6, 1] : memref<16x1x3x3xbf16>
  %12 = arith.mulf %10, %11 : bf16
  %13 = arith.addf %9, %12 : bf16
  %c2 = arith.constant 2 : index
  %14 = affine.load %1[0, 0, -1, %arg5 + 1] : memref<1x1x16x16xbf16>
  %15 = affine.load %2[%arg3, 0, %arg6, 2] : memref<16x1x3x3xbf16>
  %16 = arith.mulf %14, %15 : bf16
  %17 = arith.addf %13, %16 : bf16
  affine.yield %17 : bf16
}
%17 = arith.addf %13, %16 : bf16
%5 = affine.for %arg6 = 0 to 3 iter_args(%arg7 = %4) -> (bf16) {
  %6 = affine.load %1[0, 0, -1, %arg5 - 1] : memref<1x1x16x16xbf16>
  %7 = affine.load %2[%arg3, 0, %arg6, 0] : memref<16x1x3x3xbf16>
  %8 = arith.mulf %6, %7 : bf16
  %9 = arith.addf %arg7, %8 : bf16
  %c1 = arith.constant 1 : index
  %10 = affine.load %1[0, 0, -1, %arg5] : memref<1x1x16x16xbf16>
  %11 = affine.load %2[%arg3, 0, %arg6, 1] : memref<16x1x3x3xbf16>
  %12 = arith.mulf %10, %11 : bf16
  %13 = arith.addf %9, %12 : bf16
  %c2 = arith.constant 2 : index
  %14 = affine.load %1[0, 0, -1, %arg5 + 1] : memref<1x1x16x16xbf16>
  %15 = affine.load %2[%arg3, 0, %arg6, 2] : memref<16x1x3x3xbf16>
  %16 = arith.mulf %14, %15 : bf16
  %17 = arith.addf %13, %16 : bf16
  affine.yield %17 : bf16
}
affine.yield %17 : bf16
%5 = affine.for %arg6 = 0 to 3 iter_args(%arg7 = %cst) -> (bf16) {
  %7 = affine.load %1[0, 0, -1, %arg5 - 1] : memref<1x1x16x16xbf16>
  %8 = affine.load %2[%arg3, 0, %arg6, 0] : memref<16x1x3x3xbf16>
  %9 = arith.mulf %7, %8 : bf16
  %10 = arith.addf %arg7, %9 : bf16
  %c1 = arith.constant 1 : index
  %11 = affine.load %1[0, 0, -1, %arg5] : memref<1x1x16x16xbf16>
  %12 = affine.load %2[%arg3, 0, %arg6, 1] : memref<16x1x3x3xbf16>
  %13 = arith.mulf %11, %12 : bf16
  %14 = arith.addf %10, %13 : bf16
  %c2 = arith.constant 2 : index
  %15 = affine.load %1[0, 0, -1, %arg5 + 1] : memref<1x1x16x16xbf16>
  %16 = affine.load %2[%arg3, 0, %arg6, 2] : memref<16x1x3x3xbf16>
  %17 = arith.mulf %15, %16 : bf16
  %18 = arith.addf %14, %17 : bf16
  affine.yield %18 : bf16
}
%10 = arith.addf %arg7, %9 : bf16
%5 = affine.for %arg6 = 0 to 3 iter_args(%arg7 = %cst) -> (bf16) {
  %7 = affine.load %1[0, 0, -1, %arg5 - 1] : memref<1x1x16x16xbf16>
  %8 = affine.load %2[%arg3, 0, %arg6, 0] : memref<16x1x3x3xbf16>
  %9 = arith.mulf %7, %8 : bf16
  %10 = arith.addf %arg7, %9 : bf16
  %c1 = arith.constant 1 : index
  %11 = affine.load %1[0, 0, -1, %arg5] : memref<1x1x16x16xbf16>
  %12 = affine.load %2[%arg3, 0, %arg6, 1] : memref<16x1x3x3xbf16>
  %13 = arith.mulf %11, %12 : bf16
  %14 = arith.addf %10, %13 : bf16
  %c2 = arith.constant 2 : index
  %15 = affine.load %1[0, 0, -1, %arg5 + 1] : memref<1x1x16x16xbf16>
  %16 = affine.load %2[%arg3, 0, %arg6, 2] : memref<16x1x3x3xbf16>
  %17 = arith.mulf %15, %16 : bf16
  %18 = arith.addf %14, %17 : bf16
  affine.yield %18 : bf16
}
%14 = arith.addf %10, %13 : bf16
%5 = affine.for %arg6 = 0 to 3 iter_args(%arg7 = %cst) -> (bf16) {
  %7 = affine.load %1[0, 0, -1, %arg5 - 1] : memref<1x1x16x16xbf16>
  %8 = affine.load %2[%arg3, 0, %arg6, 0] : memref<16x1x3x3xbf16>
  %9 = arith.mulf %7, %8 : bf16
  %10 = arith.addf %arg7, %9 : bf16
  %c1 = arith.constant 1 : index
  %11 = affine.load %1[0, 0, -1, %arg5] : memref<1x1x16x16xbf16>
  %12 = affine.load %2[%arg3, 0, %arg6, 1] : memref<16x1x3x3xbf16>
  %13 = arith.mulf %11, %12 : bf16
  %14 = arith.addf %10, %13 : bf16
  %c2 = arith.constant 2 : index
  %15 = affine.load %1[0, 0, -1, %arg5 + 1] : memref<1x1x16x16xbf16>
  %16 = affine.load %2[%arg3, 0, %arg6, 2] : memref<16x1x3x3xbf16>
  %17 = arith.mulf %15, %16 : bf16
  %18 = arith.addf %14, %17 : bf16
  affine.yield %18 : bf16
}
%18 = arith.addf %14, %17 : bf16
%5 = affine.for %arg6 = 0 to 3 iter_args(%arg7 = %cst) -> (bf16) {
  %7 = affine.load %1[0, 0, -1, %arg5 - 1] : memref<1x1x16x16xbf16>
  %8 = affine.load %2[%arg3, 0, %arg6, 0] : memref<16x1x3x3xbf16>
  %9 = arith.mulf %7, %8 : bf16
  %10 = arith.addf %arg7, %9 : bf16
  %c1 = arith.constant 1 : index
  %11 = affine.load %1[0, 0, -1, %arg5] : memref<1x1x16x16xbf16>
  %12 = affine.load %2[%arg3, 0, %arg6, 1] : memref<16x1x3x3xbf16>
  %13 = arith.mulf %11, %12 : bf16
  %14 = arith.addf %10, %13 : bf16
  %c2 = arith.constant 2 : index
  %15 = affine.load %1[0, 0, -1, %arg5 + 1] : memref<1x1x16x16xbf16>
  %16 = affine.load %2[%arg3, 0, %arg6, 2] : memref<16x1x3x3xbf16>
  %17 = arith.mulf %15, %16 : bf16
  %18 = arith.addf %14, %17 : bf16
  affine.yield %18 : bf16
}
affine.yield %18 : bf16
%10 = arith.addf %arg7, %9 : bf16
%5 = affine.for %arg6 = 0 to 3 iter_args(%arg7 = %cst) -> (bf16) {
  %7 = affine.load %1[0, 0, -1, %arg5 - 1] : memref<1x1x16x16xbf16>
  %8 = affine.load %2[%arg3, 0, %arg6, 0] : memref<16x1x3x3xbf16>
  %9 = arith.mulf %7, %8 : bf16
  %c1 = arith.constant 1 : index
  %10 = affine.load %1[0, 0, -1, %arg5] : memref<1x1x16x16xbf16>
  %11 = affine.load %2[%arg3, 0, %arg6, 1] : memref<16x1x3x3xbf16>
  %12 = arith.mulf %10, %11 : bf16
  %13 = arith.addf %9, %12 : bf16
  %c2 = arith.constant 2 : index
  %14 = affine.load %1[0, 0, -1, %arg5 + 1] : memref<1x1x16x16xbf16>
  %15 = affine.load %2[%arg3, 0, %arg6, 2] : memref<16x1x3x3xbf16>
  %16 = arith.mulf %14, %15 : bf16
  %17 = arith.addf %13, %16 : bf16
  %18 = arith.addf %17, %arg7 : bf16
  affine.yield %18 : bf16
}
%18 = arith.addf %17, %arg7 : bf16
%5 = affine.for %arg6 = 0 to 3 iter_args(%arg7 = %cst) -> (bf16) {
  %7 = affine.load %1[0, 0, -1, %arg5 - 1] : memref<1x1x16x16xbf16>
  %8 = affine.load %2[%arg3, 0, %arg6, 0] : memref<16x1x3x3xbf16>
  %9 = arith.mulf %7, %8 : bf16
  %c1 = arith.constant 1 : index
  %10 = affine.load %1[0, 0, -1, %arg5] : memref<1x1x16x16xbf16>
  %11 = affine.load %2[%arg3, 0, %arg6, 1] : memref<16x1x3x3xbf16>
  %12 = arith.mulf %10, %11 : bf16
  %13 = arith.addf %9, %12 : bf16
  %c2 = arith.constant 2 : index
  %14 = affine.load %1[0, 0, -1, %arg5 + 1] : memref<1x1x16x16xbf16>
  %15 = affine.load %2[%arg3, 0, %arg6, 2] : memref<16x1x3x3xbf16>
  %16 = arith.mulf %14, %15 : bf16
  %17 = arith.addf %13, %16 : bf16
  %18 = arith.addf %17, %arg7 : bf16
  affine.yield %18 : bf16
}
%18 = arith.addf %17, %arg7 : bf16
%5 = affine.for %arg6 = 0 to 3 iter_args(%arg7 = %cst) -> (bf16) {
  %7 = affine.load %1[0, 0, -1, %arg5 - 1] : memref<1x1x16x16xbf16>
  %8 = affine.load %2[%arg3, 0, %arg6, 0] : memref<16x1x3x3xbf16>
  %9 = arith.mulf %7, %8 : bf16
  %c1 = arith.constant 1 : index
  %10 = affine.load %1[0, 0, -1, %arg5] : memref<1x1x16x16xbf16>
  %11 = affine.load %2[%arg3, 0, %arg6, 1] : memref<16x1x3x3xbf16>
  %12 = arith.mulf %10, %11 : bf16
  %13 = arith.addf %9, %12 : bf16
  %c2 = arith.constant 2 : index
  %14 = affine.load %1[0, 0, -1, %arg5 + 1] : memref<1x1x16x16xbf16>
  %15 = affine.load %2[%arg3, 0, %arg6, 2] : memref<16x1x3x3xbf16>
  %16 = arith.mulf %14, %15 : bf16
  %17 = arith.addf %13, %16 : bf16
  %18 = arith.addf %17, %arg7 : bf16
  affine.yield %18 : bf16
}
affine.yield %18 : bf16
%5 = affine.for %arg6 = 0 to 3 iter_args(%arg7 = %cst) -> (bf16) {
  %7 = affine.load %1[0, 0, -1, %arg5 - 1] : memref<1x1x16x16xbf16>
  %8 = affine.load %2[%arg3, 0, %arg6, 0] : memref<16x1x3x3xbf16>
  %9 = arith.mulf %7, %8 : bf16
  %c1 = arith.constant 1 : index
  %10 = affine.load %1[0, 0, -1, %arg5] : memref<1x1x16x16xbf16>
  %11 = affine.load %2[%arg3, 0, %arg6, 1] : memref<16x1x3x3xbf16>
  %12 = arith.mulf %10, %11 : bf16
  %13 = arith.addf %9, %12 : bf16
  %c2 = arith.constant 2 : index
  %14 = affine.load %1[0, 0, -1, %arg5 + 1] : memref<1x1x16x16xbf16>
  %15 = affine.load %2[%arg3, 0, %arg6, 2] : memref<16x1x3x3xbf16>
  %16 = arith.mulf %14, %15 : bf16
  %17 = arith.addf %13, %16 : bf16
  %18 = arith.addf %17, %arg7 : bf16
  affine.yield %18 : bf16
}
%5 = affine.for %arg6 = 0 to 3 iter_args(%arg7 = %cst) -> (bf16) {
  %7 = affine.load %1[0, 0, -1, %arg5 - 1] : memref<1x1x16x16xbf16>
  %8 = affine.load %2[%arg3, 0, %arg6, 0] : memref<16x1x3x3xbf16>
  %9 = arith.mulf %7, %8 : bf16
  %c1 = arith.constant 1 : index
  %10 = affine.load %1[0, 0, -1, %arg5] : memref<1x1x16x16xbf16>
  %11 = affine.load %2[%arg3, 0, %arg6, 1] : memref<16x1x3x3xbf16>
  %12 = arith.mulf %10, %11 : bf16
  %13 = arith.addf %9, %12 : bf16
  %c2 = arith.constant 2 : index
  %14 = affine.load %1[0, 0, -1, %arg5 + 1] : memref<1x1x16x16xbf16>
  %15 = affine.load %2[%arg3, 0, %arg6, 2] : memref<16x1x3x3xbf16>
  %16 = arith.mulf %14, %15 : bf16
  %17 = arith.addf %13, %16 : bf16
  %18 = arith.addf %17, %arg7 : bf16
  affine.yield %18 : bf16
}
affine.for %arg5 = 0 to 16 {
  %4 = affine.load %0[0, %arg3, %arg4, %arg5] : memref<1x16x16x16xbf16>
  %cst = arith.constant 0.000000e+00 : bf16
  %5 = affine.for %arg6 = 0 to 3 iter_args(%arg7 = %cst) -> (bf16) {
    %7 = affine.load %1[0, 0, -1, %arg5 - 1] : memref<1x1x16x16xbf16>
    %8 = affine.load %2[%arg3, 0, %arg6, 0] : memref<16x1x3x3xbf16>
    %9 = arith.mulf %7, %8 : bf16
    %c1 = arith.constant 1 : index
    %10 = affine.load %1[0, 0, -1, %arg5] : memref<1x1x16x16xbf16>
    %11 = affine.load %2[%arg3, 0, %arg6, 1] : memref<16x1x3x3xbf16>
    %12 = arith.mulf %10, %11 : bf16
    %13 = arith.addf %9, %12 : bf16
    %c2 = arith.constant 2 : index
    %14 = affine.load %1[0, 0, -1, %arg5 + 1] : memref<1x1x16x16xbf16>
    %15 = affine.load %2[%arg3, 0, %arg6, 2] : memref<16x1x3x3xbf16>
    %16 = arith.mulf %14, %15 : bf16
    %17 = arith.addf %13, %16 : bf16
    %18 = arith.addf %17, %arg7 : bf16
    affine.yield %18 : bf16
  }
  %6 = arith.addf %5, %4 : bf16
  affine.store %6, %3[0, %arg3, %arg4, %arg5] : memref<1x16x16x16xbf16>
}
%5 = affine.for %arg6 = 0 to 3 iter_args(%arg7 = %cst) -> (bf16) {
  %7 = affine.load %1[0, 0, -1, %arg5 - 1] : memref<1x1x16x16xbf16>
  %8 = affine.load %2[%arg3, 0, %arg6, 0] : memref<16x1x3x3xbf16>
  %9 = arith.mulf %7, %8 : bf16
  %c1 = arith.constant 1 : index
  %10 = affine.load %1[0, 0, -1, %arg5] : memref<1x1x16x16xbf16>
  %11 = affine.load %2[%arg3, 0, %arg6, 1] : memref<16x1x3x3xbf16>
  %12 = arith.mulf %10, %11 : bf16
  %13 = arith.addf %9, %12 : bf16
  %c2 = arith.constant 2 : index
  %14 = affine.load %1[0, 0, -1, %arg5 + 1] : memref<1x1x16x16xbf16>
  %15 = affine.load %2[%arg3, 0, %arg6, 2] : memref<16x1x3x3xbf16>
  %16 = arith.mulf %14, %15 : bf16
  %17 = arith.addf %13, %16 : bf16
  %18 = arith.addf %17, %arg7 : bf16
  affine.yield %18 : bf16
}
affine.for %arg5 = 0 to 16 {
  %4 = affine.load %0[0, %arg3, %arg4, %arg5] : memref<1x16x16x16xbf16>
  %cst = arith.constant 0.000000e+00 : bf16
  %5 = affine.for %arg6 = 0 to 3 iter_args(%arg7 = %cst) -> (bf16) {
    %7 = affine.load %1[0, 0, -1, %arg5 - 1] : memref<1x1x16x16xbf16>
    %8 = affine.load %2[%arg3, 0, %arg6, 0] : memref<16x1x3x3xbf16>
    %9 = arith.mulf %7, %8 : bf16
    %c1 = arith.constant 1 : index
    %10 = affine.load %1[0, 0, -1, %arg5] : memref<1x1x16x16xbf16>
    %11 = affine.load %2[%arg3, 0, %arg6, 1] : memref<16x1x3x3xbf16>
    %12 = arith.mulf %10, %11 : bf16
    %13 = arith.addf %9, %12 : bf16
    %c2 = arith.constant 2 : index
    %14 = affine.load %1[0, 0, -1, %arg5 + 1] : memref<1x1x16x16xbf16>
    %15 = affine.load %2[%arg3, 0, %arg6, 2] : memref<16x1x3x3xbf16>
    %16 = arith.mulf %14, %15 : bf16
    %17 = arith.addf %13, %16 : bf16
    %18 = arith.addf %17, %arg7 : bf16
    affine.yield %18 : bf16
  }
  %6 = arith.addf %5, %4 : bf16
  affine.store %6, %3[0, %arg3, %arg4, %arg5] : memref<1x16x16x16xbf16>
}
affine.for %arg4 = 0 to 16 {
  affine.for %arg5 = 0 to 16 {
    %4 = affine.load %0[0, %arg3, %arg4, %arg5] : memref<1x16x16x16xbf16>
    %cst = arith.constant 0.000000e+00 : bf16
    %5 = affine.for %arg6 = 0 to 3 iter_args(%arg7 = %cst) -> (bf16) {
      %7 = affine.load %1[0, 0, -1, %arg5 - 1] : memref<1x1x16x16xbf16>
      %8 = affine.load %2[%arg3, 0, %arg6, 0] : memref<16x1x3x3xbf16>
      %9 = arith.mulf %7, %8 : bf16
      %c1 = arith.constant 1 : index
      %10 = affine.load %1[0, 0, -1, %arg5] : memref<1x1x16x16xbf16>
      %11 = affine.load %2[%arg3, 0, %arg6, 1] : memref<16x1x3x3xbf16>
      %12 = arith.mulf %10, %11 : bf16
      %13 = arith.addf %9, %12 : bf16
      %c2 = arith.constant 2 : index
      %14 = affine.load %1[0, 0, -1, %arg5 + 1] : memref<1x1x16x16xbf16>
      %15 = affine.load %2[%arg3, 0, %arg6, 2] : memref<16x1x3x3xbf16>
      %16 = arith.mulf %14, %15 : bf16
      %17 = arith.addf %13, %16 : bf16
      %18 = arith.addf %17, %arg7 : bf16
      affine.yield %18 : bf16
    }
    %6 = arith.addf %5, %4 : bf16
    affine.store %6, %3[0, %arg3, %arg4, %arg5] : memref<1x16x16x16xbf16>
  }
}
%5 = affine.for %arg6 = 0 to 3 iter_args(%arg7 = %cst) -> (bf16) {
  %7 = affine.load %1[0, 0, -1, %arg5 - 1] : memref<1x1x16x16xbf16>
  %8 = affine.load %2[%arg3, 0, %arg6, 0] : memref<16x1x3x3xbf16>
  %9 = arith.mulf %7, %8 : bf16
  %c1 = arith.constant 1 : index
  %10 = affine.load %1[0, 0, -1, %arg5] : memref<1x1x16x16xbf16>
  %11 = affine.load %2[%arg3, 0, %arg6, 1] : memref<16x1x3x3xbf16>
  %12 = arith.mulf %10, %11 : bf16
  %13 = arith.addf %9, %12 : bf16
  %c2 = arith.constant 2 : index
  %14 = affine.load %1[0, 0, -1, %arg5 + 1] : memref<1x1x16x16xbf16>
  %15 = affine.load %2[%arg3, 0, %arg6, 2] : memref<16x1x3x3xbf16>
  %16 = arith.mulf %14, %15 : bf16
  %17 = arith.addf %13, %16 : bf16
  %18 = arith.addf %17, %arg7 : bf16
  affine.yield %18 : bf16
}
affine.for %arg5 = 0 to 16 {
  %4 = affine.load %0[0, %arg3, %arg4, %arg5] : memref<1x16x16x16xbf16>
  %cst = arith.constant 0.000000e+00 : bf16
  %5 = affine.for %arg6 = 0 to 3 iter_args(%arg7 = %cst) -> (bf16) {
    %7 = affine.load %1[0, 0, -1, %arg5 - 1] : memref<1x1x16x16xbf16>
    %8 = affine.load %2[%arg3, 0, %arg6, 0] : memref<16x1x3x3xbf16>
    %9 = arith.mulf %7, %8 : bf16
    %c1 = arith.constant 1 : index
    %10 = affine.load %1[0, 0, -1, %arg5] : memref<1x1x16x16xbf16>
    %11 = affine.load %2[%arg3, 0, %arg6, 1] : memref<16x1x3x3xbf16>
    %12 = arith.mulf %10, %11 : bf16
    %13 = arith.addf %9, %12 : bf16
    %c2 = arith.constant 2 : index
    %14 = affine.load %1[0, 0, -1, %arg5 + 1] : memref<1x1x16x16xbf16>
    %15 = affine.load %2[%arg3, 0, %arg6, 2] : memref<16x1x3x3xbf16>
    %16 = arith.mulf %14, %15 : bf16
    %17 = arith.addf %13, %16 : bf16
    %18 = arith.addf %17, %arg7 : bf16
    affine.yield %18 : bf16
  }
  %6 = arith.addf %5, %4 : bf16
  affine.store %6, %3[0, %arg3, %arg4, %arg5] : memref<1x16x16x16xbf16>
}
affine.for %arg4 = 0 to 16 {
  affine.for %arg5 = 0 to 16 {
    %4 = affine.load %0[0, %arg3, %arg4, %arg5] : memref<1x16x16x16xbf16>
    %cst = arith.constant 0.000000e+00 : bf16
    %5 = affine.for %arg6 = 0 to 3 iter_args(%arg7 = %cst) -> (bf16) {
      %7 = affine.load %1[0, 0, -1, %arg5 - 1] : memref<1x1x16x16xbf16>
      %8 = affine.load %2[%arg3, 0, %arg6, 0] : memref<16x1x3x3xbf16>
      %9 = arith.mulf %7, %8 : bf16
      %c1 = arith.constant 1 : index
      %10 = affine.load %1[0, 0, -1, %arg5] : memref<1x1x16x16xbf16>
      %11 = affine.load %2[%arg3, 0, %arg6, 1] : memref<16x1x3x3xbf16>
      %12 = arith.mulf %10, %11 : bf16
      %13 = arith.addf %9, %12 : bf16
      %c2 = arith.constant 2 : index
      %14 = affine.load %1[0, 0, -1, %arg5 + 1] : memref<1x1x16x16xbf16>
      %15 = affine.load %2[%arg3, 0, %arg6, 2] : memref<16x1x3x3xbf16>
      %16 = arith.mulf %14, %15 : bf16
      %17 = arith.addf %13, %16 : bf16
      %18 = arith.addf %17, %arg7 : bf16
      affine.yield %18 : bf16
    }
    %6 = arith.addf %5, %4 : bf16
    affine.store %6, %3[0, %arg3, %arg4, %arg5] : memref<1x16x16x16xbf16>
  }
}
affine.for %arg3 = 0 to 16 {
  affine.for %arg4 = 0 to 16 {
    affine.for %arg5 = 0 to 16 {
      %4 = affine.load %0[0, %arg3, %arg4, %arg5] : memref<1x16x16x16xbf16>
      %cst = arith.constant 0.000000e+00 : bf16
      %5 = affine.for %arg6 = 0 to 3 iter_args(%arg7 = %cst) -> (bf16) {
        %7 = affine.load %1[0, 0, -1, %arg5 - 1] : memref<1x1x16x16xbf16>
        %8 = affine.load %2[%arg3, 0, %arg6, 0] : memref<16x1x3x3xbf16>
        %9 = arith.mulf %7, %8 : bf16
        %c1 = arith.constant 1 : index
        %10 = affine.load %1[0, 0, -1, %arg5] : memref<1x1x16x16xbf16>
        %11 = affine.load %2[%arg3, 0, %arg6, 1] : memref<16x1x3x3xbf16>
        %12 = arith.mulf %10, %11 : bf16
        %13 = arith.addf %9, %12 : bf16
        %c2 = arith.constant 2 : index
        %14 = affine.load %1[0, 0, -1, %arg5 + 1] : memref<1x1x16x16xbf16>
        %15 = affine.load %2[%arg3, 0, %arg6, 2] : memref<16x1x3x3xbf16>
        %16 = arith.mulf %14, %15 : bf16
        %17 = arith.addf %13, %16 : bf16
        %18 = arith.addf %17, %arg7 : bf16
        affine.yield %18 : bf16
      }
      %6 = arith.addf %5, %4 : bf16
      affine.store %6, %3[0, %arg3, %arg4, %arg5] : memref<1x16x16x16xbf16>
    }
  }
}
[ADDNodes!] %7 = affine.load %1[0, 0, -1, %arg5 - 1] : memref<1x1x16x16xbf16>
[ADDNodes!] %8 = affine.load %2[%arg3, 0, %arg6, 0] : memref<16x1x3x3xbf16>
[ADDNodes!] %9 = arith.mulf %7, %8 : bf16
[ADDNodes!] %c1 = arith.constant 1 : index
[ADDNodes!] %10 = affine.load %1[0, 0, -1, %arg5] : memref<1x1x16x16xbf16>
[ADDNodes!] %11 = affine.load %2[%arg3, 0, %arg6, 1] : memref<16x1x3x3xbf16>
[ADDNodes!] %12 = arith.mulf %10, %11 : bf16
[ADDNodes!] %13 = arith.addf %9, %12 : bf16
[ADDNodes!] %c2 = arith.constant 2 : index
[ADDNodes!] %14 = affine.load %1[0, 0, -1, %arg5 + 1] : memref<1x1x16x16xbf16>
[ADDNodes!] %15 = affine.load %2[%arg3, 0, %arg6, 2] : memref<16x1x3x3xbf16>
[ADDNodes!] %16 = arith.mulf %14, %15 : bf16
[ADDNodes!] %17 = arith.addf %13, %16 : bf16
[ADDNodes!] %18 = arith.addf %17, %arg7 : bf16
[ADDNodes!] affine.yield %18 : bf16
[ADDNodes!] %5 = affine.for %arg6 = 0 to 3 iter_args(%arg7 = %cst) -> (bf16) {
  %7 = affine.load %1[0, 0, -1, %arg5 - 1] : memref<1x1x16x16xbf16>
  %8 = affine.load %2[%arg3, 0, %arg6, 0] : memref<16x1x3x3xbf16>
  %9 = arith.mulf %7, %8 : bf16
  %c1 = arith.constant 1 : index
  %10 = affine.load %1[0, 0, -1, %arg5] : memref<1x1x16x16xbf16>
  %11 = affine.load %2[%arg3, 0, %arg6, 1] : memref<16x1x3x3xbf16>
  %12 = arith.mulf %10, %11 : bf16
  %13 = arith.addf %9, %12 : bf16
  %c2 = arith.constant 2 : index
  %14 = affine.load %1[0, 0, -1, %arg5 + 1] : memref<1x1x16x16xbf16>
  %15 = affine.load %2[%arg3, 0, %arg6, 2] : memref<16x1x3x3xbf16>
  %16 = arith.mulf %14, %15 : bf16
  %17 = arith.addf %13, %16 : bf16
  %18 = arith.addf %17, %arg7 : bf16
  affine.yield %18 : bf16
}
[ADDNodes!] %4 = affine.load %0[0, %arg3, %arg4, %arg5] : memref<1x16x16x16xbf16>
[ADDNodes!] %cst = arith.constant 0.000000e+00 : bf16
[ADDNodes!] %6 = arith.addf %5, %4 : bf16
[ADDNodes!] affine.store %6, %3[0, %arg3, %arg4, %arg5] : memref<1x16x16x16xbf16>
[ADDNodes!] affine.yield
[ADDNodes!] affine.for %arg5 = 0 to 16 {
  %4 = affine.load %0[0, %arg3, %arg4, %arg5] : memref<1x16x16x16xbf16>
  %cst = arith.constant 0.000000e+00 : bf16
  %5 = affine.for %arg6 = 0 to 3 iter_args(%arg7 = %cst) -> (bf16) {
    %7 = affine.load %1[0, 0, -1, %arg5 - 1] : memref<1x1x16x16xbf16>
    %8 = affine.load %2[%arg3, 0, %arg6, 0] : memref<16x1x3x3xbf16>
    %9 = arith.mulf %7, %8 : bf16
    %c1 = arith.constant 1 : index
    %10 = affine.load %1[0, 0, -1, %arg5] : memref<1x1x16x16xbf16>
    %11 = affine.load %2[%arg3, 0, %arg6, 1] : memref<16x1x3x3xbf16>
    %12 = arith.mulf %10, %11 : bf16
    %13 = arith.addf %9, %12 : bf16
    %c2 = arith.constant 2 : index
    %14 = affine.load %1[0, 0, -1, %arg5 + 1] : memref<1x1x16x16xbf16>
    %15 = affine.load %2[%arg3, 0, %arg6, 2] : memref<16x1x3x3xbf16>
    %16 = arith.mulf %14, %15 : bf16
    %17 = arith.addf %13, %16 : bf16
    %18 = arith.addf %17, %arg7 : bf16
    affine.yield %18 : bf16
  }
  %6 = arith.addf %5, %4 : bf16
  affine.store %6, %3[0, %arg3, %arg4, %arg5] : memref<1x16x16x16xbf16>
}
[ADDNodes!] affine.yield
[ADDNodes!] affine.for %arg4 = 0 to 16 {
  affine.for %arg5 = 0 to 16 {
    %4 = affine.load %0[0, %arg3, %arg4, %arg5] : memref<1x16x16x16xbf16>
    %cst = arith.constant 0.000000e+00 : bf16
    %5 = affine.for %arg6 = 0 to 3 iter_args(%arg7 = %cst) -> (bf16) {
      %7 = affine.load %1[0, 0, -1, %arg5 - 1] : memref<1x1x16x16xbf16>
      %8 = affine.load %2[%arg3, 0, %arg6, 0] : memref<16x1x3x3xbf16>
      %9 = arith.mulf %7, %8 : bf16
      %c1 = arith.constant 1 : index
      %10 = affine.load %1[0, 0, -1, %arg5] : memref<1x1x16x16xbf16>
      %11 = affine.load %2[%arg3, 0, %arg6, 1] : memref<16x1x3x3xbf16>
      %12 = arith.mulf %10, %11 : bf16
      %13 = arith.addf %9, %12 : bf16
      %c2 = arith.constant 2 : index
      %14 = affine.load %1[0, 0, -1, %arg5 + 1] : memref<1x1x16x16xbf16>
      %15 = affine.load %2[%arg3, 0, %arg6, 2] : memref<16x1x3x3xbf16>
      %16 = arith.mulf %14, %15 : bf16
      %17 = arith.addf %13, %16 : bf16
      %18 = arith.addf %17, %arg7 : bf16
      affine.yield %18 : bf16
    }
    %6 = arith.addf %5, %4 : bf16
    affine.store %6, %3[0, %arg3, %arg4, %arg5] : memref<1x16x16x16xbf16>
  }
}
[ADDNodes!] affine.yield
[ADDNodes!] affine.for %arg3 = 0 to 16 {
  affine.for %arg4 = 0 to 16 {
    affine.for %arg5 = 0 to 16 {
      %4 = affine.load %0[0, %arg3, %arg4, %arg5] : memref<1x16x16x16xbf16>
      %cst = arith.constant 0.000000e+00 : bf16
      %5 = affine.for %arg6 = 0 to 3 iter_args(%arg7 = %cst) -> (bf16) {
        %7 = affine.load %1[0, 0, -1, %arg5 - 1] : memref<1x1x16x16xbf16>
        %8 = affine.load %2[%arg3, 0, %arg6, 0] : memref<16x1x3x3xbf16>
        %9 = arith.mulf %7, %8 : bf16
        %c1 = arith.constant 1 : index
        %10 = affine.load %1[0, 0, -1, %arg5] : memref<1x1x16x16xbf16>
        %11 = affine.load %2[%arg3, 0, %arg6, 1] : memref<16x1x3x3xbf16>
        %12 = arith.mulf %10, %11 : bf16
        %13 = arith.addf %9, %12 : bf16
        %c2 = arith.constant 2 : index
        %14 = affine.load %1[0, 0, -1, %arg5 + 1] : memref<1x1x16x16xbf16>
        %15 = affine.load %2[%arg3, 0, %arg6, 2] : memref<16x1x3x3xbf16>
        %16 = arith.mulf %14, %15 : bf16
        %17 = arith.addf %13, %16 : bf16
        %18 = arith.addf %17, %arg7 : bf16
        affine.yield %18 : bf16
      }
      %6 = arith.addf %5, %4 : bf16
      affine.store %6, %3[0, %arg3, %arg4, %arg5] : memref<1x16x16x16xbf16>
    }
  }
}
<block argument> of type 'bf16' at index: 1
%5 = affine.for %arg6 = 0 to 3 iter_args(%arg7 = %cst) -> (bf16) {
  %7 = affine.load %1[0, 0, -1, %arg5 - 1] : memref<1x1x16x16xbf16>
  %8 = affine.load %2[%arg3, 0, %arg6, 0] : memref<16x1x3x3xbf16>
  %9 = arith.mulf %7, %8 : bf16
  %c1 = arith.constant 1 : index
  %10 = affine.load %1[0, 0, -1, %arg5] : memref<1x1x16x16xbf16>
  %11 = affine.load %2[%arg3, 0, %arg6, 1] : memref<16x1x3x3xbf16>
  %12 = arith.mulf %10, %11 : bf16
  %13 = arith.addf %9, %12 : bf16
  %c2 = arith.constant 2 : index
  %14 = affine.load %1[0, 0, -1, %arg5 + 1] : memref<1x1x16x16xbf16>
  %15 = affine.load %2[%arg3, 0, %arg6, 2] : memref<16x1x3x3xbf16>
  %16 = arith.mulf %14, %15 : bf16
  %17 = arith.addf %13, %16 : bf16
  %18 = arith.addf %17, %arg7 : bf16
  affine.yield %18 : bf16
}
affine.yield %18 : bf16
%6 = affine.for %arg8 = 0 to 3 iter_args(%arg9 = %arg7) -> (bf16) {
  %7 = affine.load %1[0, 0, -1, %arg5 + %arg8 - 1] : memref<1x1x16x16xbf16>
  %8 = affine.load %2[%arg3, 0, %arg6, %arg8] : memref<16x1x3x3xbf16>
  %9 = arith.mulf %7, %8 : bf16
  %10 = arith.addf %arg9, %9 : bf16
  affine.yield %10 : bf16
}
%5 = affine.for %arg6 = 0 to 3 iter_args(%arg7 = %4) -> (bf16) {
  %6 = affine.for %arg8 = 0 to 3 iter_args(%arg9 = %arg7) -> (bf16) {
    %7 = affine.load %1[0, 0, -1, %arg5 + %arg8 - 1] : memref<1x1x16x16xbf16>
    %8 = affine.load %2[%arg3, 0, %arg6, %arg8] : memref<16x1x3x3xbf16>
    %9 = arith.mulf %7, %8 : bf16
    %10 = arith.addf %arg9, %9 : bf16
    affine.yield %10 : bf16
  }
  affine.yield %6 : bf16
}
affine.for %arg5 = 0 to 16 {
  %4 = affine.load %0[0, %arg3, %arg4, %arg5] : memref<1x16x16x16xbf16>
  %5 = affine.for %arg6 = 0 to 3 iter_args(%arg7 = %4) -> (bf16) {
    %6 = affine.for %arg8 = 0 to 3 iter_args(%arg9 = %arg7) -> (bf16) {
      %7 = affine.load %1[0, 0, -1, %arg5 + %arg8 - 1] : memref<1x1x16x16xbf16>
      %8 = affine.load %2[%arg3, 0, %arg6, %arg8] : memref<16x1x3x3xbf16>
      %9 = arith.mulf %7, %8 : bf16
      %10 = arith.addf %arg9, %9 : bf16
      affine.yield %10 : bf16
    }
    affine.yield %6 : bf16
  }
  affine.store %5, %3[0, %arg3, %arg4, %arg5] : memref<1x16x16x16xbf16>
}
affine.for %arg4 = 0 to 16 {
  affine.for %arg5 = 0 to 16 {
    %4 = affine.load %0[0, %arg3, %arg4, %arg5] : memref<1x16x16x16xbf16>
    %5 = affine.for %arg6 = 0 to 3 iter_args(%arg7 = %4) -> (bf16) {
      %6 = affine.for %arg8 = 0 to 3 iter_args(%arg9 = %arg7) -> (bf16) {
        %7 = affine.load %1[0, 0, -1, %arg5 + %arg8 - 1] : memref<1x1x16x16xbf16>
        %8 = affine.load %2[%arg3, 0, %arg6, %arg8] : memref<16x1x3x3xbf16>
        %9 = arith.mulf %7, %8 : bf16
        %10 = arith.addf %arg9, %9 : bf16
        affine.yield %10 : bf16
      }
      affine.yield %6 : bf16
    }
    affine.store %5, %3[0, %arg3, %arg4, %arg5] : memref<1x16x16x16xbf16>
  }
}
affine.for %arg3 = 0 to 16 {
  affine.for %arg4 = 0 to 16 {
    affine.for %arg5 = 0 to 16 {
      %4 = affine.load %0[0, %arg3, %arg4, %arg5] : memref<1x16x16x16xbf16>
      %5 = affine.for %arg6 = 0 to 3 iter_args(%arg7 = %4) -> (bf16) {
        %6 = affine.for %arg8 = 0 to 3 iter_args(%arg9 = %arg7) -> (bf16) {
          %7 = affine.load %1[0, 0, -1, %arg5 + %arg8 - 1] : memref<1x1x16x16xbf16>
          %8 = affine.load %2[%arg3, 0, %arg6, %arg8] : memref<16x1x3x3xbf16>
          %9 = arith.mulf %7, %8 : bf16
          %10 = arith.addf %arg9, %9 : bf16
          affine.yield %10 : bf16
        }
        affine.yield %6 : bf16
      }
      affine.store %5, %3[0, %arg3, %arg4, %arg5] : memref<1x16x16x16xbf16>
    }
  }
}
affine.for %arg3 = 0 to 16 {
  affine.for %arg4 = 0 to 16 {
    affine.for %arg5 = 0 to 16 {
      %4 = affine.load %0[0, %arg3, %arg4, %arg5] : memref<1x16x16x16xbf16>
      %5 = affine.for %arg6 = 0 to 3 iter_args(%arg7 = %4) -> (bf16) {
        %6 = affine.for %arg8 = 0 to 3 iter_args(%arg9 = %arg7) -> (bf16) {
          %7 = affine.load %1[0, 0, -1, %arg5 + %arg8 - 1] : memref<1x1x16x16xbf16>
          %8 = affine.load %2[%arg3, 0, %arg6, %arg8] : memref<16x1x3x3xbf16>
          %9 = arith.mulf %7, %8 : bf16
          %10 = arith.addf %arg9, %9 : bf16
          affine.yield %10 : bf16
        }
        affine.yield %6 : bf16
      }
      affine.store %5, %3[0, %arg3, %arg4, %arg5] : memref<1x16x16x16xbf16>
    }
  }
}
    4: perfect, innermost
   3: imperfect
  2: perfect
 1: perfect
0: outermost
%6 = affine.for %arg8 = 0 to 3 iter_args(%arg9 = %arg7) -> (bf16) {
  %7 = affine.load %1[0, 0, -1, %arg5 + %arg8 - 1] : memref<1x1x16x16xbf16>
  %8 = affine.load %2[%arg3, 0, %arg6, %arg8] : memref<16x1x3x3xbf16>
  %9 = arith.mulf %7, %8 : bf16
  %10 = arith.addf %arg9, %9 : bf16
  affine.yield %10 : bf16
}
%6 = affine.for %arg8 = 0 to 3 iter_args(%arg9 = %arg7) -> (bf16) {
  %7 = affine.load %1[0, 0, -1, %arg5 + %arg8 - 1] : memref<1x1x16x16xbf16>
  %8 = affine.load %2[%arg3, 0, %arg6, %arg8] : memref<16x1x3x3xbf16>
  %9 = arith.mulf %7, %8 : bf16
  %10 = arith.addf %arg9, %9 : bf16
  affine.yield %10 : bf16
}
%5 = affine.for %arg6 = 0 to 3 iter_args(%arg7 = %4) -> (bf16) {
  %6 = affine.load %1[0, 0, -1, %arg5 + %c0 - 1] : memref<1x1x16x16xbf16>
  %7 = affine.load %2[%arg3, 0, %arg6, %c0] : memref<16x1x3x3xbf16>
  %8 = arith.mulf %6, %7 : bf16
  %9 = arith.addf %arg7, %8 : bf16
  %10 = affine.apply affine_map<(d0) -> (d0 + 1)>(%c0)
  %11 = affine.load %1[0, 0, -1, %arg5 + %10 - 1] : memref<1x1x16x16xbf16>
  %12 = affine.load %2[%arg3, 0, %arg6, %10] : memref<16x1x3x3xbf16>
  %13 = arith.mulf %11, %12 : bf16
  %14 = arith.addf %9, %13 : bf16
  %15 = affine.apply affine_map<(d0) -> (d0 + 2)>(%c0)
  %16 = affine.load %1[0, 0, -1, %arg5 + %15 - 1] : memref<1x1x16x16xbf16>
  %17 = affine.load %2[%arg3, 0, %arg6, %15] : memref<16x1x3x3xbf16>
  %18 = arith.mulf %16, %17 : bf16
  %19 = arith.addf %14, %18 : bf16
  affine.yield %19 : bf16
}
%5 = affine.for %arg6 = 0 to 3 iter_args(%arg7 = %4) -> (bf16) {
  %6 = affine.load %1[0, 0, -1, %arg5 + %c0 - 1] : memref<1x1x16x16xbf16>
  %7 = affine.load %2[%arg3, 0, %arg6, %c0] : memref<16x1x3x3xbf16>
  %8 = arith.mulf %6, %7 : bf16
  %9 = arith.addf %arg7, %8 : bf16
  %10 = affine.apply affine_map<(d0) -> (d0 + 1)>(%c0)
  %11 = affine.load %1[0, 0, -1, %arg5 + %10 - 1] : memref<1x1x16x16xbf16>
  %12 = affine.load %2[%arg3, 0, %arg6, %10] : memref<16x1x3x3xbf16>
  %13 = arith.mulf %11, %12 : bf16
  %14 = arith.addf %9, %13 : bf16
  %15 = affine.apply affine_map<(d0) -> (d0 + 2)>(%c0)
  %16 = affine.load %1[0, 0, -1, %arg5 + %15 - 1] : memref<1x1x16x16xbf16>
  %17 = affine.load %2[%arg3, 0, %arg6, %15] : memref<16x1x3x3xbf16>
  %18 = arith.mulf %16, %17 : bf16
  %19 = arith.addf %14, %18 : bf16
  affine.yield %19 : bf16
}
"affine.for"() <{lowerBoundMap = affine_map<() -> (0)>, operandSegmentSizes = array<i32: 0, 0, 0>, step = 1 : index, upperBoundMap = affine_map<() -> (16)>}> ({
^bb0(%arg5: index):
  %7 = "affine.load"(%3, %arg3, %arg4, %arg5) <{map = affine_map<(d0, d1, d2) -> (0, d0, d1, d2)>}> : (memref<1x16x16x16xbf16>, index, index, index) -> bf16
  %8 = "affine.load"(%4, %arg5, %1) <{map = affine_map<(d0, d1) -> (0, 0, -1, d0 + d1 - 1)>}> : (memref<1x1x16x16xbf16>, index, index) -> bf16
  %9 = "affine.load"(%4, %arg5, %14) <{map = affine_map<(d0, d1) -> (0, 0, -1, d0 + d1 - 1)>}> : (memref<1x1x16x16xbf16>, index, index) -> bf16
  %10 = "affine.load"(%4, %arg5, %18) <{map = affine_map<(d0, d1) -> (0, 0, -1, d0 + d1 - 1)>}> : (memref<1x1x16x16xbf16>, index, index) -> bf16
  %11 = "affine.load"(%5, %arg3, %0, %1) <{map = affine_map<(d0, d1, d2) -> (d0, 0, d1, d2)>}> : (memref<16x1x3x3xbf16>, index, index, index) -> bf16
  %12 = "arith.mulf"(%8, %11) <{fastmath = #arith.fastmath<none>}> : (bf16, bf16) -> bf16
  %13 = "arith.addf"(%7, %12) <{fastmath = #arith.fastmath<none>}> : (bf16, bf16) -> bf16
  %14 = "affine.apply"(%1) <{map = affine_map<(d0) -> (d0 + 1)>}> : (index) -> index
  %15 = "affine.load"(%5, %arg3, %0, %14) <{map = affine_map<(d0, d1, d2) -> (d0, 0, d1, d2)>}> : (memref<16x1x3x3xbf16>, index, index, index) -> bf16
  %16 = "arith.mulf"(%9, %15) <{fastmath = #arith.fastmath<none>}> : (bf16, bf16) -> bf16
  %17 = "arith.addf"(%13, %16) <{fastmath = #arith.fastmath<none>}> : (bf16, bf16) -> bf16
  %18 = "affine.apply"(%1) <{map = affine_map<(d0) -> (d0 + 2)>}> : (index) -> index
  %19 = "affine.load"(%5, %arg3, %0, %18) <{map = affine_map<(d0, d1, d2) -> (d0, 0, d1, d2)>}> : (memref<16x1x3x3xbf16>, index, index, index) -> bf16
  %20 = "arith.mulf"(%10, %19) <{fastmath = #arith.fastmath<none>}> : (bf16, bf16) -> bf16
  %21 = "arith.addf"(%17, %20) <{fastmath = #arith.fastmath<none>}> : (bf16, bf16) -> bf16
  %22 = "affine.apply"(%0) <{map = affine_map<(d0) -> (d0 + 1)>}> : (index) -> index
  %23 = "affine.load"(%5, %arg3, %22, %1) <{map = affine_map<(d0, d1, d2) -> (d0, 0, d1, d2)>}> : (memref<16x1x3x3xbf16>, index, index, index) -> bf16
  %24 = "arith.mulf"(%8, %23) <{fastmath = #arith.fastmath<none>}> : (bf16, bf16) -> bf16
  %25 = "arith.addf"(%21, %24) <{fastmath = #arith.fastmath<none>}> : (bf16, bf16) -> bf16
  %26 = "affine.apply"(%1) <{map = affine_map<(d0) -> (d0 + 1)>}> : (index) -> index
  %27 = "affine.load"(%5, %arg3, %22, %26) <{map = affine_map<(d0, d1, d2) -> (d0, 0, d1, d2)>}> : (memref<16x1x3x3xbf16>, index, index, index) -> bf16
  %28 = "arith.mulf"(%9, %27) <{fastmath = #arith.fastmath<none>}> : (bf16, bf16) -> bf16
  %29 = "arith.addf"(%25, %28) <{fastmath = #arith.fastmath<none>}> : (bf16, bf16) -> bf16
  %30 = "affine.apply"(%1) <{map = affine_map<(d0) -> (d0 + 2)>}> : (index) -> index
  %31 = "affine.load"(%5, %arg3, %22, %30) <{map = affine_map<(d0, d1, d2) -> (d0, 0, d1, d2)>}> : (memref<16x1x3x3xbf16>, index, index, index) -> bf16
  %32 = "arith.mulf"(%10, %31) <{fastmath = #arith.fastmath<none>}> : (bf16, bf16) -> bf16
  %33 = "arith.addf"(%29, %32) <{fastmath = #arith.fastmath<none>}> : (bf16, bf16) -> bf16
  %34 = "affine.apply"(%0) <{map = affine_map<(d0) -> (d0 + 2)>}> : (index) -> index
  %35 = "affine.load"(%5, %arg3, %34, %1) <{map = affine_map<(d0, d1, d2) -> (d0, 0, d1, d2)>}> : (memref<16x1x3x3xbf16>, index, index, index) -> bf16
  %36 = "arith.mulf"(%8, %35) <{fastmath = #arith.fastmath<none>}> : (bf16, bf16) -> bf16
  %37 = "arith.addf"(%33, %36) <{fastmath = #arith.fastmath<none>}> : (bf16, bf16) -> bf16
  %38 = "affine.apply"(%1) <{map = affine_map<(d0) -> (d0 + 1)>}> : (index) -> index
  %39 = "affine.load"(%5, %arg3, %34, %38) <{map = affine_map<(d0, d1, d2) -> (d0, 0, d1, d2)>}> : (memref<16x1x3x3xbf16>, index, index, index) -> bf16
  %40 = "arith.mulf"(%9, %39) <{fastmath = #arith.fastmath<none>}> : (bf16, bf16) -> bf16
  %41 = "arith.addf"(%37, %40) <{fastmath = #arith.fastmath<none>}> : (bf16, bf16) -> bf16
  %42 = "affine.apply"(%1) <{map = affine_map<(d0) -> (d0 + 2)>}> : (index) -> index
  %43 = "affine.load"(%5, %arg3, %34, %42) <{map = affine_map<(d0, d1, d2) -> (d0, 0, d1, d2)>}> : (memref<16x1x3x3xbf16>, index, index, index) -> bf16
  %44 = "arith.mulf"(%10, %43) <{fastmath = #arith.fastmath<none>}> : (bf16, bf16) -> bf16
  %45 = "arith.addf"(%41, %44) <{fastmath = #arith.fastmath<none>}> : (bf16, bf16) -> bf16
  "affine.store"(%45, %6, %arg3, %arg4, %arg5) <{map = affine_map<(d0, d1, d2) -> (0, d0, d1, d2)>}> : (bf16, memref<1x16x16x16xbf16>, index, index, index) -> ()
  "affine.yield"() : () -> ()
}) : () -> ()
"affine.for"() <{lowerBoundMap = affine_map<() -> (0)>, operandSegmentSizes = array<i32: 0, 0, 0>, step = 1 : index, upperBoundMap = affine_map<() -> (16)>}> ({
^bb0(%arg4: index):
  "affine.for"() <{lowerBoundMap = affine_map<() -> (0)>, operandSegmentSizes = array<i32: 0, 0, 0>, step = 1 : index, upperBoundMap = affine_map<() -> (16)>}> ({
  ^bb0(%arg5: index):
    %7 = "affine.load"(%3, %arg3, %arg4, %arg5) <{map = affine_map<(d0, d1, d2) -> (0, d0, d1, d2)>}> : (memref<1x16x16x16xbf16>, index, index, index) -> bf16
    %8 = "affine.load"(%4, %arg5, %1) <{map = affine_map<(d0, d1) -> (0, 0, -1, d0 + d1 - 1)>}> : (memref<1x1x16x16xbf16>, index, index) -> bf16
    %9 = "affine.load"(%4, %arg5, %14) <{map = affine_map<(d0, d1) -> (0, 0, -1, d0 + d1 - 1)>}> : (memref<1x1x16x16xbf16>, index, index) -> bf16
    %10 = "affine.load"(%4, %arg5, %18) <{map = affine_map<(d0, d1) -> (0, 0, -1, d0 + d1 - 1)>}> : (memref<1x1x16x16xbf16>, index, index) -> bf16
    %11 = "affine.load"(%5, %arg3, %0, %1) <{map = affine_map<(d0, d1, d2) -> (d0, 0, d1, d2)>}> : (memref<16x1x3x3xbf16>, index, index, index) -> bf16
    %12 = "arith.mulf"(%8, %11) <{fastmath = #arith.fastmath<none>}> : (bf16, bf16) -> bf16
    %13 = "arith.addf"(%7, %12) <{fastmath = #arith.fastmath<none>}> : (bf16, bf16) -> bf16
    %14 = "affine.apply"(%1) <{map = affine_map<(d0) -> (d0 + 1)>}> : (index) -> index
    %15 = "affine.load"(%5, %arg3, %0, %14) <{map = affine_map<(d0, d1, d2) -> (d0, 0, d1, d2)>}> : (memref<16x1x3x3xbf16>, index, index, index) -> bf16
    %16 = "arith.mulf"(%9, %15) <{fastmath = #arith.fastmath<none>}> : (bf16, bf16) -> bf16
    %17 = "arith.addf"(%13, %16) <{fastmath = #arith.fastmath<none>}> : (bf16, bf16) -> bf16
    %18 = "affine.apply"(%1) <{map = affine_map<(d0) -> (d0 + 2)>}> : (index) -> index
    %19 = "affine.load"(%5, %arg3, %0, %18) <{map = affine_map<(d0, d1, d2) -> (d0, 0, d1, d2)>}> : (memref<16x1x3x3xbf16>, index, index, index) -> bf16
    %20 = "arith.mulf"(%10, %19) <{fastmath = #arith.fastmath<none>}> : (bf16, bf16) -> bf16
    %21 = "arith.addf"(%17, %20) <{fastmath = #arith.fastmath<none>}> : (bf16, bf16) -> bf16
    %22 = "affine.apply"(%0) <{map = affine_map<(d0) -> (d0 + 1)>}> : (index) -> index
    %23 = "affine.load"(%5, %arg3, %22, %1) <{map = affine_map<(d0, d1, d2) -> (d0, 0, d1, d2)>}> : (memref<16x1x3x3xbf16>, index, index, index) -> bf16
    %24 = "arith.mulf"(%8, %23) <{fastmath = #arith.fastmath<none>}> : (bf16, bf16) -> bf16
    %25 = "arith.addf"(%21, %24) <{fastmath = #arith.fastmath<none>}> : (bf16, bf16) -> bf16
    %26 = "affine.apply"(%1) <{map = affine_map<(d0) -> (d0 + 1)>}> : (index) -> index
    %27 = "affine.load"(%5, %arg3, %22, %26) <{map = affine_map<(d0, d1, d2) -> (d0, 0, d1, d2)>}> : (memref<16x1x3x3xbf16>, index, index, index) -> bf16
    %28 = "arith.mulf"(%9, %27) <{fastmath = #arith.fastmath<none>}> : (bf16, bf16) -> bf16
    %29 = "arith.addf"(%25, %28) <{fastmath = #arith.fastmath<none>}> : (bf16, bf16) -> bf16
    %30 = "affine.apply"(%1) <{map = affine_map<(d0) -> (d0 + 2)>}> : (index) -> index
    %31 = "affine.load"(%5, %arg3, %22, %30) <{map = affine_map<(d0, d1, d2) -> (d0, 0, d1, d2)>}> : (memref<16x1x3x3xbf16>, index, index, index) -> bf16
    %32 = "arith.mulf"(%10, %31) <{fastmath = #arith.fastmath<none>}> : (bf16, bf16) -> bf16
    %33 = "arith.addf"(%29, %32) <{fastmath = #arith.fastmath<none>}> : (bf16, bf16) -> bf16
    %34 = "affine.apply"(%0) <{map = affine_map<(d0) -> (d0 + 2)>}> : (index) -> index
    %35 = "affine.load"(%5, %arg3, %34, %1) <{map = affine_map<(d0, d1, d2) -> (d0, 0, d1, d2)>}> : (memref<16x1x3x3xbf16>, index, index, index) -> bf16
    %36 = "arith.mulf"(%8, %35) <{fastmath = #arith.fastmath<none>}> : (bf16, bf16) -> bf16
    %37 = "arith.addf"(%33, %36) <{fastmath = #arith.fastmath<none>}> : (bf16, bf16) -> bf16
    %38 = "affine.apply"(%1) <{map = affine_map<(d0) -> (d0 + 1)>}> : (index) -> index
    %39 = "affine.load"(%5, %arg3, %34, %38) <{map = affine_map<(d0, d1, d2) -> (d0, 0, d1, d2)>}> : (memref<16x1x3x3xbf16>, index, index, index) -> bf16
    %40 = "arith.mulf"(%9, %39) <{fastmath = #arith.fastmath<none>}> : (bf16, bf16) -> bf16
    %41 = "arith.addf"(%37, %40) <{fastmath = #arith.fastmath<none>}> : (bf16, bf16) -> bf16
    %42 = "affine.apply"(%1) <{map = affine_map<(d0) -> (d0 + 2)>}> : (index) -> index
    %43 = "affine.load"(%5, %arg3, %34, %42) <{map = affine_map<(d0, d1, d2) -> (d0, 0, d1, d2)>}> : (memref<16x1x3x3xbf16>, index, index, index) -> bf16
    %44 = "arith.mulf"(%10, %43) <{fastmath = #arith.fastmath<none>}> : (bf16, bf16) -> bf16
    %45 = "arith.addf"(%41, %44) <{fastmath = #arith.fastmath<none>}> : (bf16, bf16) -> bf16
    "affine.store"(%45, %6, %arg3, %arg4, %arg5) <{map = affine_map<(d0, d1, d2) -> (0, d0, d1, d2)>}> : (bf16, memref<1x16x16x16xbf16>, index, index, index) -> ()
    "affine.yield"() : () -> ()
  }) : () -> ()
  "affine.yield"() : () -> ()
}) : () -> ()
"affine.for"() <{lowerBoundMap = affine_map<() -> (0)>, operandSegmentSizes = array<i32: 0, 0, 0>, step = 1 : index, upperBoundMap = affine_map<() -> (16)>}> ({
^bb0(%arg3: index):
  "affine.for"() <{lowerBoundMap = affine_map<() -> (0)>, operandSegmentSizes = array<i32: 0, 0, 0>, step = 1 : index, upperBoundMap = affine_map<() -> (16)>}> ({
  ^bb0(%arg4: index):
    "affine.for"() <{lowerBoundMap = affine_map<() -> (0)>, operandSegmentSizes = array<i32: 0, 0, 0>, step = 1 : index, upperBoundMap = affine_map<() -> (16)>}> ({
    ^bb0(%arg5: index):
      %7 = "affine.load"(%3, %arg3, %arg4, %arg5) <{map = affine_map<(d0, d1, d2) -> (0, d0, d1, d2)>}> : (memref<1x16x16x16xbf16>, index, index, index) -> bf16
      %8 = "affine.load"(%4, %arg5, %1) <{map = affine_map<(d0, d1) -> (0, 0, -1, d0 + d1 - 1)>}> : (memref<1x1x16x16xbf16>, index, index) -> bf16
      %9 = "affine.load"(%4, %arg5, %14) <{map = affine_map<(d0, d1) -> (0, 0, -1, d0 + d1 - 1)>}> : (memref<1x1x16x16xbf16>, index, index) -> bf16
      %10 = "affine.load"(%4, %arg5, %18) <{map = affine_map<(d0, d1) -> (0, 0, -1, d0 + d1 - 1)>}> : (memref<1x1x16x16xbf16>, index, index) -> bf16
      %11 = "affine.load"(%5, %arg3, %0, %1) <{map = affine_map<(d0, d1, d2) -> (d0, 0, d1, d2)>}> : (memref<16x1x3x3xbf16>, index, index, index) -> bf16
      %12 = "arith.mulf"(%8, %11) <{fastmath = #arith.fastmath<none>}> : (bf16, bf16) -> bf16
      %13 = "arith.addf"(%7, %12) <{fastmath = #arith.fastmath<none>}> : (bf16, bf16) -> bf16
      %14 = "affine.apply"(%1) <{map = affine_map<(d0) -> (d0 + 1)>}> : (index) -> index
      %15 = "affine.load"(%5, %arg3, %0, %14) <{map = affine_map<(d0, d1, d2) -> (d0, 0, d1, d2)>}> : (memref<16x1x3x3xbf16>, index, index, index) -> bf16
      %16 = "arith.mulf"(%9, %15) <{fastmath = #arith.fastmath<none>}> : (bf16, bf16) -> bf16
      %17 = "arith.addf"(%13, %16) <{fastmath = #arith.fastmath<none>}> : (bf16, bf16) -> bf16
      %18 = "affine.apply"(%1) <{map = affine_map<(d0) -> (d0 + 2)>}> : (index) -> index
      %19 = "affine.load"(%5, %arg3, %0, %18) <{map = affine_map<(d0, d1, d2) -> (d0, 0, d1, d2)>}> : (memref<16x1x3x3xbf16>, index, index, index) -> bf16
      %20 = "arith.mulf"(%10, %19) <{fastmath = #arith.fastmath<none>}> : (bf16, bf16) -> bf16
      %21 = "arith.addf"(%17, %20) <{fastmath = #arith.fastmath<none>}> : (bf16, bf16) -> bf16
      %22 = "affine.apply"(%0) <{map = affine_map<(d0) -> (d0 + 1)>}> : (index) -> index
      %23 = "affine.load"(%5, %arg3, %22, %1) <{map = affine_map<(d0, d1, d2) -> (d0, 0, d1, d2)>}> : (memref<16x1x3x3xbf16>, index, index, index) -> bf16
      %24 = "arith.mulf"(%8, %23) <{fastmath = #arith.fastmath<none>}> : (bf16, bf16) -> bf16
      %25 = "arith.addf"(%21, %24) <{fastmath = #arith.fastmath<none>}> : (bf16, bf16) -> bf16
      %26 = "affine.apply"(%1) <{map = affine_map<(d0) -> (d0 + 1)>}> : (index) -> index
      %27 = "affine.load"(%5, %arg3, %22, %26) <{map = affine_map<(d0, d1, d2) -> (d0, 0, d1, d2)>}> : (memref<16x1x3x3xbf16>, index, index, index) -> bf16
      %28 = "arith.mulf"(%9, %27) <{fastmath = #arith.fastmath<none>}> : (bf16, bf16) -> bf16
      %29 = "arith.addf"(%25, %28) <{fastmath = #arith.fastmath<none>}> : (bf16, bf16) -> bf16
      %30 = "affine.apply"(%1) <{map = affine_map<(d0) -> (d0 + 2)>}> : (index) -> index
      %31 = "affine.load"(%5, %arg3, %22, %30) <{map = affine_map<(d0, d1, d2) -> (d0, 0, d1, d2)>}> : (memref<16x1x3x3xbf16>, index, index, index) -> bf16
      %32 = "arith.mulf"(%10, %31) <{fastmath = #arith.fastmath<none>}> : (bf16, bf16) -> bf16
      %33 = "arith.addf"(%29, %32) <{fastmath = #arith.fastmath<none>}> : (bf16, bf16) -> bf16
      %34 = "affine.apply"(%0) <{map = affine_map<(d0) -> (d0 + 2)>}> : (index) -> index
      %35 = "affine.load"(%5, %arg3, %34, %1) <{map = affine_map<(d0, d1, d2) -> (d0, 0, d1, d2)>}> : (memref<16x1x3x3xbf16>, index, index, index) -> bf16
      %36 = "arith.mulf"(%8, %35) <{fastmath = #arith.fastmath<none>}> : (bf16, bf16) -> bf16
      %37 = "arith.addf"(%33, %36) <{fastmath = #arith.fastmath<none>}> : (bf16, bf16) -> bf16
      %38 = "affine.apply"(%1) <{map = affine_map<(d0) -> (d0 + 1)>}> : (index) -> index
      %39 = "affine.load"(%5, %arg3, %34, %38) <{map = affine_map<(d0, d1, d2) -> (d0, 0, d1, d2)>}> : (memref<16x1x3x3xbf16>, index, index, index) -> bf16
      %40 = "arith.mulf"(%9, %39) <{fastmath = #arith.fastmath<none>}> : (bf16, bf16) -> bf16
      %41 = "arith.addf"(%37, %40) <{fastmath = #arith.fastmath<none>}> : (bf16, bf16) -> bf16
      %42 = "affine.apply"(%1) <{map = affine_map<(d0) -> (d0 + 2)>}> : (index) -> index
      %43 = "affine.load"(%5, %arg3, %34, %42) <{map = affine_map<(d0, d1, d2) -> (d0, 0, d1, d2)>}> : (memref<16x1x3x3xbf16>, index, index, index) -> bf16
      %44 = "arith.mulf"(%10, %43) <{fastmath = #arith.fastmath<none>}> : (bf16, bf16) -> bf16
      %45 = "arith.addf"(%41, %44) <{fastmath = #arith.fastmath<none>}> : (bf16, bf16) -> bf16
      "affine.store"(%45, %6, %arg3, %arg4, %arg5) <{map = affine_map<(d0, d1, d2) -> (0, d0, d1, d2)>}> : (bf16, memref<1x16x16x16xbf16>, index, index, index) -> ()
      "affine.yield"() : () -> ()
    }) : () -> ()
    "affine.yield"() : () -> ()
  }) : () -> ()
  "affine.yield"() : () -> ()
}) : () -> ()
"builtin.module"() ({
  "func.func"() <{function_type = (memref<1x1x16x16xbf16>, memref<16x1x3x3xbf16>, memref<16xbf16>) -> memref<1x16x16x16xbf16>, sym_name = "main_graph"}> ({
  ^bb0(%arg6: memref<1x1x16x16xbf16>, %arg7: memref<16x1x3x3xbf16>, %arg8: memref<16xbf16>):
    %46 = "func.call"(%arg6, %arg7, %arg8) <{callee = @Conv_0}> : (memref<1x1x16x16xbf16>, memref<16x1x3x3xbf16>, memref<16xbf16>) -> memref<1x16x16x16xbf16>
    "func.return"(%46) : (memref<1x16x16x16xbf16>) -> ()
  }) {llvm.emit_c_interface, onnxEntryPoint} : () -> ()
  "func.func"() <{function_type = (memref<1x1x16x16xbf16>, memref<16x1x3x3xbf16>, memref<16xbf16>) -> memref<1x16x16x16xbf16>, sym_name = "Conv_0"}> ({
  ^bb0(%arg0: memref<1x1x16x16xbf16>, %arg1: memref<16x1x3x3xbf16>, %arg2: memref<16xbf16>):
    %0 = "arith.constant"() <{value = 0 : index}> : () -> index
    %1 = "arith.constant"() <{value = 0 : index}> : () -> index
    %2 = "memref.alloc"() <{operandSegmentSizes = array<i32: 0, 0>}> : () -> memref<1x16x16x16xbf16>
    %3 = "ADORA.BlockLoad"(%2) {Id = "0", KernelName = "Conv_0", map = affine_map<() -> (0, 0, 0, 0)>} : (memref<1x16x16x16xbf16>) -> memref<1x16x16x16xbf16>
    %4 = "ADORA.BlockLoad"(%arg0) {Id = "1", KernelName = "Conv_0", map = affine_map<() -> (0, 0, 0, 0)>} : (memref<1x1x16x16xbf16>) -> memref<1x1x16x16xbf16>
    %5 = "ADORA.BlockLoad"(%arg1) {Id = "2", KernelName = "Conv_0", map = affine_map<() -> (0, 0, 0, 0)>} : (memref<16x1x3x3xbf16>) -> memref<16x1x3x3xbf16>
    %6 = "ADORA.LocalMemAlloc"() {Id = "3", KernelName = "Conv_0"} : () -> memref<1x16x16x16xbf16>
    "ADORA.kernel"() ({
      "affine.for"() <{lowerBoundMap = affine_map<() -> (0)>, operandSegmentSizes = array<i32: 0, 0, 0>, step = 1 : index, upperBoundMap = affine_map<() -> (16)>}> ({
      ^bb0(%arg3: index):
        "affine.for"() <{lowerBoundMap = affine_map<() -> (0)>, operandSegmentSizes = array<i32: 0, 0, 0>, step = 1 : index, upperBoundMap = affine_map<() -> (16)>}> ({
        ^bb0(%arg4: index):
          "affine.for"() <{lowerBoundMap = affine_map<() -> (0)>, operandSegmentSizes = array<i32: 0, 0, 0>, step = 1 : index, upperBoundMap = affine_map<() -> (16)>}> ({
          ^bb0(%arg5: index):
            %7 = "affine.load"(%3, %arg3, %arg4, %arg5) <{map = affine_map<(d0, d1, d2) -> (0, d0, d1, d2)>}> : (memref<1x16x16x16xbf16>, index, index, index) -> bf16
            %8 = "affine.load"(%4, %arg5, %1) <{map = affine_map<(d0, d1) -> (0, 0, -1, d0 + d1 - 1)>}> : (memref<1x1x16x16xbf16>, index, index) -> bf16
            %9 = "affine.load"(%4, %arg5, %14) <{map = affine_map<(d0, d1) -> (0, 0, -1, d0 + d1 - 1)>}> : (memref<1x1x16x16xbf16>, index, index) -> bf16
            %10 = "affine.load"(%4, %arg5, %18) <{map = affine_map<(d0, d1) -> (0, 0, -1, d0 + d1 - 1)>}> : (memref<1x1x16x16xbf16>, index, index) -> bf16
            %11 = "affine.load"(%5, %arg3, %0, %1) <{map = affine_map<(d0, d1, d2) -> (d0, 0, d1, d2)>}> : (memref<16x1x3x3xbf16>, index, index, index) -> bf16
            %12 = "arith.mulf"(%8, %11) <{fastmath = #arith.fastmath<none>}> : (bf16, bf16) -> bf16
            %13 = "arith.addf"(%7, %12) <{fastmath = #arith.fastmath<none>}> : (bf16, bf16) -> bf16
            %14 = "affine.apply"(%1) <{map = affine_map<(d0) -> (d0 + 1)>}> : (index) -> index
            %15 = "affine.load"(%5, %arg3, %0, %14) <{map = affine_map<(d0, d1, d2) -> (d0, 0, d1, d2)>}> : (memref<16x1x3x3xbf16>, index, index, index) -> bf16
            %16 = "arith.mulf"(%9, %15) <{fastmath = #arith.fastmath<none>}> : (bf16, bf16) -> bf16
            %17 = "arith.addf"(%13, %16) <{fastmath = #arith.fastmath<none>}> : (bf16, bf16) -> bf16
            %18 = "affine.apply"(%1) <{map = affine_map<(d0) -> (d0 + 2)>}> : (index) -> index
            %19 = "affine.load"(%5, %arg3, %0, %18) <{map = affine_map<(d0, d1, d2) -> (d0, 0, d1, d2)>}> : (memref<16x1x3x3xbf16>, index, index, index) -> bf16
            %20 = "arith.mulf"(%10, %19) <{fastmath = #arith.fastmath<none>}> : (bf16, bf16) -> bf16
            %21 = "arith.addf"(%17, %20) <{fastmath = #arith.fastmath<none>}> : (bf16, bf16) -> bf16
            %22 = "affine.apply"(%0) <{map = affine_map<(d0) -> (d0 + 1)>}> : (index) -> index
            %23 = "affine.load"(%5, %arg3, %22, %1) <{map = affine_map<(d0, d1, d2) -> (d0, 0, d1, d2)>}> : (memref<16x1x3x3xbf16>, index, index, index) -> bf16
            %24 = "arith.mulf"(%8, %23) <{fastmath = #arith.fastmath<none>}> : (bf16, bf16) -> bf16
            %25 = "arith.addf"(%21, %24) <{fastmath = #arith.fastmath<none>}> : (bf16, bf16) -> bf16
            %26 = "affine.apply"(%1) <{map = affine_map<(d0) -> (d0 + 1)>}> : (index) -> index
            %27 = "affine.load"(%5, %arg3, %22, %26) <{map = affine_map<(d0, d1, d2) -> (d0, 0, d1, d2)>}> : (memref<16x1x3x3xbf16>, index, index, index) -> bf16
            %28 = "arith.mulf"(%9, %27) <{fastmath = #arith.fastmath<none>}> : (bf16, bf16) -> bf16
            %29 = "arith.addf"(%25, %28) <{fastmath = #arith.fastmath<none>}> : (bf16, bf16) -> bf16
            %30 = "affine.apply"(%1) <{map = affine_map<(d0) -> (d0 + 2)>}> : (index) -> index
            %31 = "affine.load"(%5, %arg3, %22, %30) <{map = affine_map<(d0, d1, d2) -> (d0, 0, d1, d2)>}> : (memref<16x1x3x3xbf16>, index, index, index) -> bf16
            %32 = "arith.mulf"(%10, %31) <{fastmath = #arith.fastmath<none>}> : (bf16, bf16) -> bf16
            %33 = "arith.addf"(%29, %32) <{fastmath = #arith.fastmath<none>}> : (bf16, bf16) -> bf16
            %34 = "affine.apply"(%0) <{map = affine_map<(d0) -> (d0 + 2)>}> : (index) -> index
            %35 = "affine.load"(%5, %arg3, %34, %1) <{map = affine_map<(d0, d1, d2) -> (d0, 0, d1, d2)>}> : (memref<16x1x3x3xbf16>, index, index, index) -> bf16
            %36 = "arith.mulf"(%8, %35) <{fastmath = #arith.fastmath<none>}> : (bf16, bf16) -> bf16
            %37 = "arith.addf"(%33, %36) <{fastmath = #arith.fastmath<none>}> : (bf16, bf16) -> bf16
            %38 = "affine.apply"(%1) <{map = affine_map<(d0) -> (d0 + 1)>}> : (index) -> index
            %39 = "affine.load"(%5, %arg3, %34, %38) <{map = affine_map<(d0, d1, d2) -> (d0, 0, d1, d2)>}> : (memref<16x1x3x3xbf16>, index, index, index) -> bf16
            %40 = "arith.mulf"(%9, %39) <{fastmath = #arith.fastmath<none>}> : (bf16, bf16) -> bf16
            %41 = "arith.addf"(%37, %40) <{fastmath = #arith.fastmath<none>}> : (bf16, bf16) -> bf16
            %42 = "affine.apply"(%1) <{map = affine_map<(d0) -> (d0 + 2)>}> : (index) -> index
            %43 = "affine.load"(%5, %arg3, %34, %42) <{map = affine_map<(d0, d1, d2) -> (d0, 0, d1, d2)>}> : (memref<16x1x3x3xbf16>, index, index, index) -> bf16
            %44 = "arith.mulf"(%10, %43) <{fastmath = #arith.fastmath<none>}> : (bf16, bf16) -> bf16
            %45 = "arith.addf"(%41, %44) <{fastmath = #arith.fastmath<none>}> : (bf16, bf16) -> bf16
            "affine.store"(%45, %6, %arg3, %arg4, %arg5) <{map = affine_map<(d0, d1, d2) -> (0, d0, d1, d2)>}> : (bf16, memref<1x16x16x16xbf16>, index, index, index) -> ()
            "affine.yield"() : () -> ()
          }) : () -> ()
          "affine.yield"() : () -> ()
        }) : () -> ()
        "affine.yield"() : () -> ()
      }) : () -> ()
      "ADORA.terminator"() : () -> ()
    }) {KernelName = "Conv_0"} : () -> ()
    "ADORA.BlockStore"(%6, %2) {Id = "3", KernelName = "Conv_0", map = affine_map<() -> (0, 0, 0, 0)>} : (memref<1x16x16x16xbf16>, memref<1x16x16x16xbf16>) -> ()
    "func.return"(%2) : (memref<1x16x16x16xbf16>) -> ()
  }) {adora_kernel, llvm.emit_c_interface} : () -> ()
}) : () -> ()
%1 = "arith.constant"() <{value = 0 : index}> : () -> index
^bb0(%arg5: index):
  %7 = "affine.load"(%3, %arg3, %arg4, %arg5) <{map = affine_map<(d0, d1, d2) -> (0, d0, d1, d2)>}> : (memref<1x16x16x16xbf16>, index, index, index) -> bf16
  %8 = "affine.load"(%4, %arg5, %1) <{map = affine_map<(d0, d1) -> (0, 0, -1, d0 + d1 - 1)>}> : (memref<1x1x16x16xbf16>, index, index) -> bf16
  %9 = "affine.load"(%4, %arg5, %14) <{map = affine_map<(d0, d1) -> (0, 0, -1, d0 + d1 - 1)>}> : (memref<1x1x16x16xbf16>, index, index) -> bf16
  %10 = "affine.load"(%4, %arg5, %18) <{map = affine_map<(d0, d1) -> (0, 0, -1, d0 + d1 - 1)>}> : (memref<1x1x16x16xbf16>, index, index) -> bf16
  %11 = "affine.load"(%5, %arg3, %0, %1) <{map = affine_map<(d0, d1, d2) -> (d0, 0, d1, d2)>}> : (memref<16x1x3x3xbf16>, index, index, index) -> bf16
  %12 = "arith.mulf"(%8, %11) <{fastmath = #arith.fastmath<none>}> : (bf16, bf16) -> bf16
  %13 = "arith.addf"(%7, %12) <{fastmath = #arith.fastmath<none>}> : (bf16, bf16) -> bf16
  %14 = "affine.apply"(%1) <{map = affine_map<(d0) -> (d0 + 1)>}> : (index) -> index
  %15 = "affine.load"(%5, %arg3, %0, %14) <{map = affine_map<(d0, d1, d2) -> (d0, 0, d1, d2)>}> : (memref<16x1x3x3xbf16>, index, index, index) -> bf16
  %16 = "arith.mulf"(%9, %15) <{fastmath = #arith.fastmath<none>}> : (bf16, bf16) -> bf16
  %17 = "arith.addf"(%13, %16) <{fastmath = #arith.fastmath<none>}> : (bf16, bf16) -> bf16
  %18 = "affine.apply"(%1) <{map = affine_map<(d0) -> (d0 + 2)>}> : (index) -> index
  %19 = "affine.load"(%5, %arg3, %0, %18) <{map = affine_map<(d0, d1, d2) -> (d0, 0, d1, d2)>}> : (memref<16x1x3x3xbf16>, index, index, index) -> bf16
  %20 = "arith.mulf"(%10, %19) <{fastmath = #arith.fastmath<none>}> : (bf16, bf16) -> bf16
  %21 = "arith.addf"(%17, %20) <{fastmath = #arith.fastmath<none>}> : (bf16, bf16) -> bf16
  %22 = "affine.apply"(%0) <{map = affine_map<(d0) -> (d0 + 1)>}> : (index) -> index
  %23 = "affine.load"(%5, %arg3, %22, %1) <{map = affine_map<(d0, d1, d2) -> (d0, 0, d1, d2)>}> : (memref<16x1x3x3xbf16>, index, index, index) -> bf16
  %24 = "arith.mulf"(%8, %23) <{fastmath = #arith.fastmath<none>}> : (bf16, bf16) -> bf16
  %25 = "arith.addf"(%21, %24) <{fastmath = #arith.fastmath<none>}> : (bf16, bf16) -> bf16
  %26 = "affine.apply"(%1) <{map = affine_map<(d0) -> (d0 + 1)>}> : (index) -> index
  %27 = "affine.load"(%5, %arg3, %22, %26) <{map = affine_map<(d0, d1, d2) -> (d0, 0, d1, d2)>}> : (memref<16x1x3x3xbf16>, index, index, index) -> bf16
  %28 = "arith.mulf"(%9, %27) <{fastmath = #arith.fastmath<none>}> : (bf16, bf16) -> bf16
  %29 = "arith.addf"(%25, %28) <{fastmath = #arith.fastmath<none>}> : (bf16, bf16) -> bf16
  %30 = "affine.apply"(%1) <{map = affine_map<(d0) -> (d0 + 2)>}> : (index) -> index
  %31 = "affine.load"(%5, %arg3, %22, %30) <{map = affine_map<(d0, d1, d2) -> (d0, 0, d1, d2)>}> : (memref<16x1x3x3xbf16>, index, index, index) -> bf16
  %32 = "arith.mulf"(%10, %31) <{fastmath = #arith.fastmath<none>}> : (bf16, bf16) -> bf16
  %33 = "arith.addf"(%29, %32) <{fastmath = #arith.fastmath<none>}> : (bf16, bf16) -> bf16
  %34 = "affine.apply"(%0) <{map = affine_map<(d0) -> (d0 + 2)>}> : (index) -> index
  %35 = "affine.load"(%5, %arg3, %34, %1) <{map = affine_map<(d0, d1, d2) -> (d0, 0, d1, d2)>}> : (memref<16x1x3x3xbf16>, index, index, index) -> bf16
  %36 = "arith.mulf"(%8, %35) <{fastmath = #arith.fastmath<none>}> : (bf16, bf16) -> bf16
  %37 = "arith.addf"(%33, %36) <{fastmath = #arith.fastmath<none>}> : (bf16, bf16) -> bf16
  %38 = "affine.apply"(%1) <{map = affine_map<(d0) -> (d0 + 1)>}> : (index) -> index
  %39 = "affine.load"(%5, %arg3, %34, %38) <{map = affine_map<(d0, d1, d2) -> (d0, 0, d1, d2)>}> : (memref<16x1x3x3xbf16>, index, index, index) -> bf16
  %40 = "arith.mulf"(%9, %39) <{fastmath = #arith.fastmath<none>}> : (bf16, bf16) -> bf16
  %41 = "arith.addf"(%37, %40) <{fastmath = #arith.fastmath<none>}> : (bf16, bf16) -> bf16
  %42 = "affine.apply"(%1) <{map = affine_map<(d0) -> (d0 + 2)>}> : (index) -> index
  %43 = "affine.load"(%5, %arg3, %34, %42) <{map = affine_map<(d0, d1, d2) -> (d0, 0, d1, d2)>}> : (memref<16x1x3x3xbf16>, index, index, index) -> bf16
  %44 = "arith.mulf"(%10, %43) <{fastmath = #arith.fastmath<none>}> : (bf16, bf16) -> bf16
  %45 = "arith.addf"(%41, %44) <{fastmath = #arith.fastmath<none>}> : (bf16, bf16) -> bf16
  "affine.store"(%45, %6, %arg3, %arg4, %arg5) <{map = affine_map<(d0, d1, d2) -> (0, d0, d1, d2)>}> : (bf16, memref<1x16x16x16xbf16>, index, index, index) -> ()
  "affine.yield"() : () -> ()
^bb0(%arg5: index):
  %7 = "affine.load"(%3, %arg3, %arg4, %arg5) <{map = affine_map<(d0, d1, d2) -> (0, d0, d1, d2)>}> : (memref<1x16x16x16xbf16>, index, index, index) -> bf16
  %8 = "affine.load"(%4, %arg5, %1) <{map = affine_map<(d0, d1) -> (0, 0, -1, d0 + d1 - 1)>}> : (memref<1x1x16x16xbf16>, index, index) -> bf16
  %9 = "affine.load"(%4, %arg5, %14) <{map = affine_map<(d0, d1) -> (0, 0, -1, d0 + d1 - 1)>}> : (memref<1x1x16x16xbf16>, index, index) -> bf16
  %10 = "affine.load"(%4, %arg5, %18) <{map = affine_map<(d0, d1) -> (0, 0, -1, d0 + d1 - 1)>}> : (memref<1x1x16x16xbf16>, index, index) -> bf16
  %11 = "affine.load"(%5, %arg3, %0, %1) <{map = affine_map<(d0, d1, d2) -> (d0, 0, d1, d2)>}> : (memref<16x1x3x3xbf16>, index, index, index) -> bf16
  %12 = "arith.mulf"(%8, %11) <{fastmath = #arith.fastmath<none>}> : (bf16, bf16) -> bf16
  %13 = "arith.addf"(%7, %12) <{fastmath = #arith.fastmath<none>}> : (bf16, bf16) -> bf16
  %14 = "affine.apply"(%1) <{map = affine_map<(d0) -> (d0 + 1)>}> : (index) -> index
  %15 = "affine.load"(%5, %arg3, %0, %14) <{map = affine_map<(d0, d1, d2) -> (d0, 0, d1, d2)>}> : (memref<16x1x3x3xbf16>, index, index, index) -> bf16
  %16 = "arith.mulf"(%9, %15) <{fastmath = #arith.fastmath<none>}> : (bf16, bf16) -> bf16
  %17 = "arith.addf"(%13, %16) <{fastmath = #arith.fastmath<none>}> : (bf16, bf16) -> bf16
  %18 = "affine.apply"(%1) <{map = affine_map<(d0) -> (d0 + 2)>}> : (index) -> index
  %19 = "affine.load"(%5, %arg3, %0, %18) <{map = affine_map<(d0, d1, d2) -> (d0, 0, d1, d2)>}> : (memref<16x1x3x3xbf16>, index, index, index) -> bf16
  %20 = "arith.mulf"(%10, %19) <{fastmath = #arith.fastmath<none>}> : (bf16, bf16) -> bf16
  %21 = "arith.addf"(%17, %20) <{fastmath = #arith.fastmath<none>}> : (bf16, bf16) -> bf16
  %22 = "affine.apply"(%0) <{map = affine_map<(d0) -> (d0 + 1)>}> : (index) -> index
  %23 = "affine.load"(%5, %arg3, %22, %1) <{map = affine_map<(d0, d1, d2) -> (d0, 0, d1, d2)>}> : (memref<16x1x3x3xbf16>, index, index, index) -> bf16
  %24 = "arith.mulf"(%8, %23) <{fastmath = #arith.fastmath<none>}> : (bf16, bf16) -> bf16
  %25 = "arith.addf"(%21, %24) <{fastmath = #arith.fastmath<none>}> : (bf16, bf16) -> bf16
  %26 = "affine.apply"(%1) <{map = affine_map<(d0) -> (d0 + 1)>}> : (index) -> index
  %27 = "affine.load"(%5, %arg3, %22, %26) <{map = affine_map<(d0, d1, d2) -> (d0, 0, d1, d2)>}> : (memref<16x1x3x3xbf16>, index, index, index) -> bf16
  %28 = "arith.mulf"(%9, %27) <{fastmath = #arith.fastmath<none>}> : (bf16, bf16) -> bf16
  %29 = "arith.addf"(%25, %28) <{fastmath = #arith.fastmath<none>}> : (bf16, bf16) -> bf16
  %30 = "affine.apply"(%1) <{map = affine_map<(d0) -> (d0 + 2)>}> : (index) -> index
  %31 = "affine.load"(%5, %arg3, %22, %30) <{map = affine_map<(d0, d1, d2) -> (d0, 0, d1, d2)>}> : (memref<16x1x3x3xbf16>, index, index, index) -> bf16
  %32 = "arith.mulf"(%10, %31) <{fastmath = #arith.fastmath<none>}> : (bf16, bf16) -> bf16
  %33 = "arith.addf"(%29, %32) <{fastmath = #arith.fastmath<none>}> : (bf16, bf16) -> bf16
  %34 = "affine.apply"(%0) <{map = affine_map<(d0) -> (d0 + 2)>}> : (index) -> index
  %35 = "affine.load"(%5, %arg3, %34, %1) <{map = affine_map<(d0, d1, d2) -> (d0, 0, d1, d2)>}> : (memref<16x1x3x3xbf16>, index, index, index) -> bf16
  %36 = "arith.mulf"(%8, %35) <{fastmath = #arith.fastmath<none>}> : (bf16, bf16) -> bf16
  %37 = "arith.addf"(%33, %36) <{fastmath = #arith.fastmath<none>}> : (bf16, bf16) -> bf16
  %38 = "affine.apply"(%1) <{map = affine_map<(d0) -> (d0 + 1)>}> : (index) -> index
  %39 = "affine.load"(%5, %arg3, %34, %38) <{map = affine_map<(d0, d1, d2) -> (d0, 0, d1, d2)>}> : (memref<16x1x3x3xbf16>, index, index, index) -> bf16
  %40 = "arith.mulf"(%9, %39) <{fastmath = #arith.fastmath<none>}> : (bf16, bf16) -> bf16
  %41 = "arith.addf"(%37, %40) <{fastmath = #arith.fastmath<none>}> : (bf16, bf16) -> bf16
  %42 = "affine.apply"(%1) <{map = affine_map<(d0) -> (d0 + 2)>}> : (index) -> index
  %43 = "affine.load"(%5, %arg3, %34, %42) <{map = affine_map<(d0, d1, d2) -> (d0, 0, d1, d2)>}> : (memref<16x1x3x3xbf16>, index, index, index) -> bf16
  %44 = "arith.mulf"(%10, %43) <{fastmath = #arith.fastmath<none>}> : (bf16, bf16) -> bf16
  %45 = "arith.addf"(%41, %44) <{fastmath = #arith.fastmath<none>}> : (bf16, bf16) -> bf16
  "affine.store"(%45, %6, %arg3, %arg4, %arg5) <{map = affine_map<(d0, d1, d2) -> (0, d0, d1, d2)>}> : (bf16, memref<1x16x16x16xbf16>, index, index, index) -> ()
  "affine.yield"() : () -> ()
^bb0(%arg5: index):
  %7 = "affine.load"(%3, %arg3, %arg4, %arg5) <{map = affine_map<(d0, d1, d2) -> (0, d0, d1, d2)>}> : (memref<1x16x16x16xbf16>, index, index, index) -> bf16
  %8 = "affine.load"(%4, %arg5, %1) <{map = affine_map<(d0, d1) -> (0, 0, -1, d0 + d1 - 1)>}> : (memref<1x1x16x16xbf16>, index, index) -> bf16
  %9 = "affine.load"(%4, %arg5, %14) <{map = affine_map<(d0, d1) -> (0, 0, -1, d0 + d1 - 1)>}> : (memref<1x1x16x16xbf16>, index, index) -> bf16
  %10 = "affine.load"(%4, %arg5, %19) <{map = affine_map<(d0, d1) -> (0, 0, -1, d0 + d1 - 1)>}> : (memref<1x1x16x16xbf16>, index, index) -> bf16
  %11 = "affine.load"(%5, %arg3, %0, %1) <{map = affine_map<(d0, d1, d2) -> (d0, 0, d1, d2)>}> : (memref<16x1x3x3xbf16>, index, index, index) -> bf16
  %12 = "arith.mulf"(%8, %11) <{fastmath = #arith.fastmath<none>}> : (bf16, bf16) -> bf16
  %13 = "arith.addf"(%7, %12) <{fastmath = #arith.fastmath<none>}> : (bf16, bf16) -> bf16
  %14 = "arith.constant"() <{value = 1 : index}> : () -> index
  %15 = "affine.apply"(%1) <{map = affine_map<(d0) -> (d0 + 1)>}> : (index) -> index
  %16 = "affine.load"(%5, %arg3, %0, %14) <{map = affine_map<(d0, d1, d2) -> (d0, 0, d1, d2)>}> : (memref<16x1x3x3xbf16>, index, index, index) -> bf16
  %17 = "arith.mulf"(%9, %16) <{fastmath = #arith.fastmath<none>}> : (bf16, bf16) -> bf16
  %18 = "arith.addf"(%13, %17) <{fastmath = #arith.fastmath<none>}> : (bf16, bf16) -> bf16
  %19 = "affine.apply"(%1) <{map = affine_map<(d0) -> (d0 + 2)>}> : (index) -> index
  %20 = "affine.load"(%5, %arg3, %0, %19) <{map = affine_map<(d0, d1, d2) -> (d0, 0, d1, d2)>}> : (memref<16x1x3x3xbf16>, index, index, index) -> bf16
  %21 = "arith.mulf"(%10, %20) <{fastmath = #arith.fastmath<none>}> : (bf16, bf16) -> bf16
  %22 = "arith.addf"(%18, %21) <{fastmath = #arith.fastmath<none>}> : (bf16, bf16) -> bf16
  %23 = "affine.apply"(%0) <{map = affine_map<(d0) -> (d0 + 1)>}> : (index) -> index
  %24 = "affine.load"(%5, %arg3, %23, %1) <{map = affine_map<(d0, d1, d2) -> (d0, 0, d1, d2)>}> : (memref<16x1x3x3xbf16>, index, index, index) -> bf16
  %25 = "arith.mulf"(%8, %24) <{fastmath = #arith.fastmath<none>}> : (bf16, bf16) -> bf16
  %26 = "arith.addf"(%22, %25) <{fastmath = #arith.fastmath<none>}> : (bf16, bf16) -> bf16
  %27 = "affine.apply"(%1) <{map = affine_map<(d0) -> (d0 + 1)>}> : (index) -> index
  %28 = "affine.load"(%5, %arg3, %23, %27) <{map = affine_map<(d0, d1, d2) -> (d0, 0, d1, d2)>}> : (memref<16x1x3x3xbf16>, index, index, index) -> bf16
  %29 = "arith.mulf"(%9, %28) <{fastmath = #arith.fastmath<none>}> : (bf16, bf16) -> bf16
  %30 = "arith.addf"(%26, %29) <{fastmath = #arith.fastmath<none>}> : (bf16, bf16) -> bf16
  %31 = "affine.apply"(%1) <{map = affine_map<(d0) -> (d0 + 2)>}> : (index) -> index
  %32 = "affine.load"(%5, %arg3, %23, %31) <{map = affine_map<(d0, d1, d2) -> (d0, 0, d1, d2)>}> : (memref<16x1x3x3xbf16>, index, index, index) -> bf16
  %33 = "arith.mulf"(%10, %32) <{fastmath = #arith.fastmath<none>}> : (bf16, bf16) -> bf16
  %34 = "arith.addf"(%30, %33) <{fastmath = #arith.fastmath<none>}> : (bf16, bf16) -> bf16
  %35 = "affine.apply"(%0) <{map = affine_map<(d0) -> (d0 + 2)>}> : (index) -> index
  %36 = "affine.load"(%5, %arg3, %35, %1) <{map = affine_map<(d0, d1, d2) -> (d0, 0, d1, d2)>}> : (memref<16x1x3x3xbf16>, index, index, index) -> bf16
  %37 = "arith.mulf"(%8, %36) <{fastmath = #arith.fastmath<none>}> : (bf16, bf16) -> bf16
  %38 = "arith.addf"(%34, %37) <{fastmath = #arith.fastmath<none>}> : (bf16, bf16) -> bf16
  %39 = "affine.apply"(%1) <{map = affine_map<(d0) -> (d0 + 1)>}> : (index) -> index
  %40 = "affine.load"(%5, %arg3, %35, %39) <{map = affine_map<(d0, d1, d2) -> (d0, 0, d1, d2)>}> : (memref<16x1x3x3xbf16>, index, index, index) -> bf16
  %41 = "arith.mulf"(%9, %40) <{fastmath = #arith.fastmath<none>}> : (bf16, bf16) -> bf16
  %42 = "arith.addf"(%38, %41) <{fastmath = #arith.fastmath<none>}> : (bf16, bf16) -> bf16
  %43 = "affine.apply"(%1) <{map = affine_map<(d0) -> (d0 + 2)>}> : (index) -> index
  %44 = "affine.load"(%5, %arg3, %35, %43) <{map = affine_map<(d0, d1, d2) -> (d0, 0, d1, d2)>}> : (memref<16x1x3x3xbf16>, index, index, index) -> bf16
  %45 = "arith.mulf"(%10, %44) <{fastmath = #arith.fastmath<none>}> : (bf16, bf16) -> bf16
  %46 = "arith.addf"(%42, %45) <{fastmath = #arith.fastmath<none>}> : (bf16, bf16) -> bf16
  "affine.store"(%46, %6, %arg3, %arg4, %arg5) <{map = affine_map<(d0, d1, d2) -> (0, d0, d1, d2)>}> : (bf16, memref<1x16x16x16xbf16>, index, index, index) -> ()
  "affine.yield"() : () -> ()
%1 = "arith.constant"() <{value = 0 : index}> : () -> index
^bb0(%arg5: index):
  %7 = "affine.load"(%3, %arg3, %arg4, %arg5) <{map = affine_map<(d0, d1, d2) -> (0, d0, d1, d2)>}> : (memref<1x16x16x16xbf16>, index, index, index) -> bf16
  %8 = "affine.load"(%4, %arg5, %1) <{map = affine_map<(d0, d1) -> (0, 0, -1, d0 + d1 - 1)>}> : (memref<1x1x16x16xbf16>, index, index) -> bf16
  %9 = "affine.load"(%4, %arg5, %14) <{map = affine_map<(d0, d1) -> (0, 0, -1, d0 + d1 - 1)>}> : (memref<1x1x16x16xbf16>, index, index) -> bf16
  %10 = "affine.load"(%4, %arg5, %19) <{map = affine_map<(d0, d1) -> (0, 0, -1, d0 + d1 - 1)>}> : (memref<1x1x16x16xbf16>, index, index) -> bf16
  %11 = "affine.load"(%5, %arg3, %0, %1) <{map = affine_map<(d0, d1, d2) -> (d0, 0, d1, d2)>}> : (memref<16x1x3x3xbf16>, index, index, index) -> bf16
  %12 = "arith.mulf"(%8, %11) <{fastmath = #arith.fastmath<none>}> : (bf16, bf16) -> bf16
  %13 = "arith.addf"(%7, %12) <{fastmath = #arith.fastmath<none>}> : (bf16, bf16) -> bf16
  %14 = "arith.constant"() <{value = 1 : index}> : () -> index
  %15 = "affine.apply"(%1) <{map = affine_map<(d0) -> (d0 + 1)>}> : (index) -> index
  %16 = "affine.load"(%5, %arg3, %0, %14) <{map = affine_map<(d0, d1, d2) -> (d0, 0, d1, d2)>}> : (memref<16x1x3x3xbf16>, index, index, index) -> bf16
  %17 = "arith.mulf"(%9, %16) <{fastmath = #arith.fastmath<none>}> : (bf16, bf16) -> bf16
  %18 = "arith.addf"(%13, %17) <{fastmath = #arith.fastmath<none>}> : (bf16, bf16) -> bf16
  %19 = "affine.apply"(%1) <{map = affine_map<(d0) -> (d0 + 2)>}> : (index) -> index
  %20 = "affine.load"(%5, %arg3, %0, %19) <{map = affine_map<(d0, d1, d2) -> (d0, 0, d1, d2)>}> : (memref<16x1x3x3xbf16>, index, index, index) -> bf16
  %21 = "arith.mulf"(%10, %20) <{fastmath = #arith.fastmath<none>}> : (bf16, bf16) -> bf16
  %22 = "arith.addf"(%18, %21) <{fastmath = #arith.fastmath<none>}> : (bf16, bf16) -> bf16
  %23 = "affine.apply"(%0) <{map = affine_map<(d0) -> (d0 + 1)>}> : (index) -> index
  %24 = "affine.load"(%5, %arg3, %23, %1) <{map = affine_map<(d0, d1, d2) -> (d0, 0, d1, d2)>}> : (memref<16x1x3x3xbf16>, index, index, index) -> bf16
  %25 = "arith.mulf"(%8, %24) <{fastmath = #arith.fastmath<none>}> : (bf16, bf16) -> bf16
  %26 = "arith.addf"(%22, %25) <{fastmath = #arith.fastmath<none>}> : (bf16, bf16) -> bf16
  %27 = "affine.apply"(%1) <{map = affine_map<(d0) -> (d0 + 1)>}> : (index) -> index
  %28 = "affine.load"(%5, %arg3, %23, %27) <{map = affine_map<(d0, d1, d2) -> (d0, 0, d1, d2)>}> : (memref<16x1x3x3xbf16>, index, index, index) -> bf16
  %29 = "arith.mulf"(%9, %28) <{fastmath = #arith.fastmath<none>}> : (bf16, bf16) -> bf16
  %30 = "arith.addf"(%26, %29) <{fastmath = #arith.fastmath<none>}> : (bf16, bf16) -> bf16
  %31 = "affine.apply"(%1) <{map = affine_map<(d0) -> (d0 + 2)>}> : (index) -> index
  %32 = "affine.load"(%5, %arg3, %23, %31) <{map = affine_map<(d0, d1, d2) -> (d0, 0, d1, d2)>}> : (memref<16x1x3x3xbf16>, index, index, index) -> bf16
  %33 = "arith.mulf"(%10, %32) <{fastmath = #arith.fastmath<none>}> : (bf16, bf16) -> bf16
  %34 = "arith.addf"(%30, %33) <{fastmath = #arith.fastmath<none>}> : (bf16, bf16) -> bf16
  %35 = "affine.apply"(%0) <{map = affine_map<(d0) -> (d0 + 2)>}> : (index) -> index
  %36 = "affine.load"(%5, %arg3, %35, %1) <{map = affine_map<(d0, d1, d2) -> (d0, 0, d1, d2)>}> : (memref<16x1x3x3xbf16>, index, index, index) -> bf16
  %37 = "arith.mulf"(%8, %36) <{fastmath = #arith.fastmath<none>}> : (bf16, bf16) -> bf16
  %38 = "arith.addf"(%34, %37) <{fastmath = #arith.fastmath<none>}> : (bf16, bf16) -> bf16
  %39 = "affine.apply"(%1) <{map = affine_map<(d0) -> (d0 + 1)>}> : (index) -> index
  %40 = "affine.load"(%5, %arg3, %35, %39) <{map = affine_map<(d0, d1, d2) -> (d0, 0, d1, d2)>}> : (memref<16x1x3x3xbf16>, index, index, index) -> bf16
  %41 = "arith.mulf"(%9, %40) <{fastmath = #arith.fastmath<none>}> : (bf16, bf16) -> bf16
  %42 = "arith.addf"(%38, %41) <{fastmath = #arith.fastmath<none>}> : (bf16, bf16) -> bf16
  %43 = "affine.apply"(%1) <{map = affine_map<(d0) -> (d0 + 2)>}> : (index) -> index
  %44 = "affine.load"(%5, %arg3, %35, %43) <{map = affine_map<(d0, d1, d2) -> (d0, 0, d1, d2)>}> : (memref<16x1x3x3xbf16>, index, index, index) -> bf16
  %45 = "arith.mulf"(%10, %44) <{fastmath = #arith.fastmath<none>}> : (bf16, bf16) -> bf16
  %46 = "arith.addf"(%42, %45) <{fastmath = #arith.fastmath<none>}> : (bf16, bf16) -> bf16
  "affine.store"(%46, %6, %arg3, %arg4, %arg5) <{map = affine_map<(d0, d1, d2) -> (0, d0, d1, d2)>}> : (bf16, memref<1x16x16x16xbf16>, index, index, index) -> ()
  "affine.yield"() : () -> ()
^bb0(%arg5: index):
  %7 = "affine.load"(%3, %arg3, %arg4, %arg5) <{map = affine_map<(d0, d1, d2) -> (0, d0, d1, d2)>}> : (memref<1x16x16x16xbf16>, index, index, index) -> bf16
  %8 = "affine.load"(%4, %arg5, %1) <{map = affine_map<(d0, d1) -> (0, 0, -1, d0 + d1 - 1)>}> : (memref<1x1x16x16xbf16>, index, index) -> bf16
  %9 = "affine.load"(%4, %arg5, %14) <{map = affine_map<(d0, d1) -> (0, 0, -1, d0 + d1 - 1)>}> : (memref<1x1x16x16xbf16>, index, index) -> bf16
  %10 = "affine.load"(%4, %arg5, %19) <{map = affine_map<(d0, d1) -> (0, 0, -1, d0 + d1 - 1)>}> : (memref<1x1x16x16xbf16>, index, index) -> bf16
  %11 = "affine.load"(%5, %arg3, %0, %1) <{map = affine_map<(d0, d1, d2) -> (d0, 0, d1, d2)>}> : (memref<16x1x3x3xbf16>, index, index, index) -> bf16
  %12 = "arith.mulf"(%8, %11) <{fastmath = #arith.fastmath<none>}> : (bf16, bf16) -> bf16
  %13 = "arith.addf"(%7, %12) <{fastmath = #arith.fastmath<none>}> : (bf16, bf16) -> bf16
  %14 = "arith.constant"() <{value = 1 : index}> : () -> index
  %15 = "affine.apply"(%1) <{map = affine_map<(d0) -> (d0 + 1)>}> : (index) -> index
  %16 = "affine.load"(%5, %arg3, %0, %14) <{map = affine_map<(d0, d1, d2) -> (d0, 0, d1, d2)>}> : (memref<16x1x3x3xbf16>, index, index, index) -> bf16
  %17 = "arith.mulf"(%9, %16) <{fastmath = #arith.fastmath<none>}> : (bf16, bf16) -> bf16
  %18 = "arith.addf"(%13, %17) <{fastmath = #arith.fastmath<none>}> : (bf16, bf16) -> bf16
  %19 = "affine.apply"(%1) <{map = affine_map<(d0) -> (d0 + 2)>}> : (index) -> index
  %20 = "affine.load"(%5, %arg3, %0, %19) <{map = affine_map<(d0, d1, d2) -> (d0, 0, d1, d2)>}> : (memref<16x1x3x3xbf16>, index, index, index) -> bf16
  %21 = "arith.mulf"(%10, %20) <{fastmath = #arith.fastmath<none>}> : (bf16, bf16) -> bf16
  %22 = "arith.addf"(%18, %21) <{fastmath = #arith.fastmath<none>}> : (bf16, bf16) -> bf16
  %23 = "affine.apply"(%0) <{map = affine_map<(d0) -> (d0 + 1)>}> : (index) -> index
  %24 = "affine.load"(%5, %arg3, %23, %1) <{map = affine_map<(d0, d1, d2) -> (d0, 0, d1, d2)>}> : (memref<16x1x3x3xbf16>, index, index, index) -> bf16
  %25 = "arith.mulf"(%8, %24) <{fastmath = #arith.fastmath<none>}> : (bf16, bf16) -> bf16
  %26 = "arith.addf"(%22, %25) <{fastmath = #arith.fastmath<none>}> : (bf16, bf16) -> bf16
  %27 = "affine.apply"(%1) <{map = affine_map<(d0) -> (d0 + 1)>}> : (index) -> index
  %28 = "affine.load"(%5, %arg3, %23, %27) <{map = affine_map<(d0, d1, d2) -> (d0, 0, d1, d2)>}> : (memref<16x1x3x3xbf16>, index, index, index) -> bf16
  %29 = "arith.mulf"(%9, %28) <{fastmath = #arith.fastmath<none>}> : (bf16, bf16) -> bf16
  %30 = "arith.addf"(%26, %29) <{fastmath = #arith.fastmath<none>}> : (bf16, bf16) -> bf16
  %31 = "affine.apply"(%1) <{map = affine_map<(d0) -> (d0 + 2)>}> : (index) -> index
  %32 = "affine.load"(%5, %arg3, %23, %31) <{map = affine_map<(d0, d1, d2) -> (d0, 0, d1, d2)>}> : (memref<16x1x3x3xbf16>, index, index, index) -> bf16
  %33 = "arith.mulf"(%10, %32) <{fastmath = #arith.fastmath<none>}> : (bf16, bf16) -> bf16
  %34 = "arith.addf"(%30, %33) <{fastmath = #arith.fastmath<none>}> : (bf16, bf16) -> bf16
  %35 = "affine.apply"(%0) <{map = affine_map<(d0) -> (d0 + 2)>}> : (index) -> index
  %36 = "affine.load"(%5, %arg3, %35, %1) <{map = affine_map<(d0, d1, d2) -> (d0, 0, d1, d2)>}> : (memref<16x1x3x3xbf16>, index, index, index) -> bf16
  %37 = "arith.mulf"(%8, %36) <{fastmath = #arith.fastmath<none>}> : (bf16, bf16) -> bf16
  %38 = "arith.addf"(%34, %37) <{fastmath = #arith.fastmath<none>}> : (bf16, bf16) -> bf16
  %39 = "affine.apply"(%1) <{map = affine_map<(d0) -> (d0 + 1)>}> : (index) -> index
  %40 = "affine.load"(%5, %arg3, %35, %39) <{map = affine_map<(d0, d1, d2) -> (d0, 0, d1, d2)>}> : (memref<16x1x3x3xbf16>, index, index, index) -> bf16
  %41 = "arith.mulf"(%9, %40) <{fastmath = #arith.fastmath<none>}> : (bf16, bf16) -> bf16
  %42 = "arith.addf"(%38, %41) <{fastmath = #arith.fastmath<none>}> : (bf16, bf16) -> bf16
  %43 = "affine.apply"(%1) <{map = affine_map<(d0) -> (d0 + 2)>}> : (index) -> index
  %44 = "affine.load"(%5, %arg3, %35, %43) <{map = affine_map<(d0, d1, d2) -> (d0, 0, d1, d2)>}> : (memref<16x1x3x3xbf16>, index, index, index) -> bf16
  %45 = "arith.mulf"(%10, %44) <{fastmath = #arith.fastmath<none>}> : (bf16, bf16) -> bf16
  %46 = "arith.addf"(%42, %45) <{fastmath = #arith.fastmath<none>}> : (bf16, bf16) -> bf16
  "affine.store"(%46, %6, %arg3, %arg4, %arg5) <{map = affine_map<(d0, d1, d2) -> (0, d0, d1, d2)>}> : (bf16, memref<1x16x16x16xbf16>, index, index, index) -> ()
  "affine.yield"() : () -> ()
^bb0(%arg5: index):
  %7 = "affine.load"(%3, %arg3, %arg4, %arg5) <{map = affine_map<(d0, d1, d2) -> (0, d0, d1, d2)>}> : (memref<1x16x16x16xbf16>, index, index, index) -> bf16
  %8 = "affine.load"(%4, %arg5, %1) <{map = affine_map<(d0, d1) -> (0, 0, -1, d0 + d1 - 1)>}> : (memref<1x1x16x16xbf16>, index, index) -> bf16
  %9 = "affine.load"(%4, %arg5, %14) <{map = affine_map<(d0, d1) -> (0, 0, -1, d0 + d1 - 1)>}> : (memref<1x1x16x16xbf16>, index, index) -> bf16
  %10 = "affine.load"(%4, %arg5, %19) <{map = affine_map<(d0, d1) -> (0, 0, -1, d0 + d1 - 1)>}> : (memref<1x1x16x16xbf16>, index, index) -> bf16
  %11 = "affine.load"(%5, %arg3, %0, %1) <{map = affine_map<(d0, d1, d2) -> (d0, 0, d1, d2)>}> : (memref<16x1x3x3xbf16>, index, index, index) -> bf16
  %12 = "arith.mulf"(%8, %11) <{fastmath = #arith.fastmath<none>}> : (bf16, bf16) -> bf16
  %13 = "arith.addf"(%7, %12) <{fastmath = #arith.fastmath<none>}> : (bf16, bf16) -> bf16
  %14 = "arith.constant"() <{value = 1 : index}> : () -> index
  %15 = "affine.apply"(%1) <{map = affine_map<(d0) -> (d0 + 1)>}> : (index) -> index
  %16 = "affine.load"(%5, %arg3, %0, %14) <{map = affine_map<(d0, d1, d2) -> (d0, 0, d1, d2)>}> : (memref<16x1x3x3xbf16>, index, index, index) -> bf16
  %17 = "arith.mulf"(%9, %16) <{fastmath = #arith.fastmath<none>}> : (bf16, bf16) -> bf16
  %18 = "arith.addf"(%13, %17) <{fastmath = #arith.fastmath<none>}> : (bf16, bf16) -> bf16
  %19 = "arith.constant"() <{value = 2 : index}> : () -> index
  %20 = "affine.apply"(%1) <{map = affine_map<(d0) -> (d0 + 2)>}> : (index) -> index
  %21 = "affine.load"(%5, %arg3, %0, %19) <{map = affine_map<(d0, d1, d2) -> (d0, 0, d1, d2)>}> : (memref<16x1x3x3xbf16>, index, index, index) -> bf16
  %22 = "arith.mulf"(%10, %21) <{fastmath = #arith.fastmath<none>}> : (bf16, bf16) -> bf16
  %23 = "arith.addf"(%18, %22) <{fastmath = #arith.fastmath<none>}> : (bf16, bf16) -> bf16
  %24 = "affine.apply"(%0) <{map = affine_map<(d0) -> (d0 + 1)>}> : (index) -> index
  %25 = "affine.load"(%5, %arg3, %24, %1) <{map = affine_map<(d0, d1, d2) -> (d0, 0, d1, d2)>}> : (memref<16x1x3x3xbf16>, index, index, index) -> bf16
  %26 = "arith.mulf"(%8, %25) <{fastmath = #arith.fastmath<none>}> : (bf16, bf16) -> bf16
  %27 = "arith.addf"(%23, %26) <{fastmath = #arith.fastmath<none>}> : (bf16, bf16) -> bf16
  %28 = "affine.apply"(%1) <{map = affine_map<(d0) -> (d0 + 1)>}> : (index) -> index
  %29 = "affine.load"(%5, %arg3, %24, %28) <{map = affine_map<(d0, d1, d2) -> (d0, 0, d1, d2)>}> : (memref<16x1x3x3xbf16>, index, index, index) -> bf16
  %30 = "arith.mulf"(%9, %29) <{fastmath = #arith.fastmath<none>}> : (bf16, bf16) -> bf16
  %31 = "arith.addf"(%27, %30) <{fastmath = #arith.fastmath<none>}> : (bf16, bf16) -> bf16
  %32 = "affine.apply"(%1) <{map = affine_map<(d0) -> (d0 + 2)>}> : (index) -> index
  %33 = "affine.load"(%5, %arg3, %24, %32) <{map = affine_map<(d0, d1, d2) -> (d0, 0, d1, d2)>}> : (memref<16x1x3x3xbf16>, index, index, index) -> bf16
  %34 = "arith.mulf"(%10, %33) <{fastmath = #arith.fastmath<none>}> : (bf16, bf16) -> bf16
  %35 = "arith.addf"(%31, %34) <{fastmath = #arith.fastmath<none>}> : (bf16, bf16) -> bf16
  %36 = "affine.apply"(%0) <{map = affine_map<(d0) -> (d0 + 2)>}> : (index) -> index
  %37 = "affine.load"(%5, %arg3, %36, %1) <{map = affine_map<(d0, d1, d2) -> (d0, 0, d1, d2)>}> : (memref<16x1x3x3xbf16>, index, index, index) -> bf16
  %38 = "arith.mulf"(%8, %37) <{fastmath = #arith.fastmath<none>}> : (bf16, bf16) -> bf16
  %39 = "arith.addf"(%35, %38) <{fastmath = #arith.fastmath<none>}> : (bf16, bf16) -> bf16
  %40 = "affine.apply"(%1) <{map = affine_map<(d0) -> (d0 + 1)>}> : (index) -> index
  %41 = "affine.load"(%5, %arg3, %36, %40) <{map = affine_map<(d0, d1, d2) -> (d0, 0, d1, d2)>}> : (memref<16x1x3x3xbf16>, index, index, index) -> bf16
  %42 = "arith.mulf"(%9, %41) <{fastmath = #arith.fastmath<none>}> : (bf16, bf16) -> bf16
  %43 = "arith.addf"(%39, %42) <{fastmath = #arith.fastmath<none>}> : (bf16, bf16) -> bf16
  %44 = "affine.apply"(%1) <{map = affine_map<(d0) -> (d0 + 2)>}> : (index) -> index
  %45 = "affine.load"(%5, %arg3, %36, %44) <{map = affine_map<(d0, d1, d2) -> (d0, 0, d1, d2)>}> : (memref<16x1x3x3xbf16>, index, index, index) -> bf16
  %46 = "arith.mulf"(%10, %45) <{fastmath = #arith.fastmath<none>}> : (bf16, bf16) -> bf16
  %47 = "arith.addf"(%43, %46) <{fastmath = #arith.fastmath<none>}> : (bf16, bf16) -> bf16
  "affine.store"(%47, %6, %arg3, %arg4, %arg5) <{map = affine_map<(d0, d1, d2) -> (0, d0, d1, d2)>}> : (bf16, memref<1x16x16x16xbf16>, index, index, index) -> ()
  "affine.yield"() : () -> ()
%0 = "arith.constant"() <{value = 0 : index}> : () -> index
^bb0(%arg5: index):
  %7 = "affine.load"(%3, %arg3, %arg4, %arg5) <{map = affine_map<(d0, d1, d2) -> (0, d0, d1, d2)>}> : (memref<1x16x16x16xbf16>, index, index, index) -> bf16
  %8 = "affine.load"(%4, %arg5, %1) <{map = affine_map<(d0, d1) -> (0, 0, -1, d0 + d1 - 1)>}> : (memref<1x1x16x16xbf16>, index, index) -> bf16
  %9 = "affine.load"(%4, %arg5, %14) <{map = affine_map<(d0, d1) -> (0, 0, -1, d0 + d1 - 1)>}> : (memref<1x1x16x16xbf16>, index, index) -> bf16
  %10 = "affine.load"(%4, %arg5, %19) <{map = affine_map<(d0, d1) -> (0, 0, -1, d0 + d1 - 1)>}> : (memref<1x1x16x16xbf16>, index, index) -> bf16
  %11 = "affine.load"(%5, %arg3, %0, %1) <{map = affine_map<(d0, d1, d2) -> (d0, 0, d1, d2)>}> : (memref<16x1x3x3xbf16>, index, index, index) -> bf16
  %12 = "arith.mulf"(%8, %11) <{fastmath = #arith.fastmath<none>}> : (bf16, bf16) -> bf16
  %13 = "arith.addf"(%7, %12) <{fastmath = #arith.fastmath<none>}> : (bf16, bf16) -> bf16
  %14 = "arith.constant"() <{value = 1 : index}> : () -> index
  %15 = "affine.apply"(%1) <{map = affine_map<(d0) -> (d0 + 1)>}> : (index) -> index
  %16 = "affine.load"(%5, %arg3, %0, %14) <{map = affine_map<(d0, d1, d2) -> (d0, 0, d1, d2)>}> : (memref<16x1x3x3xbf16>, index, index, index) -> bf16
  %17 = "arith.mulf"(%9, %16) <{fastmath = #arith.fastmath<none>}> : (bf16, bf16) -> bf16
  %18 = "arith.addf"(%13, %17) <{fastmath = #arith.fastmath<none>}> : (bf16, bf16) -> bf16
  %19 = "arith.constant"() <{value = 2 : index}> : () -> index
  %20 = "affine.apply"(%1) <{map = affine_map<(d0) -> (d0 + 2)>}> : (index) -> index
  %21 = "affine.load"(%5, %arg3, %0, %19) <{map = affine_map<(d0, d1, d2) -> (d0, 0, d1, d2)>}> : (memref<16x1x3x3xbf16>, index, index, index) -> bf16
  %22 = "arith.mulf"(%10, %21) <{fastmath = #arith.fastmath<none>}> : (bf16, bf16) -> bf16
  %23 = "arith.addf"(%18, %22) <{fastmath = #arith.fastmath<none>}> : (bf16, bf16) -> bf16
  %24 = "affine.apply"(%0) <{map = affine_map<(d0) -> (d0 + 1)>}> : (index) -> index
  %25 = "affine.load"(%5, %arg3, %24, %1) <{map = affine_map<(d0, d1, d2) -> (d0, 0, d1, d2)>}> : (memref<16x1x3x3xbf16>, index, index, index) -> bf16
  %26 = "arith.mulf"(%8, %25) <{fastmath = #arith.fastmath<none>}> : (bf16, bf16) -> bf16
  %27 = "arith.addf"(%23, %26) <{fastmath = #arith.fastmath<none>}> : (bf16, bf16) -> bf16
  %28 = "affine.apply"(%1) <{map = affine_map<(d0) -> (d0 + 1)>}> : (index) -> index
  %29 = "affine.load"(%5, %arg3, %24, %28) <{map = affine_map<(d0, d1, d2) -> (d0, 0, d1, d2)>}> : (memref<16x1x3x3xbf16>, index, index, index) -> bf16
  %30 = "arith.mulf"(%9, %29) <{fastmath = #arith.fastmath<none>}> : (bf16, bf16) -> bf16
  %31 = "arith.addf"(%27, %30) <{fastmath = #arith.fastmath<none>}> : (bf16, bf16) -> bf16
  %32 = "affine.apply"(%1) <{map = affine_map<(d0) -> (d0 + 2)>}> : (index) -> index
  %33 = "affine.load"(%5, %arg3, %24, %32) <{map = affine_map<(d0, d1, d2) -> (d0, 0, d1, d2)>}> : (memref<16x1x3x3xbf16>, index, index, index) -> bf16
  %34 = "arith.mulf"(%10, %33) <{fastmath = #arith.fastmath<none>}> : (bf16, bf16) -> bf16
  %35 = "arith.addf"(%31, %34) <{fastmath = #arith.fastmath<none>}> : (bf16, bf16) -> bf16
  %36 = "affine.apply"(%0) <{map = affine_map<(d0) -> (d0 + 2)>}> : (index) -> index
  %37 = "affine.load"(%5, %arg3, %36, %1) <{map = affine_map<(d0, d1, d2) -> (d0, 0, d1, d2)>}> : (memref<16x1x3x3xbf16>, index, index, index) -> bf16
  %38 = "arith.mulf"(%8, %37) <{fastmath = #arith.fastmath<none>}> : (bf16, bf16) -> bf16
  %39 = "arith.addf"(%35, %38) <{fastmath = #arith.fastmath<none>}> : (bf16, bf16) -> bf16
  %40 = "affine.apply"(%1) <{map = affine_map<(d0) -> (d0 + 1)>}> : (index) -> index
  %41 = "affine.load"(%5, %arg3, %36, %40) <{map = affine_map<(d0, d1, d2) -> (d0, 0, d1, d2)>}> : (memref<16x1x3x3xbf16>, index, index, index) -> bf16
  %42 = "arith.mulf"(%9, %41) <{fastmath = #arith.fastmath<none>}> : (bf16, bf16) -> bf16
  %43 = "arith.addf"(%39, %42) <{fastmath = #arith.fastmath<none>}> : (bf16, bf16) -> bf16
  %44 = "affine.apply"(%1) <{map = affine_map<(d0) -> (d0 + 2)>}> : (index) -> index
  %45 = "affine.load"(%5, %arg3, %36, %44) <{map = affine_map<(d0, d1, d2) -> (d0, 0, d1, d2)>}> : (memref<16x1x3x3xbf16>, index, index, index) -> bf16
  %46 = "arith.mulf"(%10, %45) <{fastmath = #arith.fastmath<none>}> : (bf16, bf16) -> bf16
  %47 = "arith.addf"(%43, %46) <{fastmath = #arith.fastmath<none>}> : (bf16, bf16) -> bf16
  "affine.store"(%47, %6, %arg3, %arg4, %arg5) <{map = affine_map<(d0, d1, d2) -> (0, d0, d1, d2)>}> : (bf16, memref<1x16x16x16xbf16>, index, index, index) -> ()
  "affine.yield"() : () -> ()
^bb0(%arg5: index):
  %7 = "affine.load"(%3, %arg3, %arg4, %arg5) <{map = affine_map<(d0, d1, d2) -> (0, d0, d1, d2)>}> : (memref<1x16x16x16xbf16>, index, index, index) -> bf16
  %8 = "affine.load"(%4, %arg5, %1) <{map = affine_map<(d0, d1) -> (0, 0, -1, d0 + d1 - 1)>}> : (memref<1x1x16x16xbf16>, index, index) -> bf16
  %9 = "affine.load"(%4, %arg5, %14) <{map = affine_map<(d0, d1) -> (0, 0, -1, d0 + d1 - 1)>}> : (memref<1x1x16x16xbf16>, index, index) -> bf16
  %10 = "affine.load"(%4, %arg5, %19) <{map = affine_map<(d0, d1) -> (0, 0, -1, d0 + d1 - 1)>}> : (memref<1x1x16x16xbf16>, index, index) -> bf16
  %11 = "affine.load"(%5, %arg3, %0, %1) <{map = affine_map<(d0, d1, d2) -> (d0, 0, d1, d2)>}> : (memref<16x1x3x3xbf16>, index, index, index) -> bf16
  %12 = "arith.mulf"(%8, %11) <{fastmath = #arith.fastmath<none>}> : (bf16, bf16) -> bf16
  %13 = "arith.addf"(%7, %12) <{fastmath = #arith.fastmath<none>}> : (bf16, bf16) -> bf16
  %14 = "arith.constant"() <{value = 1 : index}> : () -> index
  %15 = "affine.apply"(%1) <{map = affine_map<(d0) -> (d0 + 1)>}> : (index) -> index
  %16 = "affine.load"(%5, %arg3, %0, %14) <{map = affine_map<(d0, d1, d2) -> (d0, 0, d1, d2)>}> : (memref<16x1x3x3xbf16>, index, index, index) -> bf16
  %17 = "arith.mulf"(%9, %16) <{fastmath = #arith.fastmath<none>}> : (bf16, bf16) -> bf16
  %18 = "arith.addf"(%13, %17) <{fastmath = #arith.fastmath<none>}> : (bf16, bf16) -> bf16
  %19 = "arith.constant"() <{value = 2 : index}> : () -> index
  %20 = "affine.apply"(%1) <{map = affine_map<(d0) -> (d0 + 2)>}> : (index) -> index
  %21 = "affine.load"(%5, %arg3, %0, %19) <{map = affine_map<(d0, d1, d2) -> (d0, 0, d1, d2)>}> : (memref<16x1x3x3xbf16>, index, index, index) -> bf16
  %22 = "arith.mulf"(%10, %21) <{fastmath = #arith.fastmath<none>}> : (bf16, bf16) -> bf16
  %23 = "arith.addf"(%18, %22) <{fastmath = #arith.fastmath<none>}> : (bf16, bf16) -> bf16
  %24 = "affine.apply"(%0) <{map = affine_map<(d0) -> (d0 + 1)>}> : (index) -> index
  %25 = "affine.load"(%5, %arg3, %24, %1) <{map = affine_map<(d0, d1, d2) -> (d0, 0, d1, d2)>}> : (memref<16x1x3x3xbf16>, index, index, index) -> bf16
  %26 = "arith.mulf"(%8, %25) <{fastmath = #arith.fastmath<none>}> : (bf16, bf16) -> bf16
  %27 = "arith.addf"(%23, %26) <{fastmath = #arith.fastmath<none>}> : (bf16, bf16) -> bf16
  %28 = "affine.apply"(%1) <{map = affine_map<(d0) -> (d0 + 1)>}> : (index) -> index
  %29 = "affine.load"(%5, %arg3, %24, %28) <{map = affine_map<(d0, d1, d2) -> (d0, 0, d1, d2)>}> : (memref<16x1x3x3xbf16>, index, index, index) -> bf16
  %30 = "arith.mulf"(%9, %29) <{fastmath = #arith.fastmath<none>}> : (bf16, bf16) -> bf16
  %31 = "arith.addf"(%27, %30) <{fastmath = #arith.fastmath<none>}> : (bf16, bf16) -> bf16
  %32 = "affine.apply"(%1) <{map = affine_map<(d0) -> (d0 + 2)>}> : (index) -> index
  %33 = "affine.load"(%5, %arg3, %24, %32) <{map = affine_map<(d0, d1, d2) -> (d0, 0, d1, d2)>}> : (memref<16x1x3x3xbf16>, index, index, index) -> bf16
  %34 = "arith.mulf"(%10, %33) <{fastmath = #arith.fastmath<none>}> : (bf16, bf16) -> bf16
  %35 = "arith.addf"(%31, %34) <{fastmath = #arith.fastmath<none>}> : (bf16, bf16) -> bf16
  %36 = "affine.apply"(%0) <{map = affine_map<(d0) -> (d0 + 2)>}> : (index) -> index
  %37 = "affine.load"(%5, %arg3, %36, %1) <{map = affine_map<(d0, d1, d2) -> (d0, 0, d1, d2)>}> : (memref<16x1x3x3xbf16>, index, index, index) -> bf16
  %38 = "arith.mulf"(%8, %37) <{fastmath = #arith.fastmath<none>}> : (bf16, bf16) -> bf16
  %39 = "arith.addf"(%35, %38) <{fastmath = #arith.fastmath<none>}> : (bf16, bf16) -> bf16
  %40 = "affine.apply"(%1) <{map = affine_map<(d0) -> (d0 + 1)>}> : (index) -> index
  %41 = "affine.load"(%5, %arg3, %36, %40) <{map = affine_map<(d0, d1, d2) -> (d0, 0, d1, d2)>}> : (memref<16x1x3x3xbf16>, index, index, index) -> bf16
  %42 = "arith.mulf"(%9, %41) <{fastmath = #arith.fastmath<none>}> : (bf16, bf16) -> bf16
  %43 = "arith.addf"(%39, %42) <{fastmath = #arith.fastmath<none>}> : (bf16, bf16) -> bf16
  %44 = "affine.apply"(%1) <{map = affine_map<(d0) -> (d0 + 2)>}> : (index) -> index
  %45 = "affine.load"(%5, %arg3, %36, %44) <{map = affine_map<(d0, d1, d2) -> (d0, 0, d1, d2)>}> : (memref<16x1x3x3xbf16>, index, index, index) -> bf16
  %46 = "arith.mulf"(%10, %45) <{fastmath = #arith.fastmath<none>}> : (bf16, bf16) -> bf16
  %47 = "arith.addf"(%43, %46) <{fastmath = #arith.fastmath<none>}> : (bf16, bf16) -> bf16
  "affine.store"(%47, %6, %arg3, %arg4, %arg5) <{map = affine_map<(d0, d1, d2) -> (0, d0, d1, d2)>}> : (bf16, memref<1x16x16x16xbf16>, index, index, index) -> ()
  "affine.yield"() : () -> ()
^bb0(%arg5: index):
  %7 = "affine.load"(%3, %arg3, %arg4, %arg5) <{map = affine_map<(d0, d1, d2) -> (0, d0, d1, d2)>}> : (memref<1x16x16x16xbf16>, index, index, index) -> bf16
  %8 = "affine.load"(%4, %arg5, %1) <{map = affine_map<(d0, d1) -> (0, 0, -1, d0 + d1 - 1)>}> : (memref<1x1x16x16xbf16>, index, index) -> bf16
  %9 = "affine.load"(%4, %arg5, %14) <{map = affine_map<(d0, d1) -> (0, 0, -1, d0 + d1 - 1)>}> : (memref<1x1x16x16xbf16>, index, index) -> bf16
  %10 = "affine.load"(%4, %arg5, %19) <{map = affine_map<(d0, d1) -> (0, 0, -1, d0 + d1 - 1)>}> : (memref<1x1x16x16xbf16>, index, index) -> bf16
  %11 = "affine.load"(%5, %arg3, %0, %1) <{map = affine_map<(d0, d1, d2) -> (d0, 0, d1, d2)>}> : (memref<16x1x3x3xbf16>, index, index, index) -> bf16
  %12 = "arith.mulf"(%8, %11) <{fastmath = #arith.fastmath<none>}> : (bf16, bf16) -> bf16
  %13 = "arith.addf"(%7, %12) <{fastmath = #arith.fastmath<none>}> : (bf16, bf16) -> bf16
  %14 = "arith.constant"() <{value = 1 : index}> : () -> index
  %15 = "affine.apply"(%1) <{map = affine_map<(d0) -> (d0 + 1)>}> : (index) -> index
  %16 = "affine.load"(%5, %arg3, %0, %14) <{map = affine_map<(d0, d1, d2) -> (d0, 0, d1, d2)>}> : (memref<16x1x3x3xbf16>, index, index, index) -> bf16
  %17 = "arith.mulf"(%9, %16) <{fastmath = #arith.fastmath<none>}> : (bf16, bf16) -> bf16
  %18 = "arith.addf"(%13, %17) <{fastmath = #arith.fastmath<none>}> : (bf16, bf16) -> bf16
  %19 = "arith.constant"() <{value = 2 : index}> : () -> index
  %20 = "affine.apply"(%1) <{map = affine_map<(d0) -> (d0 + 2)>}> : (index) -> index
  %21 = "affine.load"(%5, %arg3, %0, %19) <{map = affine_map<(d0, d1, d2) -> (d0, 0, d1, d2)>}> : (memref<16x1x3x3xbf16>, index, index, index) -> bf16
  %22 = "arith.mulf"(%10, %21) <{fastmath = #arith.fastmath<none>}> : (bf16, bf16) -> bf16
  %23 = "arith.addf"(%18, %22) <{fastmath = #arith.fastmath<none>}> : (bf16, bf16) -> bf16
  %24 = "arith.constant"() <{value = 1 : index}> : () -> index
  %25 = "affine.apply"(%0) <{map = affine_map<(d0) -> (d0 + 1)>}> : (index) -> index
  %26 = "affine.load"(%5, %arg3, %24, %1) <{map = affine_map<(d0, d1, d2) -> (d0, 0, d1, d2)>}> : (memref<16x1x3x3xbf16>, index, index, index) -> bf16
  %27 = "arith.mulf"(%8, %26) <{fastmath = #arith.fastmath<none>}> : (bf16, bf16) -> bf16
  %28 = "arith.addf"(%23, %27) <{fastmath = #arith.fastmath<none>}> : (bf16, bf16) -> bf16
  %29 = "affine.apply"(%1) <{map = affine_map<(d0) -> (d0 + 1)>}> : (index) -> index
  %30 = "affine.load"(%5, %arg3, %24, %29) <{map = affine_map<(d0, d1, d2) -> (d0, 0, d1, d2)>}> : (memref<16x1x3x3xbf16>, index, index, index) -> bf16
  %31 = "arith.mulf"(%9, %30) <{fastmath = #arith.fastmath<none>}> : (bf16, bf16) -> bf16
  %32 = "arith.addf"(%28, %31) <{fastmath = #arith.fastmath<none>}> : (bf16, bf16) -> bf16
  %33 = "affine.apply"(%1) <{map = affine_map<(d0) -> (d0 + 2)>}> : (index) -> index
  %34 = "affine.load"(%5, %arg3, %24, %33) <{map = affine_map<(d0, d1, d2) -> (d0, 0, d1, d2)>}> : (memref<16x1x3x3xbf16>, index, index, index) -> bf16
  %35 = "arith.mulf"(%10, %34) <{fastmath = #arith.fastmath<none>}> : (bf16, bf16) -> bf16
  %36 = "arith.addf"(%32, %35) <{fastmath = #arith.fastmath<none>}> : (bf16, bf16) -> bf16
  %37 = "affine.apply"(%0) <{map = affine_map<(d0) -> (d0 + 2)>}> : (index) -> index
  %38 = "affine.load"(%5, %arg3, %37, %1) <{map = affine_map<(d0, d1, d2) -> (d0, 0, d1, d2)>}> : (memref<16x1x3x3xbf16>, index, index, index) -> bf16
  %39 = "arith.mulf"(%8, %38) <{fastmath = #arith.fastmath<none>}> : (bf16, bf16) -> bf16
  %40 = "arith.addf"(%36, %39) <{fastmath = #arith.fastmath<none>}> : (bf16, bf16) -> bf16
  %41 = "affine.apply"(%1) <{map = affine_map<(d0) -> (d0 + 1)>}> : (index) -> index
  %42 = "affine.load"(%5, %arg3, %37, %41) <{map = affine_map<(d0, d1, d2) -> (d0, 0, d1, d2)>}> : (memref<16x1x3x3xbf16>, index, index, index) -> bf16
  %43 = "arith.mulf"(%9, %42) <{fastmath = #arith.fastmath<none>}> : (bf16, bf16) -> bf16
  %44 = "arith.addf"(%40, %43) <{fastmath = #arith.fastmath<none>}> : (bf16, bf16) -> bf16
  %45 = "affine.apply"(%1) <{map = affine_map<(d0) -> (d0 + 2)>}> : (index) -> index
  %46 = "affine.load"(%5, %arg3, %37, %45) <{map = affine_map<(d0, d1, d2) -> (d0, 0, d1, d2)>}> : (memref<16x1x3x3xbf16>, index, index, index) -> bf16
  %47 = "arith.mulf"(%10, %46) <{fastmath = #arith.fastmath<none>}> : (bf16, bf16) -> bf16
  %48 = "arith.addf"(%44, %47) <{fastmath = #arith.fastmath<none>}> : (bf16, bf16) -> bf16
  "affine.store"(%48, %6, %arg3, %arg4, %arg5) <{map = affine_map<(d0, d1, d2) -> (0, d0, d1, d2)>}> : (bf16, memref<1x16x16x16xbf16>, index, index, index) -> ()
  "affine.yield"() : () -> ()
%1 = "arith.constant"() <{value = 0 : index}> : () -> index
^bb0(%arg5: index):
  %7 = "affine.load"(%3, %arg3, %arg4, %arg5) <{map = affine_map<(d0, d1, d2) -> (0, d0, d1, d2)>}> : (memref<1x16x16x16xbf16>, index, index, index) -> bf16
  %8 = "affine.load"(%4, %arg5, %1) <{map = affine_map<(d0, d1) -> (0, 0, -1, d0 + d1 - 1)>}> : (memref<1x1x16x16xbf16>, index, index) -> bf16
  %9 = "affine.load"(%4, %arg5, %14) <{map = affine_map<(d0, d1) -> (0, 0, -1, d0 + d1 - 1)>}> : (memref<1x1x16x16xbf16>, index, index) -> bf16
  %10 = "affine.load"(%4, %arg5, %19) <{map = affine_map<(d0, d1) -> (0, 0, -1, d0 + d1 - 1)>}> : (memref<1x1x16x16xbf16>, index, index) -> bf16
  %11 = "affine.load"(%5, %arg3, %0, %1) <{map = affine_map<(d0, d1, d2) -> (d0, 0, d1, d2)>}> : (memref<16x1x3x3xbf16>, index, index, index) -> bf16
  %12 = "arith.mulf"(%8, %11) <{fastmath = #arith.fastmath<none>}> : (bf16, bf16) -> bf16
  %13 = "arith.addf"(%7, %12) <{fastmath = #arith.fastmath<none>}> : (bf16, bf16) -> bf16
  %14 = "arith.constant"() <{value = 1 : index}> : () -> index
  %15 = "affine.apply"(%1) <{map = affine_map<(d0) -> (d0 + 1)>}> : (index) -> index
  %16 = "affine.load"(%5, %arg3, %0, %14) <{map = affine_map<(d0, d1, d2) -> (d0, 0, d1, d2)>}> : (memref<16x1x3x3xbf16>, index, index, index) -> bf16
  %17 = "arith.mulf"(%9, %16) <{fastmath = #arith.fastmath<none>}> : (bf16, bf16) -> bf16
  %18 = "arith.addf"(%13, %17) <{fastmath = #arith.fastmath<none>}> : (bf16, bf16) -> bf16
  %19 = "arith.constant"() <{value = 2 : index}> : () -> index
  %20 = "affine.apply"(%1) <{map = affine_map<(d0) -> (d0 + 2)>}> : (index) -> index
  %21 = "affine.load"(%5, %arg3, %0, %19) <{map = affine_map<(d0, d1, d2) -> (d0, 0, d1, d2)>}> : (memref<16x1x3x3xbf16>, index, index, index) -> bf16
  %22 = "arith.mulf"(%10, %21) <{fastmath = #arith.fastmath<none>}> : (bf16, bf16) -> bf16
  %23 = "arith.addf"(%18, %22) <{fastmath = #arith.fastmath<none>}> : (bf16, bf16) -> bf16
  %24 = "arith.constant"() <{value = 1 : index}> : () -> index
  %25 = "affine.apply"(%0) <{map = affine_map<(d0) -> (d0 + 1)>}> : (index) -> index
  %26 = "affine.load"(%5, %arg3, %24, %1) <{map = affine_map<(d0, d1, d2) -> (d0, 0, d1, d2)>}> : (memref<16x1x3x3xbf16>, index, index, index) -> bf16
  %27 = "arith.mulf"(%8, %26) <{fastmath = #arith.fastmath<none>}> : (bf16, bf16) -> bf16
  %28 = "arith.addf"(%23, %27) <{fastmath = #arith.fastmath<none>}> : (bf16, bf16) -> bf16
  %29 = "affine.apply"(%1) <{map = affine_map<(d0) -> (d0 + 1)>}> : (index) -> index
  %30 = "affine.load"(%5, %arg3, %24, %29) <{map = affine_map<(d0, d1, d2) -> (d0, 0, d1, d2)>}> : (memref<16x1x3x3xbf16>, index, index, index) -> bf16
  %31 = "arith.mulf"(%9, %30) <{fastmath = #arith.fastmath<none>}> : (bf16, bf16) -> bf16
  %32 = "arith.addf"(%28, %31) <{fastmath = #arith.fastmath<none>}> : (bf16, bf16) -> bf16
  %33 = "affine.apply"(%1) <{map = affine_map<(d0) -> (d0 + 2)>}> : (index) -> index
  %34 = "affine.load"(%5, %arg3, %24, %33) <{map = affine_map<(d0, d1, d2) -> (d0, 0, d1, d2)>}> : (memref<16x1x3x3xbf16>, index, index, index) -> bf16
  %35 = "arith.mulf"(%10, %34) <{fastmath = #arith.fastmath<none>}> : (bf16, bf16) -> bf16
  %36 = "arith.addf"(%32, %35) <{fastmath = #arith.fastmath<none>}> : (bf16, bf16) -> bf16
  %37 = "affine.apply"(%0) <{map = affine_map<(d0) -> (d0 + 2)>}> : (index) -> index
  %38 = "affine.load"(%5, %arg3, %37, %1) <{map = affine_map<(d0, d1, d2) -> (d0, 0, d1, d2)>}> : (memref<16x1x3x3xbf16>, index, index, index) -> bf16
  %39 = "arith.mulf"(%8, %38) <{fastmath = #arith.fastmath<none>}> : (bf16, bf16) -> bf16
  %40 = "arith.addf"(%36, %39) <{fastmath = #arith.fastmath<none>}> : (bf16, bf16) -> bf16
  %41 = "affine.apply"(%1) <{map = affine_map<(d0) -> (d0 + 1)>}> : (index) -> index
  %42 = "affine.load"(%5, %arg3, %37, %41) <{map = affine_map<(d0, d1, d2) -> (d0, 0, d1, d2)>}> : (memref<16x1x3x3xbf16>, index, index, index) -> bf16
  %43 = "arith.mulf"(%9, %42) <{fastmath = #arith.fastmath<none>}> : (bf16, bf16) -> bf16
  %44 = "arith.addf"(%40, %43) <{fastmath = #arith.fastmath<none>}> : (bf16, bf16) -> bf16
  %45 = "affine.apply"(%1) <{map = affine_map<(d0) -> (d0 + 2)>}> : (index) -> index
  %46 = "affine.load"(%5, %arg3, %37, %45) <{map = affine_map<(d0, d1, d2) -> (d0, 0, d1, d2)>}> : (memref<16x1x3x3xbf16>, index, index, index) -> bf16
  %47 = "arith.mulf"(%10, %46) <{fastmath = #arith.fastmath<none>}> : (bf16, bf16) -> bf16
  %48 = "arith.addf"(%44, %47) <{fastmath = #arith.fastmath<none>}> : (bf16, bf16) -> bf16
  "affine.store"(%48, %6, %arg3, %arg4, %arg5) <{map = affine_map<(d0, d1, d2) -> (0, d0, d1, d2)>}> : (bf16, memref<1x16x16x16xbf16>, index, index, index) -> ()
  "affine.yield"() : () -> ()
^bb0(%arg5: index):
  %7 = "affine.load"(%3, %arg3, %arg4, %arg5) <{map = affine_map<(d0, d1, d2) -> (0, d0, d1, d2)>}> : (memref<1x16x16x16xbf16>, index, index, index) -> bf16
  %8 = "affine.load"(%4, %arg5, %1) <{map = affine_map<(d0, d1) -> (0, 0, -1, d0 + d1 - 1)>}> : (memref<1x1x16x16xbf16>, index, index) -> bf16
  %9 = "affine.load"(%4, %arg5, %14) <{map = affine_map<(d0, d1) -> (0, 0, -1, d0 + d1 - 1)>}> : (memref<1x1x16x16xbf16>, index, index) -> bf16
  %10 = "affine.load"(%4, %arg5, %19) <{map = affine_map<(d0, d1) -> (0, 0, -1, d0 + d1 - 1)>}> : (memref<1x1x16x16xbf16>, index, index) -> bf16
  %11 = "affine.load"(%5, %arg3, %0, %1) <{map = affine_map<(d0, d1, d2) -> (d0, 0, d1, d2)>}> : (memref<16x1x3x3xbf16>, index, index, index) -> bf16
  %12 = "arith.mulf"(%8, %11) <{fastmath = #arith.fastmath<none>}> : (bf16, bf16) -> bf16
  %13 = "arith.addf"(%7, %12) <{fastmath = #arith.fastmath<none>}> : (bf16, bf16) -> bf16
  %14 = "arith.constant"() <{value = 1 : index}> : () -> index
  %15 = "affine.apply"(%1) <{map = affine_map<(d0) -> (d0 + 1)>}> : (index) -> index
  %16 = "affine.load"(%5, %arg3, %0, %14) <{map = affine_map<(d0, d1, d2) -> (d0, 0, d1, d2)>}> : (memref<16x1x3x3xbf16>, index, index, index) -> bf16
  %17 = "arith.mulf"(%9, %16) <{fastmath = #arith.fastmath<none>}> : (bf16, bf16) -> bf16
  %18 = "arith.addf"(%13, %17) <{fastmath = #arith.fastmath<none>}> : (bf16, bf16) -> bf16
  %19 = "arith.constant"() <{value = 2 : index}> : () -> index
  %20 = "affine.apply"(%1) <{map = affine_map<(d0) -> (d0 + 2)>}> : (index) -> index
  %21 = "affine.load"(%5, %arg3, %0, %19) <{map = affine_map<(d0, d1, d2) -> (d0, 0, d1, d2)>}> : (memref<16x1x3x3xbf16>, index, index, index) -> bf16
  %22 = "arith.mulf"(%10, %21) <{fastmath = #arith.fastmath<none>}> : (bf16, bf16) -> bf16
  %23 = "arith.addf"(%18, %22) <{fastmath = #arith.fastmath<none>}> : (bf16, bf16) -> bf16
  %24 = "arith.constant"() <{value = 1 : index}> : () -> index
  %25 = "affine.apply"(%0) <{map = affine_map<(d0) -> (d0 + 1)>}> : (index) -> index
  %26 = "affine.load"(%5, %arg3, %24, %1) <{map = affine_map<(d0, d1, d2) -> (d0, 0, d1, d2)>}> : (memref<16x1x3x3xbf16>, index, index, index) -> bf16
  %27 = "arith.mulf"(%8, %26) <{fastmath = #arith.fastmath<none>}> : (bf16, bf16) -> bf16
  %28 = "arith.addf"(%23, %27) <{fastmath = #arith.fastmath<none>}> : (bf16, bf16) -> bf16
  %29 = "affine.apply"(%1) <{map = affine_map<(d0) -> (d0 + 1)>}> : (index) -> index
  %30 = "affine.load"(%5, %arg3, %24, %29) <{map = affine_map<(d0, d1, d2) -> (d0, 0, d1, d2)>}> : (memref<16x1x3x3xbf16>, index, index, index) -> bf16
  %31 = "arith.mulf"(%9, %30) <{fastmath = #arith.fastmath<none>}> : (bf16, bf16) -> bf16
  %32 = "arith.addf"(%28, %31) <{fastmath = #arith.fastmath<none>}> : (bf16, bf16) -> bf16
  %33 = "affine.apply"(%1) <{map = affine_map<(d0) -> (d0 + 2)>}> : (index) -> index
  %34 = "affine.load"(%5, %arg3, %24, %33) <{map = affine_map<(d0, d1, d2) -> (d0, 0, d1, d2)>}> : (memref<16x1x3x3xbf16>, index, index, index) -> bf16
  %35 = "arith.mulf"(%10, %34) <{fastmath = #arith.fastmath<none>}> : (bf16, bf16) -> bf16
  %36 = "arith.addf"(%32, %35) <{fastmath = #arith.fastmath<none>}> : (bf16, bf16) -> bf16
  %37 = "affine.apply"(%0) <{map = affine_map<(d0) -> (d0 + 2)>}> : (index) -> index
  %38 = "affine.load"(%5, %arg3, %37, %1) <{map = affine_map<(d0, d1, d2) -> (d0, 0, d1, d2)>}> : (memref<16x1x3x3xbf16>, index, index, index) -> bf16
  %39 = "arith.mulf"(%8, %38) <{fastmath = #arith.fastmath<none>}> : (bf16, bf16) -> bf16
  %40 = "arith.addf"(%36, %39) <{fastmath = #arith.fastmath<none>}> : (bf16, bf16) -> bf16
  %41 = "affine.apply"(%1) <{map = affine_map<(d0) -> (d0 + 1)>}> : (index) -> index
  %42 = "affine.load"(%5, %arg3, %37, %41) <{map = affine_map<(d0, d1, d2) -> (d0, 0, d1, d2)>}> : (memref<16x1x3x3xbf16>, index, index, index) -> bf16
  %43 = "arith.mulf"(%9, %42) <{fastmath = #arith.fastmath<none>}> : (bf16, bf16) -> bf16
  %44 = "arith.addf"(%40, %43) <{fastmath = #arith.fastmath<none>}> : (bf16, bf16) -> bf16
  %45 = "affine.apply"(%1) <{map = affine_map<(d0) -> (d0 + 2)>}> : (index) -> index
  %46 = "affine.load"(%5, %arg3, %37, %45) <{map = affine_map<(d0, d1, d2) -> (d0, 0, d1, d2)>}> : (memref<16x1x3x3xbf16>, index, index, index) -> bf16
  %47 = "arith.mulf"(%10, %46) <{fastmath = #arith.fastmath<none>}> : (bf16, bf16) -> bf16
  %48 = "arith.addf"(%44, %47) <{fastmath = #arith.fastmath<none>}> : (bf16, bf16) -> bf16
  "affine.store"(%48, %6, %arg3, %arg4, %arg5) <{map = affine_map<(d0, d1, d2) -> (0, d0, d1, d2)>}> : (bf16, memref<1x16x16x16xbf16>, index, index, index) -> ()
  "affine.yield"() : () -> ()
^bb0(%arg5: index):
  %7 = "affine.load"(%3, %arg3, %arg4, %arg5) <{map = affine_map<(d0, d1, d2) -> (0, d0, d1, d2)>}> : (memref<1x16x16x16xbf16>, index, index, index) -> bf16
  %8 = "affine.load"(%4, %arg5, %1) <{map = affine_map<(d0, d1) -> (0, 0, -1, d0 + d1 - 1)>}> : (memref<1x1x16x16xbf16>, index, index) -> bf16
  %9 = "affine.load"(%4, %arg5, %14) <{map = affine_map<(d0, d1) -> (0, 0, -1, d0 + d1 - 1)>}> : (memref<1x1x16x16xbf16>, index, index) -> bf16
  %10 = "affine.load"(%4, %arg5, %19) <{map = affine_map<(d0, d1) -> (0, 0, -1, d0 + d1 - 1)>}> : (memref<1x1x16x16xbf16>, index, index) -> bf16
  %11 = "affine.load"(%5, %arg3, %0, %1) <{map = affine_map<(d0, d1, d2) -> (d0, 0, d1, d2)>}> : (memref<16x1x3x3xbf16>, index, index, index) -> bf16
  %12 = "arith.mulf"(%8, %11) <{fastmath = #arith.fastmath<none>}> : (bf16, bf16) -> bf16
  %13 = "arith.addf"(%7, %12) <{fastmath = #arith.fastmath<none>}> : (bf16, bf16) -> bf16
  %14 = "arith.constant"() <{value = 1 : index}> : () -> index
  %15 = "affine.apply"(%1) <{map = affine_map<(d0) -> (d0 + 1)>}> : (index) -> index
  %16 = "affine.load"(%5, %arg3, %0, %14) <{map = affine_map<(d0, d1, d2) -> (d0, 0, d1, d2)>}> : (memref<16x1x3x3xbf16>, index, index, index) -> bf16
  %17 = "arith.mulf"(%9, %16) <{fastmath = #arith.fastmath<none>}> : (bf16, bf16) -> bf16
  %18 = "arith.addf"(%13, %17) <{fastmath = #arith.fastmath<none>}> : (bf16, bf16) -> bf16
  %19 = "arith.constant"() <{value = 2 : index}> : () -> index
  %20 = "affine.apply"(%1) <{map = affine_map<(d0) -> (d0 + 2)>}> : (index) -> index
  %21 = "affine.load"(%5, %arg3, %0, %19) <{map = affine_map<(d0, d1, d2) -> (d0, 0, d1, d2)>}> : (memref<16x1x3x3xbf16>, index, index, index) -> bf16
  %22 = "arith.mulf"(%10, %21) <{fastmath = #arith.fastmath<none>}> : (bf16, bf16) -> bf16
  %23 = "arith.addf"(%18, %22) <{fastmath = #arith.fastmath<none>}> : (bf16, bf16) -> bf16
  %24 = "arith.constant"() <{value = 1 : index}> : () -> index
  %25 = "affine.apply"(%0) <{map = affine_map<(d0) -> (d0 + 1)>}> : (index) -> index
  %26 = "affine.load"(%5, %arg3, %24, %1) <{map = affine_map<(d0, d1, d2) -> (d0, 0, d1, d2)>}> : (memref<16x1x3x3xbf16>, index, index, index) -> bf16
  %27 = "arith.mulf"(%8, %26) <{fastmath = #arith.fastmath<none>}> : (bf16, bf16) -> bf16
  %28 = "arith.addf"(%23, %27) <{fastmath = #arith.fastmath<none>}> : (bf16, bf16) -> bf16
  %29 = "arith.constant"() <{value = 1 : index}> : () -> index
  %30 = "affine.apply"(%1) <{map = affine_map<(d0) -> (d0 + 1)>}> : (index) -> index
  %31 = "affine.load"(%5, %arg3, %24, %29) <{map = affine_map<(d0, d1, d2) -> (d0, 0, d1, d2)>}> : (memref<16x1x3x3xbf16>, index, index, index) -> bf16
  %32 = "arith.mulf"(%9, %31) <{fastmath = #arith.fastmath<none>}> : (bf16, bf16) -> bf16
  %33 = "arith.addf"(%28, %32) <{fastmath = #arith.fastmath<none>}> : (bf16, bf16) -> bf16
  %34 = "affine.apply"(%1) <{map = affine_map<(d0) -> (d0 + 2)>}> : (index) -> index
  %35 = "affine.load"(%5, %arg3, %24, %34) <{map = affine_map<(d0, d1, d2) -> (d0, 0, d1, d2)>}> : (memref<16x1x3x3xbf16>, index, index, index) -> bf16
  %36 = "arith.mulf"(%10, %35) <{fastmath = #arith.fastmath<none>}> : (bf16, bf16) -> bf16
  %37 = "arith.addf"(%33, %36) <{fastmath = #arith.fastmath<none>}> : (bf16, bf16) -> bf16
  %38 = "affine.apply"(%0) <{map = affine_map<(d0) -> (d0 + 2)>}> : (index) -> index
  %39 = "affine.load"(%5, %arg3, %38, %1) <{map = affine_map<(d0, d1, d2) -> (d0, 0, d1, d2)>}> : (memref<16x1x3x3xbf16>, index, index, index) -> bf16
  %40 = "arith.mulf"(%8, %39) <{fastmath = #arith.fastmath<none>}> : (bf16, bf16) -> bf16
  %41 = "arith.addf"(%37, %40) <{fastmath = #arith.fastmath<none>}> : (bf16, bf16) -> bf16
  %42 = "affine.apply"(%1) <{map = affine_map<(d0) -> (d0 + 1)>}> : (index) -> index
  %43 = "affine.load"(%5, %arg3, %38, %42) <{map = affine_map<(d0, d1, d2) -> (d0, 0, d1, d2)>}> : (memref<16x1x3x3xbf16>, index, index, index) -> bf16
  %44 = "arith.mulf"(%9, %43) <{fastmath = #arith.fastmath<none>}> : (bf16, bf16) -> bf16
  %45 = "arith.addf"(%41, %44) <{fastmath = #arith.fastmath<none>}> : (bf16, bf16) -> bf16
  %46 = "affine.apply"(%1) <{map = affine_map<(d0) -> (d0 + 2)>}> : (index) -> index
  %47 = "affine.load"(%5, %arg3, %38, %46) <{map = affine_map<(d0, d1, d2) -> (d0, 0, d1, d2)>}> : (memref<16x1x3x3xbf16>, index, index, index) -> bf16
  %48 = "arith.mulf"(%10, %47) <{fastmath = #arith.fastmath<none>}> : (bf16, bf16) -> bf16
  %49 = "arith.addf"(%45, %48) <{fastmath = #arith.fastmath<none>}> : (bf16, bf16) -> bf16
  "affine.store"(%49, %6, %arg3, %arg4, %arg5) <{map = affine_map<(d0, d1, d2) -> (0, d0, d1, d2)>}> : (bf16, memref<1x16x16x16xbf16>, index, index, index) -> ()
  "affine.yield"() : () -> ()
%1 = "arith.constant"() <{value = 0 : index}> : () -> index
^bb0(%arg5: index):
  %7 = "affine.load"(%3, %arg3, %arg4, %arg5) <{map = affine_map<(d0, d1, d2) -> (0, d0, d1, d2)>}> : (memref<1x16x16x16xbf16>, index, index, index) -> bf16
  %8 = "affine.load"(%4, %arg5, %1) <{map = affine_map<(d0, d1) -> (0, 0, -1, d0 + d1 - 1)>}> : (memref<1x1x16x16xbf16>, index, index) -> bf16
  %9 = "affine.load"(%4, %arg5, %14) <{map = affine_map<(d0, d1) -> (0, 0, -1, d0 + d1 - 1)>}> : (memref<1x1x16x16xbf16>, index, index) -> bf16
  %10 = "affine.load"(%4, %arg5, %19) <{map = affine_map<(d0, d1) -> (0, 0, -1, d0 + d1 - 1)>}> : (memref<1x1x16x16xbf16>, index, index) -> bf16
  %11 = "affine.load"(%5, %arg3, %0, %1) <{map = affine_map<(d0, d1, d2) -> (d0, 0, d1, d2)>}> : (memref<16x1x3x3xbf16>, index, index, index) -> bf16
  %12 = "arith.mulf"(%8, %11) <{fastmath = #arith.fastmath<none>}> : (bf16, bf16) -> bf16
  %13 = "arith.addf"(%7, %12) <{fastmath = #arith.fastmath<none>}> : (bf16, bf16) -> bf16
  %14 = "arith.constant"() <{value = 1 : index}> : () -> index
  %15 = "affine.apply"(%1) <{map = affine_map<(d0) -> (d0 + 1)>}> : (index) -> index
  %16 = "affine.load"(%5, %arg3, %0, %14) <{map = affine_map<(d0, d1, d2) -> (d0, 0, d1, d2)>}> : (memref<16x1x3x3xbf16>, index, index, index) -> bf16
  %17 = "arith.mulf"(%9, %16) <{fastmath = #arith.fastmath<none>}> : (bf16, bf16) -> bf16
  %18 = "arith.addf"(%13, %17) <{fastmath = #arith.fastmath<none>}> : (bf16, bf16) -> bf16
  %19 = "arith.constant"() <{value = 2 : index}> : () -> index
  %20 = "affine.apply"(%1) <{map = affine_map<(d0) -> (d0 + 2)>}> : (index) -> index
  %21 = "affine.load"(%5, %arg3, %0, %19) <{map = affine_map<(d0, d1, d2) -> (d0, 0, d1, d2)>}> : (memref<16x1x3x3xbf16>, index, index, index) -> bf16
  %22 = "arith.mulf"(%10, %21) <{fastmath = #arith.fastmath<none>}> : (bf16, bf16) -> bf16
  %23 = "arith.addf"(%18, %22) <{fastmath = #arith.fastmath<none>}> : (bf16, bf16) -> bf16
  %24 = "arith.constant"() <{value = 1 : index}> : () -> index
  %25 = "affine.apply"(%0) <{map = affine_map<(d0) -> (d0 + 1)>}> : (index) -> index
  %26 = "affine.load"(%5, %arg3, %24, %1) <{map = affine_map<(d0, d1, d2) -> (d0, 0, d1, d2)>}> : (memref<16x1x3x3xbf16>, index, index, index) -> bf16
  %27 = "arith.mulf"(%8, %26) <{fastmath = #arith.fastmath<none>}> : (bf16, bf16) -> bf16
  %28 = "arith.addf"(%23, %27) <{fastmath = #arith.fastmath<none>}> : (bf16, bf16) -> bf16
  %29 = "arith.constant"() <{value = 1 : index}> : () -> index
  %30 = "affine.apply"(%1) <{map = affine_map<(d0) -> (d0 + 1)>}> : (index) -> index
  %31 = "affine.load"(%5, %arg3, %24, %29) <{map = affine_map<(d0, d1, d2) -> (d0, 0, d1, d2)>}> : (memref<16x1x3x3xbf16>, index, index, index) -> bf16
  %32 = "arith.mulf"(%9, %31) <{fastmath = #arith.fastmath<none>}> : (bf16, bf16) -> bf16
  %33 = "arith.addf"(%28, %32) <{fastmath = #arith.fastmath<none>}> : (bf16, bf16) -> bf16
  %34 = "affine.apply"(%1) <{map = affine_map<(d0) -> (d0 + 2)>}> : (index) -> index
  %35 = "affine.load"(%5, %arg3, %24, %34) <{map = affine_map<(d0, d1, d2) -> (d0, 0, d1, d2)>}> : (memref<16x1x3x3xbf16>, index, index, index) -> bf16
  %36 = "arith.mulf"(%10, %35) <{fastmath = #arith.fastmath<none>}> : (bf16, bf16) -> bf16
  %37 = "arith.addf"(%33, %36) <{fastmath = #arith.fastmath<none>}> : (bf16, bf16) -> bf16
  %38 = "affine.apply"(%0) <{map = affine_map<(d0) -> (d0 + 2)>}> : (index) -> index
  %39 = "affine.load"(%5, %arg3, %38, %1) <{map = affine_map<(d0, d1, d2) -> (d0, 0, d1, d2)>}> : (memref<16x1x3x3xbf16>, index, index, index) -> bf16
  %40 = "arith.mulf"(%8, %39) <{fastmath = #arith.fastmath<none>}> : (bf16, bf16) -> bf16
  %41 = "arith.addf"(%37, %40) <{fastmath = #arith.fastmath<none>}> : (bf16, bf16) -> bf16
  %42 = "affine.apply"(%1) <{map = affine_map<(d0) -> (d0 + 1)>}> : (index) -> index
  %43 = "affine.load"(%5, %arg3, %38, %42) <{map = affine_map<(d0, d1, d2) -> (d0, 0, d1, d2)>}> : (memref<16x1x3x3xbf16>, index, index, index) -> bf16
  %44 = "arith.mulf"(%9, %43) <{fastmath = #arith.fastmath<none>}> : (bf16, bf16) -> bf16
  %45 = "arith.addf"(%41, %44) <{fastmath = #arith.fastmath<none>}> : (bf16, bf16) -> bf16
  %46 = "affine.apply"(%1) <{map = affine_map<(d0) -> (d0 + 2)>}> : (index) -> index
  %47 = "affine.load"(%5, %arg3, %38, %46) <{map = affine_map<(d0, d1, d2) -> (d0, 0, d1, d2)>}> : (memref<16x1x3x3xbf16>, index, index, index) -> bf16
  %48 = "arith.mulf"(%10, %47) <{fastmath = #arith.fastmath<none>}> : (bf16, bf16) -> bf16
  %49 = "arith.addf"(%45, %48) <{fastmath = #arith.fastmath<none>}> : (bf16, bf16) -> bf16
  "affine.store"(%49, %6, %arg3, %arg4, %arg5) <{map = affine_map<(d0, d1, d2) -> (0, d0, d1, d2)>}> : (bf16, memref<1x16x16x16xbf16>, index, index, index) -> ()
  "affine.yield"() : () -> ()
^bb0(%arg5: index):
  %7 = "affine.load"(%3, %arg3, %arg4, %arg5) <{map = affine_map<(d0, d1, d2) -> (0, d0, d1, d2)>}> : (memref<1x16x16x16xbf16>, index, index, index) -> bf16
  %8 = "affine.load"(%4, %arg5, %1) <{map = affine_map<(d0, d1) -> (0, 0, -1, d0 + d1 - 1)>}> : (memref<1x1x16x16xbf16>, index, index) -> bf16
  %9 = "affine.load"(%4, %arg5, %14) <{map = affine_map<(d0, d1) -> (0, 0, -1, d0 + d1 - 1)>}> : (memref<1x1x16x16xbf16>, index, index) -> bf16
  %10 = "affine.load"(%4, %arg5, %19) <{map = affine_map<(d0, d1) -> (0, 0, -1, d0 + d1 - 1)>}> : (memref<1x1x16x16xbf16>, index, index) -> bf16
  %11 = "affine.load"(%5, %arg3, %0, %1) <{map = affine_map<(d0, d1, d2) -> (d0, 0, d1, d2)>}> : (memref<16x1x3x3xbf16>, index, index, index) -> bf16
  %12 = "arith.mulf"(%8, %11) <{fastmath = #arith.fastmath<none>}> : (bf16, bf16) -> bf16
  %13 = "arith.addf"(%7, %12) <{fastmath = #arith.fastmath<none>}> : (bf16, bf16) -> bf16
  %14 = "arith.constant"() <{value = 1 : index}> : () -> index
  %15 = "affine.apply"(%1) <{map = affine_map<(d0) -> (d0 + 1)>}> : (index) -> index
  %16 = "affine.load"(%5, %arg3, %0, %14) <{map = affine_map<(d0, d1, d2) -> (d0, 0, d1, d2)>}> : (memref<16x1x3x3xbf16>, index, index, index) -> bf16
  %17 = "arith.mulf"(%9, %16) <{fastmath = #arith.fastmath<none>}> : (bf16, bf16) -> bf16
  %18 = "arith.addf"(%13, %17) <{fastmath = #arith.fastmath<none>}> : (bf16, bf16) -> bf16
  %19 = "arith.constant"() <{value = 2 : index}> : () -> index
  %20 = "affine.apply"(%1) <{map = affine_map<(d0) -> (d0 + 2)>}> : (index) -> index
  %21 = "affine.load"(%5, %arg3, %0, %19) <{map = affine_map<(d0, d1, d2) -> (d0, 0, d1, d2)>}> : (memref<16x1x3x3xbf16>, index, index, index) -> bf16
  %22 = "arith.mulf"(%10, %21) <{fastmath = #arith.fastmath<none>}> : (bf16, bf16) -> bf16
  %23 = "arith.addf"(%18, %22) <{fastmath = #arith.fastmath<none>}> : (bf16, bf16) -> bf16
  %24 = "arith.constant"() <{value = 1 : index}> : () -> index
  %25 = "affine.apply"(%0) <{map = affine_map<(d0) -> (d0 + 1)>}> : (index) -> index
  %26 = "affine.load"(%5, %arg3, %24, %1) <{map = affine_map<(d0, d1, d2) -> (d0, 0, d1, d2)>}> : (memref<16x1x3x3xbf16>, index, index, index) -> bf16
  %27 = "arith.mulf"(%8, %26) <{fastmath = #arith.fastmath<none>}> : (bf16, bf16) -> bf16
  %28 = "arith.addf"(%23, %27) <{fastmath = #arith.fastmath<none>}> : (bf16, bf16) -> bf16
  %29 = "arith.constant"() <{value = 1 : index}> : () -> index
  %30 = "affine.apply"(%1) <{map = affine_map<(d0) -> (d0 + 1)>}> : (index) -> index
  %31 = "affine.load"(%5, %arg3, %24, %29) <{map = affine_map<(d0, d1, d2) -> (d0, 0, d1, d2)>}> : (memref<16x1x3x3xbf16>, index, index, index) -> bf16
  %32 = "arith.mulf"(%9, %31) <{fastmath = #arith.fastmath<none>}> : (bf16, bf16) -> bf16
  %33 = "arith.addf"(%28, %32) <{fastmath = #arith.fastmath<none>}> : (bf16, bf16) -> bf16
  %34 = "affine.apply"(%1) <{map = affine_map<(d0) -> (d0 + 2)>}> : (index) -> index
  %35 = "affine.load"(%5, %arg3, %24, %34) <{map = affine_map<(d0, d1, d2) -> (d0, 0, d1, d2)>}> : (memref<16x1x3x3xbf16>, index, index, index) -> bf16
  %36 = "arith.mulf"(%10, %35) <{fastmath = #arith.fastmath<none>}> : (bf16, bf16) -> bf16
  %37 = "arith.addf"(%33, %36) <{fastmath = #arith.fastmath<none>}> : (bf16, bf16) -> bf16
  %38 = "affine.apply"(%0) <{map = affine_map<(d0) -> (d0 + 2)>}> : (index) -> index
  %39 = "affine.load"(%5, %arg3, %38, %1) <{map = affine_map<(d0, d1, d2) -> (d0, 0, d1, d2)>}> : (memref<16x1x3x3xbf16>, index, index, index) -> bf16
  %40 = "arith.mulf"(%8, %39) <{fastmath = #arith.fastmath<none>}> : (bf16, bf16) -> bf16
  %41 = "arith.addf"(%37, %40) <{fastmath = #arith.fastmath<none>}> : (bf16, bf16) -> bf16
  %42 = "affine.apply"(%1) <{map = affine_map<(d0) -> (d0 + 1)>}> : (index) -> index
  %43 = "affine.load"(%5, %arg3, %38, %42) <{map = affine_map<(d0, d1, d2) -> (d0, 0, d1, d2)>}> : (memref<16x1x3x3xbf16>, index, index, index) -> bf16
  %44 = "arith.mulf"(%9, %43) <{fastmath = #arith.fastmath<none>}> : (bf16, bf16) -> bf16
  %45 = "arith.addf"(%41, %44) <{fastmath = #arith.fastmath<none>}> : (bf16, bf16) -> bf16
  %46 = "affine.apply"(%1) <{map = affine_map<(d0) -> (d0 + 2)>}> : (index) -> index
  %47 = "affine.load"(%5, %arg3, %38, %46) <{map = affine_map<(d0, d1, d2) -> (d0, 0, d1, d2)>}> : (memref<16x1x3x3xbf16>, index, index, index) -> bf16
  %48 = "arith.mulf"(%10, %47) <{fastmath = #arith.fastmath<none>}> : (bf16, bf16) -> bf16
  %49 = "arith.addf"(%45, %48) <{fastmath = #arith.fastmath<none>}> : (bf16, bf16) -> bf16
  "affine.store"(%49, %6, %arg3, %arg4, %arg5) <{map = affine_map<(d0, d1, d2) -> (0, d0, d1, d2)>}> : (bf16, memref<1x16x16x16xbf16>, index, index, index) -> ()
  "affine.yield"() : () -> ()
^bb0(%arg5: index):
  %7 = "affine.load"(%3, %arg3, %arg4, %arg5) <{map = affine_map<(d0, d1, d2) -> (0, d0, d1, d2)>}> : (memref<1x16x16x16xbf16>, index, index, index) -> bf16
  %8 = "affine.load"(%4, %arg5, %1) <{map = affine_map<(d0, d1) -> (0, 0, -1, d0 + d1 - 1)>}> : (memref<1x1x16x16xbf16>, index, index) -> bf16
  %9 = "affine.load"(%4, %arg5, %14) <{map = affine_map<(d0, d1) -> (0, 0, -1, d0 + d1 - 1)>}> : (memref<1x1x16x16xbf16>, index, index) -> bf16
  %10 = "affine.load"(%4, %arg5, %19) <{map = affine_map<(d0, d1) -> (0, 0, -1, d0 + d1 - 1)>}> : (memref<1x1x16x16xbf16>, index, index) -> bf16
  %11 = "affine.load"(%5, %arg3, %0, %1) <{map = affine_map<(d0, d1, d2) -> (d0, 0, d1, d2)>}> : (memref<16x1x3x3xbf16>, index, index, index) -> bf16
  %12 = "arith.mulf"(%8, %11) <{fastmath = #arith.fastmath<none>}> : (bf16, bf16) -> bf16
  %13 = "arith.addf"(%7, %12) <{fastmath = #arith.fastmath<none>}> : (bf16, bf16) -> bf16
  %14 = "arith.constant"() <{value = 1 : index}> : () -> index
  %15 = "affine.apply"(%1) <{map = affine_map<(d0) -> (d0 + 1)>}> : (index) -> index
  %16 = "affine.load"(%5, %arg3, %0, %14) <{map = affine_map<(d0, d1, d2) -> (d0, 0, d1, d2)>}> : (memref<16x1x3x3xbf16>, index, index, index) -> bf16
  %17 = "arith.mulf"(%9, %16) <{fastmath = #arith.fastmath<none>}> : (bf16, bf16) -> bf16
  %18 = "arith.addf"(%13, %17) <{fastmath = #arith.fastmath<none>}> : (bf16, bf16) -> bf16
  %19 = "arith.constant"() <{value = 2 : index}> : () -> index
  %20 = "affine.apply"(%1) <{map = affine_map<(d0) -> (d0 + 2)>}> : (index) -> index
  %21 = "affine.load"(%5, %arg3, %0, %19) <{map = affine_map<(d0, d1, d2) -> (d0, 0, d1, d2)>}> : (memref<16x1x3x3xbf16>, index, index, index) -> bf16
  %22 = "arith.mulf"(%10, %21) <{fastmath = #arith.fastmath<none>}> : (bf16, bf16) -> bf16
  %23 = "arith.addf"(%18, %22) <{fastmath = #arith.fastmath<none>}> : (bf16, bf16) -> bf16
  %24 = "arith.constant"() <{value = 1 : index}> : () -> index
  %25 = "affine.apply"(%0) <{map = affine_map<(d0) -> (d0 + 1)>}> : (index) -> index
  %26 = "affine.load"(%5, %arg3, %24, %1) <{map = affine_map<(d0, d1, d2) -> (d0, 0, d1, d2)>}> : (memref<16x1x3x3xbf16>, index, index, index) -> bf16
  %27 = "arith.mulf"(%8, %26) <{fastmath = #arith.fastmath<none>}> : (bf16, bf16) -> bf16
  %28 = "arith.addf"(%23, %27) <{fastmath = #arith.fastmath<none>}> : (bf16, bf16) -> bf16
  %29 = "arith.constant"() <{value = 1 : index}> : () -> index
  %30 = "affine.apply"(%1) <{map = affine_map<(d0) -> (d0 + 1)>}> : (index) -> index
  %31 = "affine.load"(%5, %arg3, %24, %29) <{map = affine_map<(d0, d1, d2) -> (d0, 0, d1, d2)>}> : (memref<16x1x3x3xbf16>, index, index, index) -> bf16
  %32 = "arith.mulf"(%9, %31) <{fastmath = #arith.fastmath<none>}> : (bf16, bf16) -> bf16
  %33 = "arith.addf"(%28, %32) <{fastmath = #arith.fastmath<none>}> : (bf16, bf16) -> bf16
  %34 = "arith.constant"() <{value = 2 : index}> : () -> index
  %35 = "affine.apply"(%1) <{map = affine_map<(d0) -> (d0 + 2)>}> : (index) -> index
  %36 = "affine.load"(%5, %arg3, %24, %34) <{map = affine_map<(d0, d1, d2) -> (d0, 0, d1, d2)>}> : (memref<16x1x3x3xbf16>, index, index, index) -> bf16
  %37 = "arith.mulf"(%10, %36) <{fastmath = #arith.fastmath<none>}> : (bf16, bf16) -> bf16
  %38 = "arith.addf"(%33, %37) <{fastmath = #arith.fastmath<none>}> : (bf16, bf16) -> bf16
  %39 = "affine.apply"(%0) <{map = affine_map<(d0) -> (d0 + 2)>}> : (index) -> index
  %40 = "affine.load"(%5, %arg3, %39, %1) <{map = affine_map<(d0, d1, d2) -> (d0, 0, d1, d2)>}> : (memref<16x1x3x3xbf16>, index, index, index) -> bf16
  %41 = "arith.mulf"(%8, %40) <{fastmath = #arith.fastmath<none>}> : (bf16, bf16) -> bf16
  %42 = "arith.addf"(%38, %41) <{fastmath = #arith.fastmath<none>}> : (bf16, bf16) -> bf16
  %43 = "affine.apply"(%1) <{map = affine_map<(d0) -> (d0 + 1)>}> : (index) -> index
  %44 = "affine.load"(%5, %arg3, %39, %43) <{map = affine_map<(d0, d1, d2) -> (d0, 0, d1, d2)>}> : (memref<16x1x3x3xbf16>, index, index, index) -> bf16
  %45 = "arith.mulf"(%9, %44) <{fastmath = #arith.fastmath<none>}> : (bf16, bf16) -> bf16
  %46 = "arith.addf"(%42, %45) <{fastmath = #arith.fastmath<none>}> : (bf16, bf16) -> bf16
  %47 = "affine.apply"(%1) <{map = affine_map<(d0) -> (d0 + 2)>}> : (index) -> index
  %48 = "affine.load"(%5, %arg3, %39, %47) <{map = affine_map<(d0, d1, d2) -> (d0, 0, d1, d2)>}> : (memref<16x1x3x3xbf16>, index, index, index) -> bf16
  %49 = "arith.mulf"(%10, %48) <{fastmath = #arith.fastmath<none>}> : (bf16, bf16) -> bf16
  %50 = "arith.addf"(%46, %49) <{fastmath = #arith.fastmath<none>}> : (bf16, bf16) -> bf16
  "affine.store"(%50, %6, %arg3, %arg4, %arg5) <{map = affine_map<(d0, d1, d2) -> (0, d0, d1, d2)>}> : (bf16, memref<1x16x16x16xbf16>, index, index, index) -> ()
  "affine.yield"() : () -> ()
%0 = "arith.constant"() <{value = 0 : index}> : () -> index
^bb0(%arg5: index):
  %7 = "affine.load"(%3, %arg3, %arg4, %arg5) <{map = affine_map<(d0, d1, d2) -> (0, d0, d1, d2)>}> : (memref<1x16x16x16xbf16>, index, index, index) -> bf16
  %8 = "affine.load"(%4, %arg5, %1) <{map = affine_map<(d0, d1) -> (0, 0, -1, d0 + d1 - 1)>}> : (memref<1x1x16x16xbf16>, index, index) -> bf16
  %9 = "affine.load"(%4, %arg5, %14) <{map = affine_map<(d0, d1) -> (0, 0, -1, d0 + d1 - 1)>}> : (memref<1x1x16x16xbf16>, index, index) -> bf16
  %10 = "affine.load"(%4, %arg5, %19) <{map = affine_map<(d0, d1) -> (0, 0, -1, d0 + d1 - 1)>}> : (memref<1x1x16x16xbf16>, index, index) -> bf16
  %11 = "affine.load"(%5, %arg3, %0, %1) <{map = affine_map<(d0, d1, d2) -> (d0, 0, d1, d2)>}> : (memref<16x1x3x3xbf16>, index, index, index) -> bf16
  %12 = "arith.mulf"(%8, %11) <{fastmath = #arith.fastmath<none>}> : (bf16, bf16) -> bf16
  %13 = "arith.addf"(%7, %12) <{fastmath = #arith.fastmath<none>}> : (bf16, bf16) -> bf16
  %14 = "arith.constant"() <{value = 1 : index}> : () -> index
  %15 = "affine.apply"(%1) <{map = affine_map<(d0) -> (d0 + 1)>}> : (index) -> index
  %16 = "affine.load"(%5, %arg3, %0, %14) <{map = affine_map<(d0, d1, d2) -> (d0, 0, d1, d2)>}> : (memref<16x1x3x3xbf16>, index, index, index) -> bf16
  %17 = "arith.mulf"(%9, %16) <{fastmath = #arith.fastmath<none>}> : (bf16, bf16) -> bf16
  %18 = "arith.addf"(%13, %17) <{fastmath = #arith.fastmath<none>}> : (bf16, bf16) -> bf16
  %19 = "arith.constant"() <{value = 2 : index}> : () -> index
  %20 = "affine.apply"(%1) <{map = affine_map<(d0) -> (d0 + 2)>}> : (index) -> index
  %21 = "affine.load"(%5, %arg3, %0, %19) <{map = affine_map<(d0, d1, d2) -> (d0, 0, d1, d2)>}> : (memref<16x1x3x3xbf16>, index, index, index) -> bf16
  %22 = "arith.mulf"(%10, %21) <{fastmath = #arith.fastmath<none>}> : (bf16, bf16) -> bf16
  %23 = "arith.addf"(%18, %22) <{fastmath = #arith.fastmath<none>}> : (bf16, bf16) -> bf16
  %24 = "arith.constant"() <{value = 1 : index}> : () -> index
  %25 = "affine.apply"(%0) <{map = affine_map<(d0) -> (d0 + 1)>}> : (index) -> index
  %26 = "affine.load"(%5, %arg3, %24, %1) <{map = affine_map<(d0, d1, d2) -> (d0, 0, d1, d2)>}> : (memref<16x1x3x3xbf16>, index, index, index) -> bf16
  %27 = "arith.mulf"(%8, %26) <{fastmath = #arith.fastmath<none>}> : (bf16, bf16) -> bf16
  %28 = "arith.addf"(%23, %27) <{fastmath = #arith.fastmath<none>}> : (bf16, bf16) -> bf16
  %29 = "arith.constant"() <{value = 1 : index}> : () -> index
  %30 = "affine.apply"(%1) <{map = affine_map<(d0) -> (d0 + 1)>}> : (index) -> index
  %31 = "affine.load"(%5, %arg3, %24, %29) <{map = affine_map<(d0, d1, d2) -> (d0, 0, d1, d2)>}> : (memref<16x1x3x3xbf16>, index, index, index) -> bf16
  %32 = "arith.mulf"(%9, %31) <{fastmath = #arith.fastmath<none>}> : (bf16, bf16) -> bf16
  %33 = "arith.addf"(%28, %32) <{fastmath = #arith.fastmath<none>}> : (bf16, bf16) -> bf16
  %34 = "arith.constant"() <{value = 2 : index}> : () -> index
  %35 = "affine.apply"(%1) <{map = affine_map<(d0) -> (d0 + 2)>}> : (index) -> index
  %36 = "affine.load"(%5, %arg3, %24, %34) <{map = affine_map<(d0, d1, d2) -> (d0, 0, d1, d2)>}> : (memref<16x1x3x3xbf16>, index, index, index) -> bf16
  %37 = "arith.mulf"(%10, %36) <{fastmath = #arith.fastmath<none>}> : (bf16, bf16) -> bf16
  %38 = "arith.addf"(%33, %37) <{fastmath = #arith.fastmath<none>}> : (bf16, bf16) -> bf16
  %39 = "affine.apply"(%0) <{map = affine_map<(d0) -> (d0 + 2)>}> : (index) -> index
  %40 = "affine.load"(%5, %arg3, %39, %1) <{map = affine_map<(d0, d1, d2) -> (d0, 0, d1, d2)>}> : (memref<16x1x3x3xbf16>, index, index, index) -> bf16
  %41 = "arith.mulf"(%8, %40) <{fastmath = #arith.fastmath<none>}> : (bf16, bf16) -> bf16
  %42 = "arith.addf"(%38, %41) <{fastmath = #arith.fastmath<none>}> : (bf16, bf16) -> bf16
  %43 = "affine.apply"(%1) <{map = affine_map<(d0) -> (d0 + 1)>}> : (index) -> index
  %44 = "affine.load"(%5, %arg3, %39, %43) <{map = affine_map<(d0, d1, d2) -> (d0, 0, d1, d2)>}> : (memref<16x1x3x3xbf16>, index, index, index) -> bf16
  %45 = "arith.mulf"(%9, %44) <{fastmath = #arith.fastmath<none>}> : (bf16, bf16) -> bf16
  %46 = "arith.addf"(%42, %45) <{fastmath = #arith.fastmath<none>}> : (bf16, bf16) -> bf16
  %47 = "affine.apply"(%1) <{map = affine_map<(d0) -> (d0 + 2)>}> : (index) -> index
  %48 = "affine.load"(%5, %arg3, %39, %47) <{map = affine_map<(d0, d1, d2) -> (d0, 0, d1, d2)>}> : (memref<16x1x3x3xbf16>, index, index, index) -> bf16
  %49 = "arith.mulf"(%10, %48) <{fastmath = #arith.fastmath<none>}> : (bf16, bf16) -> bf16
  %50 = "arith.addf"(%46, %49) <{fastmath = #arith.fastmath<none>}> : (bf16, bf16) -> bf16
  "affine.store"(%50, %6, %arg3, %arg4, %arg5) <{map = affine_map<(d0, d1, d2) -> (0, d0, d1, d2)>}> : (bf16, memref<1x16x16x16xbf16>, index, index, index) -> ()
  "affine.yield"() : () -> ()
^bb0(%arg5: index):
  %7 = "affine.load"(%3, %arg3, %arg4, %arg5) <{map = affine_map<(d0, d1, d2) -> (0, d0, d1, d2)>}> : (memref<1x16x16x16xbf16>, index, index, index) -> bf16
  %8 = "affine.load"(%4, %arg5, %1) <{map = affine_map<(d0, d1) -> (0, 0, -1, d0 + d1 - 1)>}> : (memref<1x1x16x16xbf16>, index, index) -> bf16
  %9 = "affine.load"(%4, %arg5, %14) <{map = affine_map<(d0, d1) -> (0, 0, -1, d0 + d1 - 1)>}> : (memref<1x1x16x16xbf16>, index, index) -> bf16
  %10 = "affine.load"(%4, %arg5, %19) <{map = affine_map<(d0, d1) -> (0, 0, -1, d0 + d1 - 1)>}> : (memref<1x1x16x16xbf16>, index, index) -> bf16
  %11 = "affine.load"(%5, %arg3, %0, %1) <{map = affine_map<(d0, d1, d2) -> (d0, 0, d1, d2)>}> : (memref<16x1x3x3xbf16>, index, index, index) -> bf16
  %12 = "arith.mulf"(%8, %11) <{fastmath = #arith.fastmath<none>}> : (bf16, bf16) -> bf16
  %13 = "arith.addf"(%7, %12) <{fastmath = #arith.fastmath<none>}> : (bf16, bf16) -> bf16
  %14 = "arith.constant"() <{value = 1 : index}> : () -> index
  %15 = "affine.apply"(%1) <{map = affine_map<(d0) -> (d0 + 1)>}> : (index) -> index
  %16 = "affine.load"(%5, %arg3, %0, %14) <{map = affine_map<(d0, d1, d2) -> (d0, 0, d1, d2)>}> : (memref<16x1x3x3xbf16>, index, index, index) -> bf16
  %17 = "arith.mulf"(%9, %16) <{fastmath = #arith.fastmath<none>}> : (bf16, bf16) -> bf16
  %18 = "arith.addf"(%13, %17) <{fastmath = #arith.fastmath<none>}> : (bf16, bf16) -> bf16
  %19 = "arith.constant"() <{value = 2 : index}> : () -> index
  %20 = "affine.apply"(%1) <{map = affine_map<(d0) -> (d0 + 2)>}> : (index) -> index
  %21 = "affine.load"(%5, %arg3, %0, %19) <{map = affine_map<(d0, d1, d2) -> (d0, 0, d1, d2)>}> : (memref<16x1x3x3xbf16>, index, index, index) -> bf16
  %22 = "arith.mulf"(%10, %21) <{fastmath = #arith.fastmath<none>}> : (bf16, bf16) -> bf16
  %23 = "arith.addf"(%18, %22) <{fastmath = #arith.fastmath<none>}> : (bf16, bf16) -> bf16
  %24 = "arith.constant"() <{value = 1 : index}> : () -> index
  %25 = "affine.apply"(%0) <{map = affine_map<(d0) -> (d0 + 1)>}> : (index) -> index
  %26 = "affine.load"(%5, %arg3, %24, %1) <{map = affine_map<(d0, d1, d2) -> (d0, 0, d1, d2)>}> : (memref<16x1x3x3xbf16>, index, index, index) -> bf16
  %27 = "arith.mulf"(%8, %26) <{fastmath = #arith.fastmath<none>}> : (bf16, bf16) -> bf16
  %28 = "arith.addf"(%23, %27) <{fastmath = #arith.fastmath<none>}> : (bf16, bf16) -> bf16
  %29 = "arith.constant"() <{value = 1 : index}> : () -> index
  %30 = "affine.apply"(%1) <{map = affine_map<(d0) -> (d0 + 1)>}> : (index) -> index
  %31 = "affine.load"(%5, %arg3, %24, %29) <{map = affine_map<(d0, d1, d2) -> (d0, 0, d1, d2)>}> : (memref<16x1x3x3xbf16>, index, index, index) -> bf16
  %32 = "arith.mulf"(%9, %31) <{fastmath = #arith.fastmath<none>}> : (bf16, bf16) -> bf16
  %33 = "arith.addf"(%28, %32) <{fastmath = #arith.fastmath<none>}> : (bf16, bf16) -> bf16
  %34 = "arith.constant"() <{value = 2 : index}> : () -> index
  %35 = "affine.apply"(%1) <{map = affine_map<(d0) -> (d0 + 2)>}> : (index) -> index
  %36 = "affine.load"(%5, %arg3, %24, %34) <{map = affine_map<(d0, d1, d2) -> (d0, 0, d1, d2)>}> : (memref<16x1x3x3xbf16>, index, index, index) -> bf16
  %37 = "arith.mulf"(%10, %36) <{fastmath = #arith.fastmath<none>}> : (bf16, bf16) -> bf16
  %38 = "arith.addf"(%33, %37) <{fastmath = #arith.fastmath<none>}> : (bf16, bf16) -> bf16
  %39 = "affine.apply"(%0) <{map = affine_map<(d0) -> (d0 + 2)>}> : (index) -> index
  %40 = "affine.load"(%5, %arg3, %39, %1) <{map = affine_map<(d0, d1, d2) -> (d0, 0, d1, d2)>}> : (memref<16x1x3x3xbf16>, index, index, index) -> bf16
  %41 = "arith.mulf"(%8, %40) <{fastmath = #arith.fastmath<none>}> : (bf16, bf16) -> bf16
  %42 = "arith.addf"(%38, %41) <{fastmath = #arith.fastmath<none>}> : (bf16, bf16) -> bf16
  %43 = "affine.apply"(%1) <{map = affine_map<(d0) -> (d0 + 1)>}> : (index) -> index
  %44 = "affine.load"(%5, %arg3, %39, %43) <{map = affine_map<(d0, d1, d2) -> (d0, 0, d1, d2)>}> : (memref<16x1x3x3xbf16>, index, index, index) -> bf16
  %45 = "arith.mulf"(%9, %44) <{fastmath = #arith.fastmath<none>}> : (bf16, bf16) -> bf16
  %46 = "arith.addf"(%42, %45) <{fastmath = #arith.fastmath<none>}> : (bf16, bf16) -> bf16
  %47 = "affine.apply"(%1) <{map = affine_map<(d0) -> (d0 + 2)>}> : (index) -> index
  %48 = "affine.load"(%5, %arg3, %39, %47) <{map = affine_map<(d0, d1, d2) -> (d0, 0, d1, d2)>}> : (memref<16x1x3x3xbf16>, index, index, index) -> bf16
  %49 = "arith.mulf"(%10, %48) <{fastmath = #arith.fastmath<none>}> : (bf16, bf16) -> bf16
  %50 = "arith.addf"(%46, %49) <{fastmath = #arith.fastmath<none>}> : (bf16, bf16) -> bf16
  "affine.store"(%50, %6, %arg3, %arg4, %arg5) <{map = affine_map<(d0, d1, d2) -> (0, d0, d1, d2)>}> : (bf16, memref<1x16x16x16xbf16>, index, index, index) -> ()
  "affine.yield"() : () -> ()
^bb0(%arg5: index):
  %7 = "affine.load"(%3, %arg3, %arg4, %arg5) <{map = affine_map<(d0, d1, d2) -> (0, d0, d1, d2)>}> : (memref<1x16x16x16xbf16>, index, index, index) -> bf16
  %8 = "affine.load"(%4, %arg5, %1) <{map = affine_map<(d0, d1) -> (0, 0, -1, d0 + d1 - 1)>}> : (memref<1x1x16x16xbf16>, index, index) -> bf16
  %9 = "affine.load"(%4, %arg5, %14) <{map = affine_map<(d0, d1) -> (0, 0, -1, d0 + d1 - 1)>}> : (memref<1x1x16x16xbf16>, index, index) -> bf16
  %10 = "affine.load"(%4, %arg5, %19) <{map = affine_map<(d0, d1) -> (0, 0, -1, d0 + d1 - 1)>}> : (memref<1x1x16x16xbf16>, index, index) -> bf16
  %11 = "affine.load"(%5, %arg3, %0, %1) <{map = affine_map<(d0, d1, d2) -> (d0, 0, d1, d2)>}> : (memref<16x1x3x3xbf16>, index, index, index) -> bf16
  %12 = "arith.mulf"(%8, %11) <{fastmath = #arith.fastmath<none>}> : (bf16, bf16) -> bf16
  %13 = "arith.addf"(%7, %12) <{fastmath = #arith.fastmath<none>}> : (bf16, bf16) -> bf16
  %14 = "arith.constant"() <{value = 1 : index}> : () -> index
  %15 = "affine.apply"(%1) <{map = affine_map<(d0) -> (d0 + 1)>}> : (index) -> index
  %16 = "affine.load"(%5, %arg3, %0, %14) <{map = affine_map<(d0, d1, d2) -> (d0, 0, d1, d2)>}> : (memref<16x1x3x3xbf16>, index, index, index) -> bf16
  %17 = "arith.mulf"(%9, %16) <{fastmath = #arith.fastmath<none>}> : (bf16, bf16) -> bf16
  %18 = "arith.addf"(%13, %17) <{fastmath = #arith.fastmath<none>}> : (bf16, bf16) -> bf16
  %19 = "arith.constant"() <{value = 2 : index}> : () -> index
  %20 = "affine.apply"(%1) <{map = affine_map<(d0) -> (d0 + 2)>}> : (index) -> index
  %21 = "affine.load"(%5, %arg3, %0, %19) <{map = affine_map<(d0, d1, d2) -> (d0, 0, d1, d2)>}> : (memref<16x1x3x3xbf16>, index, index, index) -> bf16
  %22 = "arith.mulf"(%10, %21) <{fastmath = #arith.fastmath<none>}> : (bf16, bf16) -> bf16
  %23 = "arith.addf"(%18, %22) <{fastmath = #arith.fastmath<none>}> : (bf16, bf16) -> bf16
  %24 = "arith.constant"() <{value = 1 : index}> : () -> index
  %25 = "affine.apply"(%0) <{map = affine_map<(d0) -> (d0 + 1)>}> : (index) -> index
  %26 = "affine.load"(%5, %arg3, %24, %1) <{map = affine_map<(d0, d1, d2) -> (d0, 0, d1, d2)>}> : (memref<16x1x3x3xbf16>, index, index, index) -> bf16
  %27 = "arith.mulf"(%8, %26) <{fastmath = #arith.fastmath<none>}> : (bf16, bf16) -> bf16
  %28 = "arith.addf"(%23, %27) <{fastmath = #arith.fastmath<none>}> : (bf16, bf16) -> bf16
  %29 = "arith.constant"() <{value = 1 : index}> : () -> index
  %30 = "affine.apply"(%1) <{map = affine_map<(d0) -> (d0 + 1)>}> : (index) -> index
  %31 = "affine.load"(%5, %arg3, %24, %29) <{map = affine_map<(d0, d1, d2) -> (d0, 0, d1, d2)>}> : (memref<16x1x3x3xbf16>, index, index, index) -> bf16
  %32 = "arith.mulf"(%9, %31) <{fastmath = #arith.fastmath<none>}> : (bf16, bf16) -> bf16
  %33 = "arith.addf"(%28, %32) <{fastmath = #arith.fastmath<none>}> : (bf16, bf16) -> bf16
  %34 = "arith.constant"() <{value = 2 : index}> : () -> index
  %35 = "affine.apply"(%1) <{map = affine_map<(d0) -> (d0 + 2)>}> : (index) -> index
  %36 = "affine.load"(%5, %arg3, %24, %34) <{map = affine_map<(d0, d1, d2) -> (d0, 0, d1, d2)>}> : (memref<16x1x3x3xbf16>, index, index, index) -> bf16
  %37 = "arith.mulf"(%10, %36) <{fastmath = #arith.fastmath<none>}> : (bf16, bf16) -> bf16
  %38 = "arith.addf"(%33, %37) <{fastmath = #arith.fastmath<none>}> : (bf16, bf16) -> bf16
  %39 = "arith.constant"() <{value = 2 : index}> : () -> index
  %40 = "affine.apply"(%0) <{map = affine_map<(d0) -> (d0 + 2)>}> : (index) -> index
  %41 = "affine.load"(%5, %arg3, %39, %1) <{map = affine_map<(d0, d1, d2) -> (d0, 0, d1, d2)>}> : (memref<16x1x3x3xbf16>, index, index, index) -> bf16
  %42 = "arith.mulf"(%8, %41) <{fastmath = #arith.fastmath<none>}> : (bf16, bf16) -> bf16
  %43 = "arith.addf"(%38, %42) <{fastmath = #arith.fastmath<none>}> : (bf16, bf16) -> bf16
  %44 = "affine.apply"(%1) <{map = affine_map<(d0) -> (d0 + 1)>}> : (index) -> index
  %45 = "affine.load"(%5, %arg3, %39, %44) <{map = affine_map<(d0, d1, d2) -> (d0, 0, d1, d2)>}> : (memref<16x1x3x3xbf16>, index, index, index) -> bf16
  %46 = "arith.mulf"(%9, %45) <{fastmath = #arith.fastmath<none>}> : (bf16, bf16) -> bf16
  %47 = "arith.addf"(%43, %46) <{fastmath = #arith.fastmath<none>}> : (bf16, bf16) -> bf16
  %48 = "affine.apply"(%1) <{map = affine_map<(d0) -> (d0 + 2)>}> : (index) -> index
  %49 = "affine.load"(%5, %arg3, %39, %48) <{map = affine_map<(d0, d1, d2) -> (d0, 0, d1, d2)>}> : (memref<16x1x3x3xbf16>, index, index, index) -> bf16
  %50 = "arith.mulf"(%10, %49) <{fastmath = #arith.fastmath<none>}> : (bf16, bf16) -> bf16
  %51 = "arith.addf"(%47, %50) <{fastmath = #arith.fastmath<none>}> : (bf16, bf16) -> bf16
  "affine.store"(%51, %6, %arg3, %arg4, %arg5) <{map = affine_map<(d0, d1, d2) -> (0, d0, d1, d2)>}> : (bf16, memref<1x16x16x16xbf16>, index, index, index) -> ()
  "affine.yield"() : () -> ()
%1 = "arith.constant"() <{value = 0 : index}> : () -> index
^bb0(%arg5: index):
  %7 = "affine.load"(%3, %arg3, %arg4, %arg5) <{map = affine_map<(d0, d1, d2) -> (0, d0, d1, d2)>}> : (memref<1x16x16x16xbf16>, index, index, index) -> bf16
  %8 = "affine.load"(%4, %arg5, %1) <{map = affine_map<(d0, d1) -> (0, 0, -1, d0 + d1 - 1)>}> : (memref<1x1x16x16xbf16>, index, index) -> bf16
  %9 = "affine.load"(%4, %arg5, %14) <{map = affine_map<(d0, d1) -> (0, 0, -1, d0 + d1 - 1)>}> : (memref<1x1x16x16xbf16>, index, index) -> bf16
  %10 = "affine.load"(%4, %arg5, %19) <{map = affine_map<(d0, d1) -> (0, 0, -1, d0 + d1 - 1)>}> : (memref<1x1x16x16xbf16>, index, index) -> bf16
  %11 = "affine.load"(%5, %arg3, %0, %1) <{map = affine_map<(d0, d1, d2) -> (d0, 0, d1, d2)>}> : (memref<16x1x3x3xbf16>, index, index, index) -> bf16
  %12 = "arith.mulf"(%8, %11) <{fastmath = #arith.fastmath<none>}> : (bf16, bf16) -> bf16
  %13 = "arith.addf"(%7, %12) <{fastmath = #arith.fastmath<none>}> : (bf16, bf16) -> bf16
  %14 = "arith.constant"() <{value = 1 : index}> : () -> index
  %15 = "affine.apply"(%1) <{map = affine_map<(d0) -> (d0 + 1)>}> : (index) -> index
  %16 = "affine.load"(%5, %arg3, %0, %14) <{map = affine_map<(d0, d1, d2) -> (d0, 0, d1, d2)>}> : (memref<16x1x3x3xbf16>, index, index, index) -> bf16
  %17 = "arith.mulf"(%9, %16) <{fastmath = #arith.fastmath<none>}> : (bf16, bf16) -> bf16
  %18 = "arith.addf"(%13, %17) <{fastmath = #arith.fastmath<none>}> : (bf16, bf16) -> bf16
  %19 = "arith.constant"() <{value = 2 : index}> : () -> index
  %20 = "affine.apply"(%1) <{map = affine_map<(d0) -> (d0 + 2)>}> : (index) -> index
  %21 = "affine.load"(%5, %arg3, %0, %19) <{map = affine_map<(d0, d1, d2) -> (d0, 0, d1, d2)>}> : (memref<16x1x3x3xbf16>, index, index, index) -> bf16
  %22 = "arith.mulf"(%10, %21) <{fastmath = #arith.fastmath<none>}> : (bf16, bf16) -> bf16
  %23 = "arith.addf"(%18, %22) <{fastmath = #arith.fastmath<none>}> : (bf16, bf16) -> bf16
  %24 = "arith.constant"() <{value = 1 : index}> : () -> index
  %25 = "affine.apply"(%0) <{map = affine_map<(d0) -> (d0 + 1)>}> : (index) -> index
  %26 = "affine.load"(%5, %arg3, %24, %1) <{map = affine_map<(d0, d1, d2) -> (d0, 0, d1, d2)>}> : (memref<16x1x3x3xbf16>, index, index, index) -> bf16
  %27 = "arith.mulf"(%8, %26) <{fastmath = #arith.fastmath<none>}> : (bf16, bf16) -> bf16
  %28 = "arith.addf"(%23, %27) <{fastmath = #arith.fastmath<none>}> : (bf16, bf16) -> bf16
  %29 = "arith.constant"() <{value = 1 : index}> : () -> index
  %30 = "affine.apply"(%1) <{map = affine_map<(d0) -> (d0 + 1)>}> : (index) -> index
  %31 = "affine.load"(%5, %arg3, %24, %29) <{map = affine_map<(d0, d1, d2) -> (d0, 0, d1, d2)>}> : (memref<16x1x3x3xbf16>, index, index, index) -> bf16
  %32 = "arith.mulf"(%9, %31) <{fastmath = #arith.fastmath<none>}> : (bf16, bf16) -> bf16
  %33 = "arith.addf"(%28, %32) <{fastmath = #arith.fastmath<none>}> : (bf16, bf16) -> bf16
  %34 = "arith.constant"() <{value = 2 : index}> : () -> index
  %35 = "affine.apply"(%1) <{map = affine_map<(d0) -> (d0 + 2)>}> : (index) -> index
  %36 = "affine.load"(%5, %arg3, %24, %34) <{map = affine_map<(d0, d1, d2) -> (d0, 0, d1, d2)>}> : (memref<16x1x3x3xbf16>, index, index, index) -> bf16
  %37 = "arith.mulf"(%10, %36) <{fastmath = #arith.fastmath<none>}> : (bf16, bf16) -> bf16
  %38 = "arith.addf"(%33, %37) <{fastmath = #arith.fastmath<none>}> : (bf16, bf16) -> bf16
  %39 = "arith.constant"() <{value = 2 : index}> : () -> index
  %40 = "affine.apply"(%0) <{map = affine_map<(d0) -> (d0 + 2)>}> : (index) -> index
  %41 = "affine.load"(%5, %arg3, %39, %1) <{map = affine_map<(d0, d1, d2) -> (d0, 0, d1, d2)>}> : (memref<16x1x3x3xbf16>, index, index, index) -> bf16
  %42 = "arith.mulf"(%8, %41) <{fastmath = #arith.fastmath<none>}> : (bf16, bf16) -> bf16
  %43 = "arith.addf"(%38, %42) <{fastmath = #arith.fastmath<none>}> : (bf16, bf16) -> bf16
  %44 = "affine.apply"(%1) <{map = affine_map<(d0) -> (d0 + 1)>}> : (index) -> index
  %45 = "affine.load"(%5, %arg3, %39, %44) <{map = affine_map<(d0, d1, d2) -> (d0, 0, d1, d2)>}> : (memref<16x1x3x3xbf16>, index, index, index) -> bf16
  %46 = "arith.mulf"(%9, %45) <{fastmath = #arith.fastmath<none>}> : (bf16, bf16) -> bf16
  %47 = "arith.addf"(%43, %46) <{fastmath = #arith.fastmath<none>}> : (bf16, bf16) -> bf16
  %48 = "affine.apply"(%1) <{map = affine_map<(d0) -> (d0 + 2)>}> : (index) -> index
  %49 = "affine.load"(%5, %arg3, %39, %48) <{map = affine_map<(d0, d1, d2) -> (d0, 0, d1, d2)>}> : (memref<16x1x3x3xbf16>, index, index, index) -> bf16
  %50 = "arith.mulf"(%10, %49) <{fastmath = #arith.fastmath<none>}> : (bf16, bf16) -> bf16
  %51 = "arith.addf"(%47, %50) <{fastmath = #arith.fastmath<none>}> : (bf16, bf16) -> bf16
  "affine.store"(%51, %6, %arg3, %arg4, %arg5) <{map = affine_map<(d0, d1, d2) -> (0, d0, d1, d2)>}> : (bf16, memref<1x16x16x16xbf16>, index, index, index) -> ()
  "affine.yield"() : () -> ()
^bb0(%arg5: index):
  %7 = "affine.load"(%3, %arg3, %arg4, %arg5) <{map = affine_map<(d0, d1, d2) -> (0, d0, d1, d2)>}> : (memref<1x16x16x16xbf16>, index, index, index) -> bf16
  %8 = "affine.load"(%4, %arg5, %1) <{map = affine_map<(d0, d1) -> (0, 0, -1, d0 + d1 - 1)>}> : (memref<1x1x16x16xbf16>, index, index) -> bf16
  %9 = "affine.load"(%4, %arg5, %14) <{map = affine_map<(d0, d1) -> (0, 0, -1, d0 + d1 - 1)>}> : (memref<1x1x16x16xbf16>, index, index) -> bf16
  %10 = "affine.load"(%4, %arg5, %19) <{map = affine_map<(d0, d1) -> (0, 0, -1, d0 + d1 - 1)>}> : (memref<1x1x16x16xbf16>, index, index) -> bf16
  %11 = "affine.load"(%5, %arg3, %0, %1) <{map = affine_map<(d0, d1, d2) -> (d0, 0, d1, d2)>}> : (memref<16x1x3x3xbf16>, index, index, index) -> bf16
  %12 = "arith.mulf"(%8, %11) <{fastmath = #arith.fastmath<none>}> : (bf16, bf16) -> bf16
  %13 = "arith.addf"(%7, %12) <{fastmath = #arith.fastmath<none>}> : (bf16, bf16) -> bf16
  %14 = "arith.constant"() <{value = 1 : index}> : () -> index
  %15 = "affine.apply"(%1) <{map = affine_map<(d0) -> (d0 + 1)>}> : (index) -> index
  %16 = "affine.load"(%5, %arg3, %0, %14) <{map = affine_map<(d0, d1, d2) -> (d0, 0, d1, d2)>}> : (memref<16x1x3x3xbf16>, index, index, index) -> bf16
  %17 = "arith.mulf"(%9, %16) <{fastmath = #arith.fastmath<none>}> : (bf16, bf16) -> bf16
  %18 = "arith.addf"(%13, %17) <{fastmath = #arith.fastmath<none>}> : (bf16, bf16) -> bf16
  %19 = "arith.constant"() <{value = 2 : index}> : () -> index
  %20 = "affine.apply"(%1) <{map = affine_map<(d0) -> (d0 + 2)>}> : (index) -> index
  %21 = "affine.load"(%5, %arg3, %0, %19) <{map = affine_map<(d0, d1, d2) -> (d0, 0, d1, d2)>}> : (memref<16x1x3x3xbf16>, index, index, index) -> bf16
  %22 = "arith.mulf"(%10, %21) <{fastmath = #arith.fastmath<none>}> : (bf16, bf16) -> bf16
  %23 = "arith.addf"(%18, %22) <{fastmath = #arith.fastmath<none>}> : (bf16, bf16) -> bf16
  %24 = "arith.constant"() <{value = 1 : index}> : () -> index
  %25 = "affine.apply"(%0) <{map = affine_map<(d0) -> (d0 + 1)>}> : (index) -> index
  %26 = "affine.load"(%5, %arg3, %24, %1) <{map = affine_map<(d0, d1, d2) -> (d0, 0, d1, d2)>}> : (memref<16x1x3x3xbf16>, index, index, index) -> bf16
  %27 = "arith.mulf"(%8, %26) <{fastmath = #arith.fastmath<none>}> : (bf16, bf16) -> bf16
  %28 = "arith.addf"(%23, %27) <{fastmath = #arith.fastmath<none>}> : (bf16, bf16) -> bf16
  %29 = "arith.constant"() <{value = 1 : index}> : () -> index
  %30 = "affine.apply"(%1) <{map = affine_map<(d0) -> (d0 + 1)>}> : (index) -> index
  %31 = "affine.load"(%5, %arg3, %24, %29) <{map = affine_map<(d0, d1, d2) -> (d0, 0, d1, d2)>}> : (memref<16x1x3x3xbf16>, index, index, index) -> bf16
  %32 = "arith.mulf"(%9, %31) <{fastmath = #arith.fastmath<none>}> : (bf16, bf16) -> bf16
  %33 = "arith.addf"(%28, %32) <{fastmath = #arith.fastmath<none>}> : (bf16, bf16) -> bf16
  %34 = "arith.constant"() <{value = 2 : index}> : () -> index
  %35 = "affine.apply"(%1) <{map = affine_map<(d0) -> (d0 + 2)>}> : (index) -> index
  %36 = "affine.load"(%5, %arg3, %24, %34) <{map = affine_map<(d0, d1, d2) -> (d0, 0, d1, d2)>}> : (memref<16x1x3x3xbf16>, index, index, index) -> bf16
  %37 = "arith.mulf"(%10, %36) <{fastmath = #arith.fastmath<none>}> : (bf16, bf16) -> bf16
  %38 = "arith.addf"(%33, %37) <{fastmath = #arith.fastmath<none>}> : (bf16, bf16) -> bf16
  %39 = "arith.constant"() <{value = 2 : index}> : () -> index
  %40 = "affine.apply"(%0) <{map = affine_map<(d0) -> (d0 + 2)>}> : (index) -> index
  %41 = "affine.load"(%5, %arg3, %39, %1) <{map = affine_map<(d0, d1, d2) -> (d0, 0, d1, d2)>}> : (memref<16x1x3x3xbf16>, index, index, index) -> bf16
  %42 = "arith.mulf"(%8, %41) <{fastmath = #arith.fastmath<none>}> : (bf16, bf16) -> bf16
  %43 = "arith.addf"(%38, %42) <{fastmath = #arith.fastmath<none>}> : (bf16, bf16) -> bf16
  %44 = "affine.apply"(%1) <{map = affine_map<(d0) -> (d0 + 1)>}> : (index) -> index
  %45 = "affine.load"(%5, %arg3, %39, %44) <{map = affine_map<(d0, d1, d2) -> (d0, 0, d1, d2)>}> : (memref<16x1x3x3xbf16>, index, index, index) -> bf16
  %46 = "arith.mulf"(%9, %45) <{fastmath = #arith.fastmath<none>}> : (bf16, bf16) -> bf16
  %47 = "arith.addf"(%43, %46) <{fastmath = #arith.fastmath<none>}> : (bf16, bf16) -> bf16
  %48 = "affine.apply"(%1) <{map = affine_map<(d0) -> (d0 + 2)>}> : (index) -> index
  %49 = "affine.load"(%5, %arg3, %39, %48) <{map = affine_map<(d0, d1, d2) -> (d0, 0, d1, d2)>}> : (memref<16x1x3x3xbf16>, index, index, index) -> bf16
  %50 = "arith.mulf"(%10, %49) <{fastmath = #arith.fastmath<none>}> : (bf16, bf16) -> bf16
  %51 = "arith.addf"(%47, %50) <{fastmath = #arith.fastmath<none>}> : (bf16, bf16) -> bf16
  "affine.store"(%51, %6, %arg3, %arg4, %arg5) <{map = affine_map<(d0, d1, d2) -> (0, d0, d1, d2)>}> : (bf16, memref<1x16x16x16xbf16>, index, index, index) -> ()
  "affine.yield"() : () -> ()
^bb0(%arg5: index):
  %7 = "affine.load"(%3, %arg3, %arg4, %arg5) <{map = affine_map<(d0, d1, d2) -> (0, d0, d1, d2)>}> : (memref<1x16x16x16xbf16>, index, index, index) -> bf16
  %8 = "affine.load"(%4, %arg5, %1) <{map = affine_map<(d0, d1) -> (0, 0, -1, d0 + d1 - 1)>}> : (memref<1x1x16x16xbf16>, index, index) -> bf16
  %9 = "affine.load"(%4, %arg5, %14) <{map = affine_map<(d0, d1) -> (0, 0, -1, d0 + d1 - 1)>}> : (memref<1x1x16x16xbf16>, index, index) -> bf16
  %10 = "affine.load"(%4, %arg5, %19) <{map = affine_map<(d0, d1) -> (0, 0, -1, d0 + d1 - 1)>}> : (memref<1x1x16x16xbf16>, index, index) -> bf16
  %11 = "affine.load"(%5, %arg3, %0, %1) <{map = affine_map<(d0, d1, d2) -> (d0, 0, d1, d2)>}> : (memref<16x1x3x3xbf16>, index, index, index) -> bf16
  %12 = "arith.mulf"(%8, %11) <{fastmath = #arith.fastmath<none>}> : (bf16, bf16) -> bf16
  %13 = "arith.addf"(%7, %12) <{fastmath = #arith.fastmath<none>}> : (bf16, bf16) -> bf16
  %14 = "arith.constant"() <{value = 1 : index}> : () -> index
  %15 = "affine.apply"(%1) <{map = affine_map<(d0) -> (d0 + 1)>}> : (index) -> index
  %16 = "affine.load"(%5, %arg3, %0, %14) <{map = affine_map<(d0, d1, d2) -> (d0, 0, d1, d2)>}> : (memref<16x1x3x3xbf16>, index, index, index) -> bf16
  %17 = "arith.mulf"(%9, %16) <{fastmath = #arith.fastmath<none>}> : (bf16, bf16) -> bf16
  %18 = "arith.addf"(%13, %17) <{fastmath = #arith.fastmath<none>}> : (bf16, bf16) -> bf16
  %19 = "arith.constant"() <{value = 2 : index}> : () -> index
  %20 = "affine.apply"(%1) <{map = affine_map<(d0) -> (d0 + 2)>}> : (index) -> index
  %21 = "affine.load"(%5, %arg3, %0, %19) <{map = affine_map<(d0, d1, d2) -> (d0, 0, d1, d2)>}> : (memref<16x1x3x3xbf16>, index, index, index) -> bf16
  %22 = "arith.mulf"(%10, %21) <{fastmath = #arith.fastmath<none>}> : (bf16, bf16) -> bf16
  %23 = "arith.addf"(%18, %22) <{fastmath = #arith.fastmath<none>}> : (bf16, bf16) -> bf16
  %24 = "arith.constant"() <{value = 1 : index}> : () -> index
  %25 = "affine.apply"(%0) <{map = affine_map<(d0) -> (d0 + 1)>}> : (index) -> index
  %26 = "affine.load"(%5, %arg3, %24, %1) <{map = affine_map<(d0, d1, d2) -> (d0, 0, d1, d2)>}> : (memref<16x1x3x3xbf16>, index, index, index) -> bf16
  %27 = "arith.mulf"(%8, %26) <{fastmath = #arith.fastmath<none>}> : (bf16, bf16) -> bf16
  %28 = "arith.addf"(%23, %27) <{fastmath = #arith.fastmath<none>}> : (bf16, bf16) -> bf16
  %29 = "arith.constant"() <{value = 1 : index}> : () -> index
  %30 = "affine.apply"(%1) <{map = affine_map<(d0) -> (d0 + 1)>}> : (index) -> index
  %31 = "affine.load"(%5, %arg3, %24, %29) <{map = affine_map<(d0, d1, d2) -> (d0, 0, d1, d2)>}> : (memref<16x1x3x3xbf16>, index, index, index) -> bf16
  %32 = "arith.mulf"(%9, %31) <{fastmath = #arith.fastmath<none>}> : (bf16, bf16) -> bf16
  %33 = "arith.addf"(%28, %32) <{fastmath = #arith.fastmath<none>}> : (bf16, bf16) -> bf16
  %34 = "arith.constant"() <{value = 2 : index}> : () -> index
  %35 = "affine.apply"(%1) <{map = affine_map<(d0) -> (d0 + 2)>}> : (index) -> index
  %36 = "affine.load"(%5, %arg3, %24, %34) <{map = affine_map<(d0, d1, d2) -> (d0, 0, d1, d2)>}> : (memref<16x1x3x3xbf16>, index, index, index) -> bf16
  %37 = "arith.mulf"(%10, %36) <{fastmath = #arith.fastmath<none>}> : (bf16, bf16) -> bf16
  %38 = "arith.addf"(%33, %37) <{fastmath = #arith.fastmath<none>}> : (bf16, bf16) -> bf16
  %39 = "arith.constant"() <{value = 2 : index}> : () -> index
  %40 = "affine.apply"(%0) <{map = affine_map<(d0) -> (d0 + 2)>}> : (index) -> index
  %41 = "affine.load"(%5, %arg3, %39, %1) <{map = affine_map<(d0, d1, d2) -> (d0, 0, d1, d2)>}> : (memref<16x1x3x3xbf16>, index, index, index) -> bf16
  %42 = "arith.mulf"(%8, %41) <{fastmath = #arith.fastmath<none>}> : (bf16, bf16) -> bf16
  %43 = "arith.addf"(%38, %42) <{fastmath = #arith.fastmath<none>}> : (bf16, bf16) -> bf16
  %44 = "arith.constant"() <{value = 1 : index}> : () -> index
  %45 = "affine.apply"(%1) <{map = affine_map<(d0) -> (d0 + 1)>}> : (index) -> index
  %46 = "affine.load"(%5, %arg3, %39, %44) <{map = affine_map<(d0, d1, d2) -> (d0, 0, d1, d2)>}> : (memref<16x1x3x3xbf16>, index, index, index) -> bf16
  %47 = "arith.mulf"(%9, %46) <{fastmath = #arith.fastmath<none>}> : (bf16, bf16) -> bf16
  %48 = "arith.addf"(%43, %47) <{fastmath = #arith.fastmath<none>}> : (bf16, bf16) -> bf16
  %49 = "affine.apply"(%1) <{map = affine_map<(d0) -> (d0 + 2)>}> : (index) -> index
  %50 = "affine.load"(%5, %arg3, %39, %49) <{map = affine_map<(d0, d1, d2) -> (d0, 0, d1, d2)>}> : (memref<16x1x3x3xbf16>, index, index, index) -> bf16
  %51 = "arith.mulf"(%10, %50) <{fastmath = #arith.fastmath<none>}> : (bf16, bf16) -> bf16
  %52 = "arith.addf"(%48, %51) <{fastmath = #arith.fastmath<none>}> : (bf16, bf16) -> bf16
  "affine.store"(%52, %6, %arg3, %arg4, %arg5) <{map = affine_map<(d0, d1, d2) -> (0, d0, d1, d2)>}> : (bf16, memref<1x16x16x16xbf16>, index, index, index) -> ()
  "affine.yield"() : () -> ()
%1 = "arith.constant"() <{value = 0 : index}> : () -> index
^bb0(%arg5: index):
  %7 = "affine.load"(%3, %arg3, %arg4, %arg5) <{map = affine_map<(d0, d1, d2) -> (0, d0, d1, d2)>}> : (memref<1x16x16x16xbf16>, index, index, index) -> bf16
  %8 = "affine.load"(%4, %arg5, %1) <{map = affine_map<(d0, d1) -> (0, 0, -1, d0 + d1 - 1)>}> : (memref<1x1x16x16xbf16>, index, index) -> bf16
  %9 = "affine.load"(%4, %arg5, %14) <{map = affine_map<(d0, d1) -> (0, 0, -1, d0 + d1 - 1)>}> : (memref<1x1x16x16xbf16>, index, index) -> bf16
  %10 = "affine.load"(%4, %arg5, %19) <{map = affine_map<(d0, d1) -> (0, 0, -1, d0 + d1 - 1)>}> : (memref<1x1x16x16xbf16>, index, index) -> bf16
  %11 = "affine.load"(%5, %arg3, %0, %1) <{map = affine_map<(d0, d1, d2) -> (d0, 0, d1, d2)>}> : (memref<16x1x3x3xbf16>, index, index, index) -> bf16
  %12 = "arith.mulf"(%8, %11) <{fastmath = #arith.fastmath<none>}> : (bf16, bf16) -> bf16
  %13 = "arith.addf"(%7, %12) <{fastmath = #arith.fastmath<none>}> : (bf16, bf16) -> bf16
  %14 = "arith.constant"() <{value = 1 : index}> : () -> index
  %15 = "affine.apply"(%1) <{map = affine_map<(d0) -> (d0 + 1)>}> : (index) -> index
  %16 = "affine.load"(%5, %arg3, %0, %14) <{map = affine_map<(d0, d1, d2) -> (d0, 0, d1, d2)>}> : (memref<16x1x3x3xbf16>, index, index, index) -> bf16
  %17 = "arith.mulf"(%9, %16) <{fastmath = #arith.fastmath<none>}> : (bf16, bf16) -> bf16
  %18 = "arith.addf"(%13, %17) <{fastmath = #arith.fastmath<none>}> : (bf16, bf16) -> bf16
  %19 = "arith.constant"() <{value = 2 : index}> : () -> index
  %20 = "affine.apply"(%1) <{map = affine_map<(d0) -> (d0 + 2)>}> : (index) -> index
  %21 = "affine.load"(%5, %arg3, %0, %19) <{map = affine_map<(d0, d1, d2) -> (d0, 0, d1, d2)>}> : (memref<16x1x3x3xbf16>, index, index, index) -> bf16
  %22 = "arith.mulf"(%10, %21) <{fastmath = #arith.fastmath<none>}> : (bf16, bf16) -> bf16
  %23 = "arith.addf"(%18, %22) <{fastmath = #arith.fastmath<none>}> : (bf16, bf16) -> bf16
  %24 = "arith.constant"() <{value = 1 : index}> : () -> index
  %25 = "affine.apply"(%0) <{map = affine_map<(d0) -> (d0 + 1)>}> : (index) -> index
  %26 = "affine.load"(%5, %arg3, %24, %1) <{map = affine_map<(d0, d1, d2) -> (d0, 0, d1, d2)>}> : (memref<16x1x3x3xbf16>, index, index, index) -> bf16
  %27 = "arith.mulf"(%8, %26) <{fastmath = #arith.fastmath<none>}> : (bf16, bf16) -> bf16
  %28 = "arith.addf"(%23, %27) <{fastmath = #arith.fastmath<none>}> : (bf16, bf16) -> bf16
  %29 = "arith.constant"() <{value = 1 : index}> : () -> index
  %30 = "affine.apply"(%1) <{map = affine_map<(d0) -> (d0 + 1)>}> : (index) -> index
  %31 = "affine.load"(%5, %arg3, %24, %29) <{map = affine_map<(d0, d1, d2) -> (d0, 0, d1, d2)>}> : (memref<16x1x3x3xbf16>, index, index, index) -> bf16
  %32 = "arith.mulf"(%9, %31) <{fastmath = #arith.fastmath<none>}> : (bf16, bf16) -> bf16
  %33 = "arith.addf"(%28, %32) <{fastmath = #arith.fastmath<none>}> : (bf16, bf16) -> bf16
  %34 = "arith.constant"() <{value = 2 : index}> : () -> index
  %35 = "affine.apply"(%1) <{map = affine_map<(d0) -> (d0 + 2)>}> : (index) -> index
  %36 = "affine.load"(%5, %arg3, %24, %34) <{map = affine_map<(d0, d1, d2) -> (d0, 0, d1, d2)>}> : (memref<16x1x3x3xbf16>, index, index, index) -> bf16
  %37 = "arith.mulf"(%10, %36) <{fastmath = #arith.fastmath<none>}> : (bf16, bf16) -> bf16
  %38 = "arith.addf"(%33, %37) <{fastmath = #arith.fastmath<none>}> : (bf16, bf16) -> bf16
  %39 = "arith.constant"() <{value = 2 : index}> : () -> index
  %40 = "affine.apply"(%0) <{map = affine_map<(d0) -> (d0 + 2)>}> : (index) -> index
  %41 = "affine.load"(%5, %arg3, %39, %1) <{map = affine_map<(d0, d1, d2) -> (d0, 0, d1, d2)>}> : (memref<16x1x3x3xbf16>, index, index, index) -> bf16
  %42 = "arith.mulf"(%8, %41) <{fastmath = #arith.fastmath<none>}> : (bf16, bf16) -> bf16
  %43 = "arith.addf"(%38, %42) <{fastmath = #arith.fastmath<none>}> : (bf16, bf16) -> bf16
  %44 = "arith.constant"() <{value = 1 : index}> : () -> index
  %45 = "affine.apply"(%1) <{map = affine_map<(d0) -> (d0 + 1)>}> : (index) -> index
  %46 = "affine.load"(%5, %arg3, %39, %44) <{map = affine_map<(d0, d1, d2) -> (d0, 0, d1, d2)>}> : (memref<16x1x3x3xbf16>, index, index, index) -> bf16
  %47 = "arith.mulf"(%9, %46) <{fastmath = #arith.fastmath<none>}> : (bf16, bf16) -> bf16
  %48 = "arith.addf"(%43, %47) <{fastmath = #arith.fastmath<none>}> : (bf16, bf16) -> bf16
  %49 = "affine.apply"(%1) <{map = affine_map<(d0) -> (d0 + 2)>}> : (index) -> index
  %50 = "affine.load"(%5, %arg3, %39, %49) <{map = affine_map<(d0, d1, d2) -> (d0, 0, d1, d2)>}> : (memref<16x1x3x3xbf16>, index, index, index) -> bf16
  %51 = "arith.mulf"(%10, %50) <{fastmath = #arith.fastmath<none>}> : (bf16, bf16) -> bf16
  %52 = "arith.addf"(%48, %51) <{fastmath = #arith.fastmath<none>}> : (bf16, bf16) -> bf16
  "affine.store"(%52, %6, %arg3, %arg4, %arg5) <{map = affine_map<(d0, d1, d2) -> (0, d0, d1, d2)>}> : (bf16, memref<1x16x16x16xbf16>, index, index, index) -> ()
  "affine.yield"() : () -> ()
^bb0(%arg5: index):
  %7 = "affine.load"(%3, %arg3, %arg4, %arg5) <{map = affine_map<(d0, d1, d2) -> (0, d0, d1, d2)>}> : (memref<1x16x16x16xbf16>, index, index, index) -> bf16
  %8 = "affine.load"(%4, %arg5, %1) <{map = affine_map<(d0, d1) -> (0, 0, -1, d0 + d1 - 1)>}> : (memref<1x1x16x16xbf16>, index, index) -> bf16
  %9 = "affine.load"(%4, %arg5, %14) <{map = affine_map<(d0, d1) -> (0, 0, -1, d0 + d1 - 1)>}> : (memref<1x1x16x16xbf16>, index, index) -> bf16
  %10 = "affine.load"(%4, %arg5, %19) <{map = affine_map<(d0, d1) -> (0, 0, -1, d0 + d1 - 1)>}> : (memref<1x1x16x16xbf16>, index, index) -> bf16
  %11 = "affine.load"(%5, %arg3, %0, %1) <{map = affine_map<(d0, d1, d2) -> (d0, 0, d1, d2)>}> : (memref<16x1x3x3xbf16>, index, index, index) -> bf16
  %12 = "arith.mulf"(%8, %11) <{fastmath = #arith.fastmath<none>}> : (bf16, bf16) -> bf16
  %13 = "arith.addf"(%7, %12) <{fastmath = #arith.fastmath<none>}> : (bf16, bf16) -> bf16
  %14 = "arith.constant"() <{value = 1 : index}> : () -> index
  %15 = "affine.apply"(%1) <{map = affine_map<(d0) -> (d0 + 1)>}> : (index) -> index
  %16 = "affine.load"(%5, %arg3, %0, %14) <{map = affine_map<(d0, d1, d2) -> (d0, 0, d1, d2)>}> : (memref<16x1x3x3xbf16>, index, index, index) -> bf16
  %17 = "arith.mulf"(%9, %16) <{fastmath = #arith.fastmath<none>}> : (bf16, bf16) -> bf16
  %18 = "arith.addf"(%13, %17) <{fastmath = #arith.fastmath<none>}> : (bf16, bf16) -> bf16
  %19 = "arith.constant"() <{value = 2 : index}> : () -> index
  %20 = "affine.apply"(%1) <{map = affine_map<(d0) -> (d0 + 2)>}> : (index) -> index
  %21 = "affine.load"(%5, %arg3, %0, %19) <{map = affine_map<(d0, d1, d2) -> (d0, 0, d1, d2)>}> : (memref<16x1x3x3xbf16>, index, index, index) -> bf16
  %22 = "arith.mulf"(%10, %21) <{fastmath = #arith.fastmath<none>}> : (bf16, bf16) -> bf16
  %23 = "arith.addf"(%18, %22) <{fastmath = #arith.fastmath<none>}> : (bf16, bf16) -> bf16
  %24 = "arith.constant"() <{value = 1 : index}> : () -> index
  %25 = "affine.apply"(%0) <{map = affine_map<(d0) -> (d0 + 1)>}> : (index) -> index
  %26 = "affine.load"(%5, %arg3, %24, %1) <{map = affine_map<(d0, d1, d2) -> (d0, 0, d1, d2)>}> : (memref<16x1x3x3xbf16>, index, index, index) -> bf16
  %27 = "arith.mulf"(%8, %26) <{fastmath = #arith.fastmath<none>}> : (bf16, bf16) -> bf16
  %28 = "arith.addf"(%23, %27) <{fastmath = #arith.fastmath<none>}> : (bf16, bf16) -> bf16
  %29 = "arith.constant"() <{value = 1 : index}> : () -> index
  %30 = "affine.apply"(%1) <{map = affine_map<(d0) -> (d0 + 1)>}> : (index) -> index
  %31 = "affine.load"(%5, %arg3, %24, %29) <{map = affine_map<(d0, d1, d2) -> (d0, 0, d1, d2)>}> : (memref<16x1x3x3xbf16>, index, index, index) -> bf16
  %32 = "arith.mulf"(%9, %31) <{fastmath = #arith.fastmath<none>}> : (bf16, bf16) -> bf16
  %33 = "arith.addf"(%28, %32) <{fastmath = #arith.fastmath<none>}> : (bf16, bf16) -> bf16
  %34 = "arith.constant"() <{value = 2 : index}> : () -> index
  %35 = "affine.apply"(%1) <{map = affine_map<(d0) -> (d0 + 2)>}> : (index) -> index
  %36 = "affine.load"(%5, %arg3, %24, %34) <{map = affine_map<(d0, d1, d2) -> (d0, 0, d1, d2)>}> : (memref<16x1x3x3xbf16>, index, index, index) -> bf16
  %37 = "arith.mulf"(%10, %36) <{fastmath = #arith.fastmath<none>}> : (bf16, bf16) -> bf16
  %38 = "arith.addf"(%33, %37) <{fastmath = #arith.fastmath<none>}> : (bf16, bf16) -> bf16
  %39 = "arith.constant"() <{value = 2 : index}> : () -> index
  %40 = "affine.apply"(%0) <{map = affine_map<(d0) -> (d0 + 2)>}> : (index) -> index
  %41 = "affine.load"(%5, %arg3, %39, %1) <{map = affine_map<(d0, d1, d2) -> (d0, 0, d1, d2)>}> : (memref<16x1x3x3xbf16>, index, index, index) -> bf16
  %42 = "arith.mulf"(%8, %41) <{fastmath = #arith.fastmath<none>}> : (bf16, bf16) -> bf16
  %43 = "arith.addf"(%38, %42) <{fastmath = #arith.fastmath<none>}> : (bf16, bf16) -> bf16
  %44 = "arith.constant"() <{value = 1 : index}> : () -> index
  %45 = "affine.apply"(%1) <{map = affine_map<(d0) -> (d0 + 1)>}> : (index) -> index
  %46 = "affine.load"(%5, %arg3, %39, %44) <{map = affine_map<(d0, d1, d2) -> (d0, 0, d1, d2)>}> : (memref<16x1x3x3xbf16>, index, index, index) -> bf16
  %47 = "arith.mulf"(%9, %46) <{fastmath = #arith.fastmath<none>}> : (bf16, bf16) -> bf16
  %48 = "arith.addf"(%43, %47) <{fastmath = #arith.fastmath<none>}> : (bf16, bf16) -> bf16
  %49 = "affine.apply"(%1) <{map = affine_map<(d0) -> (d0 + 2)>}> : (index) -> index
  %50 = "affine.load"(%5, %arg3, %39, %49) <{map = affine_map<(d0, d1, d2) -> (d0, 0, d1, d2)>}> : (memref<16x1x3x3xbf16>, index, index, index) -> bf16
  %51 = "arith.mulf"(%10, %50) <{fastmath = #arith.fastmath<none>}> : (bf16, bf16) -> bf16
  %52 = "arith.addf"(%48, %51) <{fastmath = #arith.fastmath<none>}> : (bf16, bf16) -> bf16
  "affine.store"(%52, %6, %arg3, %arg4, %arg5) <{map = affine_map<(d0, d1, d2) -> (0, d0, d1, d2)>}> : (bf16, memref<1x16x16x16xbf16>, index, index, index) -> ()
  "affine.yield"() : () -> ()
^bb0(%arg5: index):
  %7 = "affine.load"(%3, %arg3, %arg4, %arg5) <{map = affine_map<(d0, d1, d2) -> (0, d0, d1, d2)>}> : (memref<1x16x16x16xbf16>, index, index, index) -> bf16
  %8 = "affine.load"(%4, %arg5, %1) <{map = affine_map<(d0, d1) -> (0, 0, -1, d0 + d1 - 1)>}> : (memref<1x1x16x16xbf16>, index, index) -> bf16
  %9 = "affine.load"(%4, %arg5, %14) <{map = affine_map<(d0, d1) -> (0, 0, -1, d0 + d1 - 1)>}> : (memref<1x1x16x16xbf16>, index, index) -> bf16
  %10 = "affine.load"(%4, %arg5, %19) <{map = affine_map<(d0, d1) -> (0, 0, -1, d0 + d1 - 1)>}> : (memref<1x1x16x16xbf16>, index, index) -> bf16
  %11 = "affine.load"(%5, %arg3, %0, %1) <{map = affine_map<(d0, d1, d2) -> (d0, 0, d1, d2)>}> : (memref<16x1x3x3xbf16>, index, index, index) -> bf16
  %12 = "arith.mulf"(%8, %11) <{fastmath = #arith.fastmath<none>}> : (bf16, bf16) -> bf16
  %13 = "arith.addf"(%7, %12) <{fastmath = #arith.fastmath<none>}> : (bf16, bf16) -> bf16
  %14 = "arith.constant"() <{value = 1 : index}> : () -> index
  %15 = "affine.apply"(%1) <{map = affine_map<(d0) -> (d0 + 1)>}> : (index) -> index
  %16 = "affine.load"(%5, %arg3, %0, %14) <{map = affine_map<(d0, d1, d2) -> (d0, 0, d1, d2)>}> : (memref<16x1x3x3xbf16>, index, index, index) -> bf16
  %17 = "arith.mulf"(%9, %16) <{fastmath = #arith.fastmath<none>}> : (bf16, bf16) -> bf16
  %18 = "arith.addf"(%13, %17) <{fastmath = #arith.fastmath<none>}> : (bf16, bf16) -> bf16
  %19 = "arith.constant"() <{value = 2 : index}> : () -> index
  %20 = "affine.apply"(%1) <{map = affine_map<(d0) -> (d0 + 2)>}> : (index) -> index
  %21 = "affine.load"(%5, %arg3, %0, %19) <{map = affine_map<(d0, d1, d2) -> (d0, 0, d1, d2)>}> : (memref<16x1x3x3xbf16>, index, index, index) -> bf16
  %22 = "arith.mulf"(%10, %21) <{fastmath = #arith.fastmath<none>}> : (bf16, bf16) -> bf16
  %23 = "arith.addf"(%18, %22) <{fastmath = #arith.fastmath<none>}> : (bf16, bf16) -> bf16
  %24 = "arith.constant"() <{value = 1 : index}> : () -> index
  %25 = "affine.apply"(%0) <{map = affine_map<(d0) -> (d0 + 1)>}> : (index) -> index
  %26 = "affine.load"(%5, %arg3, %24, %1) <{map = affine_map<(d0, d1, d2) -> (d0, 0, d1, d2)>}> : (memref<16x1x3x3xbf16>, index, index, index) -> bf16
  %27 = "arith.mulf"(%8, %26) <{fastmath = #arith.fastmath<none>}> : (bf16, bf16) -> bf16
  %28 = "arith.addf"(%23, %27) <{fastmath = #arith.fastmath<none>}> : (bf16, bf16) -> bf16
  %29 = "arith.constant"() <{value = 1 : index}> : () -> index
  %30 = "affine.apply"(%1) <{map = affine_map<(d0) -> (d0 + 1)>}> : (index) -> index
  %31 = "affine.load"(%5, %arg3, %24, %29) <{map = affine_map<(d0, d1, d2) -> (d0, 0, d1, d2)>}> : (memref<16x1x3x3xbf16>, index, index, index) -> bf16
  %32 = "arith.mulf"(%9, %31) <{fastmath = #arith.fastmath<none>}> : (bf16, bf16) -> bf16
  %33 = "arith.addf"(%28, %32) <{fastmath = #arith.fastmath<none>}> : (bf16, bf16) -> bf16
  %34 = "arith.constant"() <{value = 2 : index}> : () -> index
  %35 = "affine.apply"(%1) <{map = affine_map<(d0) -> (d0 + 2)>}> : (index) -> index
  %36 = "affine.load"(%5, %arg3, %24, %34) <{map = affine_map<(d0, d1, d2) -> (d0, 0, d1, d2)>}> : (memref<16x1x3x3xbf16>, index, index, index) -> bf16
  %37 = "arith.mulf"(%10, %36) <{fastmath = #arith.fastmath<none>}> : (bf16, bf16) -> bf16
  %38 = "arith.addf"(%33, %37) <{fastmath = #arith.fastmath<none>}> : (bf16, bf16) -> bf16
  %39 = "arith.constant"() <{value = 2 : index}> : () -> index
  %40 = "affine.apply"(%0) <{map = affine_map<(d0) -> (d0 + 2)>}> : (index) -> index
  %41 = "affine.load"(%5, %arg3, %39, %1) <{map = affine_map<(d0, d1, d2) -> (d0, 0, d1, d2)>}> : (memref<16x1x3x3xbf16>, index, index, index) -> bf16
  %42 = "arith.mulf"(%8, %41) <{fastmath = #arith.fastmath<none>}> : (bf16, bf16) -> bf16
  %43 = "arith.addf"(%38, %42) <{fastmath = #arith.fastmath<none>}> : (bf16, bf16) -> bf16
  %44 = "arith.constant"() <{value = 1 : index}> : () -> index
  %45 = "affine.apply"(%1) <{map = affine_map<(d0) -> (d0 + 1)>}> : (index) -> index
  %46 = "affine.load"(%5, %arg3, %39, %44) <{map = affine_map<(d0, d1, d2) -> (d0, 0, d1, d2)>}> : (memref<16x1x3x3xbf16>, index, index, index) -> bf16
  %47 = "arith.mulf"(%9, %46) <{fastmath = #arith.fastmath<none>}> : (bf16, bf16) -> bf16
  %48 = "arith.addf"(%43, %47) <{fastmath = #arith.fastmath<none>}> : (bf16, bf16) -> bf16
  %49 = "arith.constant"() <{value = 2 : index}> : () -> index
  %50 = "affine.apply"(%1) <{map = affine_map<(d0) -> (d0 + 2)>}> : (index) -> index
  %51 = "affine.load"(%5, %arg3, %39, %49) <{map = affine_map<(d0, d1, d2) -> (d0, 0, d1, d2)>}> : (memref<16x1x3x3xbf16>, index, index, index) -> bf16
  %52 = "arith.mulf"(%10, %51) <{fastmath = #arith.fastmath<none>}> : (bf16, bf16) -> bf16
  %53 = "arith.addf"(%48, %52) <{fastmath = #arith.fastmath<none>}> : (bf16, bf16) -> bf16
  "affine.store"(%53, %6, %arg3, %arg4, %arg5) <{map = affine_map<(d0, d1, d2) -> (0, d0, d1, d2)>}> : (bf16, memref<1x16x16x16xbf16>, index, index, index) -> ()
  "affine.yield"() : () -> ()
^bb0(%arg5: index):
  %7 = "affine.load"(%3, %arg3, %arg4, %arg5) <{map = affine_map<(d0, d1, d2) -> (0, d0, d1, d2)>}> : (memref<1x16x16x16xbf16>, index, index, index) -> bf16
  %8 = "affine.load"(%4, %arg5, %1) <{map = affine_map<(d0, d1) -> (0, 0, -1, d0 + d1 - 1)>}> : (memref<1x1x16x16xbf16>, index, index) -> bf16
  %9 = "affine.load"(%4, %arg5, %14) <{map = affine_map<(d0, d1) -> (0, 0, -1, d0 + d1 - 1)>}> : (memref<1x1x16x16xbf16>, index, index) -> bf16
  %10 = "affine.load"(%4, %arg5, %18) <{map = affine_map<(d0, d1) -> (0, 0, -1, d0 + d1 - 1)>}> : (memref<1x1x16x16xbf16>, index, index) -> bf16
  %11 = "affine.load"(%5, %arg3, %0, %1) <{map = affine_map<(d0, d1, d2) -> (d0, 0, d1, d2)>}> : (memref<16x1x3x3xbf16>, index, index, index) -> bf16
  %12 = "arith.mulf"(%8, %11) <{fastmath = #arith.fastmath<none>}> : (bf16, bf16) -> bf16
  %13 = "arith.addf"(%7, %12) <{fastmath = #arith.fastmath<none>}> : (bf16, bf16) -> bf16
  %14 = "arith.constant"() <{value = 1 : index}> : () -> index
  %15 = "affine.load"(%5, %arg3, %0, %14) <{map = affine_map<(d0, d1, d2) -> (d0, 0, d1, d2)>}> : (memref<16x1x3x3xbf16>, index, index, index) -> bf16
  %16 = "arith.mulf"(%9, %15) <{fastmath = #arith.fastmath<none>}> : (bf16, bf16) -> bf16
  %17 = "arith.addf"(%13, %16) <{fastmath = #arith.fastmath<none>}> : (bf16, bf16) -> bf16
  %18 = "arith.constant"() <{value = 2 : index}> : () -> index
  %19 = "affine.load"(%5, %arg3, %0, %18) <{map = affine_map<(d0, d1, d2) -> (d0, 0, d1, d2)>}> : (memref<16x1x3x3xbf16>, index, index, index) -> bf16
  %20 = "arith.mulf"(%10, %19) <{fastmath = #arith.fastmath<none>}> : (bf16, bf16) -> bf16
  %21 = "arith.addf"(%17, %20) <{fastmath = #arith.fastmath<none>}> : (bf16, bf16) -> bf16
  %22 = "arith.constant"() <{value = 1 : index}> : () -> index
  %23 = "affine.load"(%5, %arg3, %22, %1) <{map = affine_map<(d0, d1, d2) -> (d0, 0, d1, d2)>}> : (memref<16x1x3x3xbf16>, index, index, index) -> bf16
  %24 = "arith.mulf"(%8, %23) <{fastmath = #arith.fastmath<none>}> : (bf16, bf16) -> bf16
  %25 = "arith.addf"(%21, %24) <{fastmath = #arith.fastmath<none>}> : (bf16, bf16) -> bf16
  %26 = "arith.constant"() <{value = 1 : index}> : () -> index
  %27 = "affine.load"(%5, %arg3, %22, %26) <{map = affine_map<(d0, d1, d2) -> (d0, 0, d1, d2)>}> : (memref<16x1x3x3xbf16>, index, index, index) -> bf16
  %28 = "arith.mulf"(%9, %27) <{fastmath = #arith.fastmath<none>}> : (bf16, bf16) -> bf16
  %29 = "arith.addf"(%25, %28) <{fastmath = #arith.fastmath<none>}> : (bf16, bf16) -> bf16
  %30 = "arith.constant"() <{value = 2 : index}> : () -> index
  %31 = "affine.load"(%5, %arg3, %22, %30) <{map = affine_map<(d0, d1, d2) -> (d0, 0, d1, d2)>}> : (memref<16x1x3x3xbf16>, index, index, index) -> bf16
  %32 = "arith.mulf"(%10, %31) <{fastmath = #arith.fastmath<none>}> : (bf16, bf16) -> bf16
  %33 = "arith.addf"(%29, %32) <{fastmath = #arith.fastmath<none>}> : (bf16, bf16) -> bf16
  %34 = "arith.constant"() <{value = 2 : index}> : () -> index
  %35 = "affine.load"(%5, %arg3, %34, %1) <{map = affine_map<(d0, d1, d2) -> (d0, 0, d1, d2)>}> : (memref<16x1x3x3xbf16>, index, index, index) -> bf16
  %36 = "arith.mulf"(%8, %35) <{fastmath = #arith.fastmath<none>}> : (bf16, bf16) -> bf16
  %37 = "arith.addf"(%33, %36) <{fastmath = #arith.fastmath<none>}> : (bf16, bf16) -> bf16
  %38 = "arith.constant"() <{value = 1 : index}> : () -> index
  %39 = "affine.load"(%5, %arg3, %34, %38) <{map = affine_map<(d0, d1, d2) -> (d0, 0, d1, d2)>}> : (memref<16x1x3x3xbf16>, index, index, index) -> bf16
  %40 = "arith.mulf"(%9, %39) <{fastmath = #arith.fastmath<none>}> : (bf16, bf16) -> bf16
  %41 = "arith.addf"(%37, %40) <{fastmath = #arith.fastmath<none>}> : (bf16, bf16) -> bf16
  %42 = "arith.constant"() <{value = 2 : index}> : () -> index
  %43 = "affine.load"(%5, %arg3, %34, %42) <{map = affine_map<(d0, d1, d2) -> (d0, 0, d1, d2)>}> : (memref<16x1x3x3xbf16>, index, index, index) -> bf16
  %44 = "arith.mulf"(%10, %43) <{fastmath = #arith.fastmath<none>}> : (bf16, bf16) -> bf16
  %45 = "arith.addf"(%41, %44) <{fastmath = #arith.fastmath<none>}> : (bf16, bf16) -> bf16
  "affine.store"(%45, %6, %arg3, %arg4, %arg5) <{map = affine_map<(d0, d1, d2) -> (0, d0, d1, d2)>}> : (bf16, memref<1x16x16x16xbf16>, index, index, index) -> ()
  "affine.yield"() : () -> ()
^bb0(%arg5: index):
  %7 = "affine.load"(%3, %arg3, %arg4, %arg5) <{map = affine_map<(d0, d1, d2) -> (0, d0, d1, d2)>}> : (memref<1x16x16x16xbf16>, index, index, index) -> bf16
  %8 = "affine.load"(%4, %arg5, %1) <{map = affine_map<(d0, d1) -> (0, 0, -1, d0 + d1 - 1)>}> : (memref<1x1x16x16xbf16>, index, index) -> bf16
  %9 = "affine.load"(%4, %arg5, %14) <{map = affine_map<(d0, d1) -> (0, 0, -1, d0 + d1 - 1)>}> : (memref<1x1x16x16xbf16>, index, index) -> bf16
  %10 = "affine.load"(%4, %arg5, %18) <{map = affine_map<(d0, d1) -> (0, 0, -1, d0 + d1 - 1)>}> : (memref<1x1x16x16xbf16>, index, index) -> bf16
  %11 = "affine.load"(%5, %arg3, %0, %1) <{map = affine_map<(d0, d1, d2) -> (d0, 0, d1, d2)>}> : (memref<16x1x3x3xbf16>, index, index, index) -> bf16
  %12 = "arith.mulf"(%8, %11) <{fastmath = #arith.fastmath<none>}> : (bf16, bf16) -> bf16
  %13 = "arith.addf"(%7, %12) <{fastmath = #arith.fastmath<none>}> : (bf16, bf16) -> bf16
  %14 = "arith.constant"() <{value = 1 : index}> : () -> index
  %15 = "affine.load"(%5, %arg3, %0, %14) <{map = affine_map<(d0, d1, d2) -> (d0, 0, d1, d2)>}> : (memref<16x1x3x3xbf16>, index, index, index) -> bf16
  %16 = "arith.mulf"(%9, %15) <{fastmath = #arith.fastmath<none>}> : (bf16, bf16) -> bf16
  %17 = "arith.addf"(%13, %16) <{fastmath = #arith.fastmath<none>}> : (bf16, bf16) -> bf16
  %18 = "arith.constant"() <{value = 2 : index}> : () -> index
  %19 = "affine.load"(%5, %arg3, %0, %18) <{map = affine_map<(d0, d1, d2) -> (d0, 0, d1, d2)>}> : (memref<16x1x3x3xbf16>, index, index, index) -> bf16
  %20 = "arith.mulf"(%10, %19) <{fastmath = #arith.fastmath<none>}> : (bf16, bf16) -> bf16
  %21 = "arith.addf"(%17, %20) <{fastmath = #arith.fastmath<none>}> : (bf16, bf16) -> bf16
  %22 = "arith.constant"() <{value = 1 : index}> : () -> index
  %23 = "affine.load"(%5, %arg3, %22, %1) <{map = affine_map<(d0, d1, d2) -> (d0, 0, d1, d2)>}> : (memref<16x1x3x3xbf16>, index, index, index) -> bf16
  %24 = "arith.mulf"(%8, %23) <{fastmath = #arith.fastmath<none>}> : (bf16, bf16) -> bf16
  %25 = "arith.addf"(%21, %24) <{fastmath = #arith.fastmath<none>}> : (bf16, bf16) -> bf16
  %26 = "arith.constant"() <{value = 1 : index}> : () -> index
  %27 = "affine.load"(%5, %arg3, %22, %26) <{map = affine_map<(d0, d1, d2) -> (d0, 0, d1, d2)>}> : (memref<16x1x3x3xbf16>, index, index, index) -> bf16
  %28 = "arith.mulf"(%9, %27) <{fastmath = #arith.fastmath<none>}> : (bf16, bf16) -> bf16
  %29 = "arith.addf"(%25, %28) <{fastmath = #arith.fastmath<none>}> : (bf16, bf16) -> bf16
  %30 = "arith.constant"() <{value = 2 : index}> : () -> index
  %31 = "affine.load"(%5, %arg3, %22, %30) <{map = affine_map<(d0, d1, d2) -> (d0, 0, d1, d2)>}> : (memref<16x1x3x3xbf16>, index, index, index) -> bf16
  %32 = "arith.mulf"(%10, %31) <{fastmath = #arith.fastmath<none>}> : (bf16, bf16) -> bf16
  %33 = "arith.addf"(%29, %32) <{fastmath = #arith.fastmath<none>}> : (bf16, bf16) -> bf16
  %34 = "arith.constant"() <{value = 2 : index}> : () -> index
  %35 = "affine.load"(%5, %arg3, %34, %1) <{map = affine_map<(d0, d1, d2) -> (d0, 0, d1, d2)>}> : (memref<16x1x3x3xbf16>, index, index, index) -> bf16
  %36 = "arith.mulf"(%8, %35) <{fastmath = #arith.fastmath<none>}> : (bf16, bf16) -> bf16
  %37 = "arith.addf"(%33, %36) <{fastmath = #arith.fastmath<none>}> : (bf16, bf16) -> bf16
  %38 = "arith.constant"() <{value = 1 : index}> : () -> index
  %39 = "affine.load"(%5, %arg3, %34, %38) <{map = affine_map<(d0, d1, d2) -> (d0, 0, d1, d2)>}> : (memref<16x1x3x3xbf16>, index, index, index) -> bf16
  %40 = "arith.mulf"(%9, %39) <{fastmath = #arith.fastmath<none>}> : (bf16, bf16) -> bf16
  %41 = "arith.addf"(%37, %40) <{fastmath = #arith.fastmath<none>}> : (bf16, bf16) -> bf16
  %42 = "arith.constant"() <{value = 2 : index}> : () -> index
  %43 = "affine.load"(%5, %arg3, %34, %42) <{map = affine_map<(d0, d1, d2) -> (d0, 0, d1, d2)>}> : (memref<16x1x3x3xbf16>, index, index, index) -> bf16
  %44 = "arith.mulf"(%10, %43) <{fastmath = #arith.fastmath<none>}> : (bf16, bf16) -> bf16
  %45 = "arith.addf"(%41, %44) <{fastmath = #arith.fastmath<none>}> : (bf16, bf16) -> bf16
  "affine.store"(%45, %6, %arg3, %arg4, %arg5) <{map = affine_map<(d0, d1, d2) -> (0, d0, d1, d2)>}> : (bf16, memref<1x16x16x16xbf16>, index, index, index) -> ()
  "affine.yield"() : () -> ()
^bb0(%arg5: index):
  %7 = "affine.load"(%3, %arg3, %arg4, %arg5) <{map = affine_map<(d0, d1, d2) -> (0, d0, d1, d2)>}> : (memref<1x16x16x16xbf16>, index, index, index) -> bf16
  %8 = "affine.load"(%4, %arg5, %1) <{map = affine_map<(d0, d1) -> (0, 0, -1, d0 + d1 - 1)>}> : (memref<1x1x16x16xbf16>, index, index) -> bf16
  %9 = "affine.load"(%4, %arg5) <{map = affine_map<(d0) -> (0, 0, -1, d0 - 1)>}> : (memref<1x1x16x16xbf16>, index) -> bf16
  %10 = "affine.load"(%4, %arg5, %15) <{map = affine_map<(d0, d1) -> (0, 0, -1, d0 + d1 - 1)>}> : (memref<1x1x16x16xbf16>, index, index) -> bf16
  %11 = "affine.load"(%4, %arg5, %19) <{map = affine_map<(d0, d1) -> (0, 0, -1, d0 + d1 - 1)>}> : (memref<1x1x16x16xbf16>, index, index) -> bf16
  %12 = "affine.load"(%5, %arg3, %0, %1) <{map = affine_map<(d0, d1, d2) -> (d0, 0, d1, d2)>}> : (memref<16x1x3x3xbf16>, index, index, index) -> bf16
  %13 = "arith.mulf"(%9, %12) <{fastmath = #arith.fastmath<none>}> : (bf16, bf16) -> bf16
  %14 = "arith.addf"(%7, %13) <{fastmath = #arith.fastmath<none>}> : (bf16, bf16) -> bf16
  %15 = "arith.constant"() <{value = 1 : index}> : () -> index
  %16 = "affine.load"(%5, %arg3, %0, %15) <{map = affine_map<(d0, d1, d2) -> (d0, 0, d1, d2)>}> : (memref<16x1x3x3xbf16>, index, index, index) -> bf16
  %17 = "arith.mulf"(%10, %16) <{fastmath = #arith.fastmath<none>}> : (bf16, bf16) -> bf16
  %18 = "arith.addf"(%14, %17) <{fastmath = #arith.fastmath<none>}> : (bf16, bf16) -> bf16
  %19 = "arith.constant"() <{value = 2 : index}> : () -> index
  %20 = "affine.load"(%5, %arg3, %0, %19) <{map = affine_map<(d0, d1, d2) -> (d0, 0, d1, d2)>}> : (memref<16x1x3x3xbf16>, index, index, index) -> bf16
  %21 = "arith.mulf"(%11, %20) <{fastmath = #arith.fastmath<none>}> : (bf16, bf16) -> bf16
  %22 = "arith.addf"(%18, %21) <{fastmath = #arith.fastmath<none>}> : (bf16, bf16) -> bf16
  %23 = "arith.constant"() <{value = 1 : index}> : () -> index
  %24 = "affine.load"(%5, %arg3, %23, %1) <{map = affine_map<(d0, d1, d2) -> (d0, 0, d1, d2)>}> : (memref<16x1x3x3xbf16>, index, index, index) -> bf16
  %25 = "arith.mulf"(%9, %24) <{fastmath = #arith.fastmath<none>}> : (bf16, bf16) -> bf16
  %26 = "arith.addf"(%22, %25) <{fastmath = #arith.fastmath<none>}> : (bf16, bf16) -> bf16
  %27 = "arith.constant"() <{value = 1 : index}> : () -> index
  %28 = "affine.load"(%5, %arg3, %23, %27) <{map = affine_map<(d0, d1, d2) -> (d0, 0, d1, d2)>}> : (memref<16x1x3x3xbf16>, index, index, index) -> bf16
  %29 = "arith.mulf"(%10, %28) <{fastmath = #arith.fastmath<none>}> : (bf16, bf16) -> bf16
  %30 = "arith.addf"(%26, %29) <{fastmath = #arith.fastmath<none>}> : (bf16, bf16) -> bf16
  %31 = "arith.constant"() <{value = 2 : index}> : () -> index
  %32 = "affine.load"(%5, %arg3, %23, %31) <{map = affine_map<(d0, d1, d2) -> (d0, 0, d1, d2)>}> : (memref<16x1x3x3xbf16>, index, index, index) -> bf16
  %33 = "arith.mulf"(%11, %32) <{fastmath = #arith.fastmath<none>}> : (bf16, bf16) -> bf16
  %34 = "arith.addf"(%30, %33) <{fastmath = #arith.fastmath<none>}> : (bf16, bf16) -> bf16
  %35 = "arith.constant"() <{value = 2 : index}> : () -> index
  %36 = "affine.load"(%5, %arg3, %35, %1) <{map = affine_map<(d0, d1, d2) -> (d0, 0, d1, d2)>}> : (memref<16x1x3x3xbf16>, index, index, index) -> bf16
  %37 = "arith.mulf"(%9, %36) <{fastmath = #arith.fastmath<none>}> : (bf16, bf16) -> bf16
  %38 = "arith.addf"(%34, %37) <{fastmath = #arith.fastmath<none>}> : (bf16, bf16) -> bf16
  %39 = "arith.constant"() <{value = 1 : index}> : () -> index
  %40 = "affine.load"(%5, %arg3, %35, %39) <{map = affine_map<(d0, d1, d2) -> (d0, 0, d1, d2)>}> : (memref<16x1x3x3xbf16>, index, index, index) -> bf16
  %41 = "arith.mulf"(%10, %40) <{fastmath = #arith.fastmath<none>}> : (bf16, bf16) -> bf16
  %42 = "arith.addf"(%38, %41) <{fastmath = #arith.fastmath<none>}> : (bf16, bf16) -> bf16
  %43 = "arith.constant"() <{value = 2 : index}> : () -> index
  %44 = "affine.load"(%5, %arg3, %35, %43) <{map = affine_map<(d0, d1, d2) -> (d0, 0, d1, d2)>}> : (memref<16x1x3x3xbf16>, index, index, index) -> bf16
  %45 = "arith.mulf"(%11, %44) <{fastmath = #arith.fastmath<none>}> : (bf16, bf16) -> bf16
  %46 = "arith.addf"(%42, %45) <{fastmath = #arith.fastmath<none>}> : (bf16, bf16) -> bf16
  "affine.store"(%46, %6, %arg3, %arg4, %arg5) <{map = affine_map<(d0, d1, d2) -> (0, d0, d1, d2)>}> : (bf16, memref<1x16x16x16xbf16>, index, index, index) -> ()
  "affine.yield"() : () -> ()
^bb0(%arg5: index):
  %7 = "affine.load"(%3, %arg3, %arg4, %arg5) <{map = affine_map<(d0, d1, d2) -> (0, d0, d1, d2)>}> : (memref<1x16x16x16xbf16>, index, index, index) -> bf16
  %8 = "affine.load"(%4, %arg5, %1) <{map = affine_map<(d0, d1) -> (0, 0, -1, d0 + d1 - 1)>}> : (memref<1x1x16x16xbf16>, index, index) -> bf16
  %9 = "affine.load"(%4, %arg5) <{map = affine_map<(d0) -> (0, 0, -1, d0 - 1)>}> : (memref<1x1x16x16xbf16>, index) -> bf16
  %10 = "affine.load"(%4, %arg5, %16) <{map = affine_map<(d0, d1) -> (0, 0, -1, d0 + d1 - 1)>}> : (memref<1x1x16x16xbf16>, index, index) -> bf16
  %11 = "affine.load"(%4, %arg5) <{map = affine_map<(d0) -> (0, 0, -1, d0)>}> : (memref<1x1x16x16xbf16>, index) -> bf16
  %12 = "affine.load"(%4, %arg5, %20) <{map = affine_map<(d0, d1) -> (0, 0, -1, d0 + d1 - 1)>}> : (memref<1x1x16x16xbf16>, index, index) -> bf16
  %13 = "affine.load"(%5, %arg3, %0, %1) <{map = affine_map<(d0, d1, d2) -> (d0, 0, d1, d2)>}> : (memref<16x1x3x3xbf16>, index, index, index) -> bf16
  %14 = "arith.mulf"(%9, %13) <{fastmath = #arith.fastmath<none>}> : (bf16, bf16) -> bf16
  %15 = "arith.addf"(%7, %14) <{fastmath = #arith.fastmath<none>}> : (bf16, bf16) -> bf16
  %16 = "arith.constant"() <{value = 1 : index}> : () -> index
  %17 = "affine.load"(%5, %arg3, %0, %16) <{map = affine_map<(d0, d1, d2) -> (d0, 0, d1, d2)>}> : (memref<16x1x3x3xbf16>, index, index, index) -> bf16
  %18 = "arith.mulf"(%11, %17) <{fastmath = #arith.fastmath<none>}> : (bf16, bf16) -> bf16
  %19 = "arith.addf"(%15, %18) <{fastmath = #arith.fastmath<none>}> : (bf16, bf16) -> bf16
  %20 = "arith.constant"() <{value = 2 : index}> : () -> index
  %21 = "affine.load"(%5, %arg3, %0, %20) <{map = affine_map<(d0, d1, d2) -> (d0, 0, d1, d2)>}> : (memref<16x1x3x3xbf16>, index, index, index) -> bf16
  %22 = "arith.mulf"(%12, %21) <{fastmath = #arith.fastmath<none>}> : (bf16, bf16) -> bf16
  %23 = "arith.addf"(%19, %22) <{fastmath = #arith.fastmath<none>}> : (bf16, bf16) -> bf16
  %24 = "arith.constant"() <{value = 1 : index}> : () -> index
  %25 = "affine.load"(%5, %arg3, %24, %1) <{map = affine_map<(d0, d1, d2) -> (d0, 0, d1, d2)>}> : (memref<16x1x3x3xbf16>, index, index, index) -> bf16
  %26 = "arith.mulf"(%9, %25) <{fastmath = #arith.fastmath<none>}> : (bf16, bf16) -> bf16
  %27 = "arith.addf"(%23, %26) <{fastmath = #arith.fastmath<none>}> : (bf16, bf16) -> bf16
  %28 = "arith.constant"() <{value = 1 : index}> : () -> index
  %29 = "affine.load"(%5, %arg3, %24, %28) <{map = affine_map<(d0, d1, d2) -> (d0, 0, d1, d2)>}> : (memref<16x1x3x3xbf16>, index, index, index) -> bf16
  %30 = "arith.mulf"(%11, %29) <{fastmath = #arith.fastmath<none>}> : (bf16, bf16) -> bf16
  %31 = "arith.addf"(%27, %30) <{fastmath = #arith.fastmath<none>}> : (bf16, bf16) -> bf16
  %32 = "arith.constant"() <{value = 2 : index}> : () -> index
  %33 = "affine.load"(%5, %arg3, %24, %32) <{map = affine_map<(d0, d1, d2) -> (d0, 0, d1, d2)>}> : (memref<16x1x3x3xbf16>, index, index, index) -> bf16
  %34 = "arith.mulf"(%12, %33) <{fastmath = #arith.fastmath<none>}> : (bf16, bf16) -> bf16
  %35 = "arith.addf"(%31, %34) <{fastmath = #arith.fastmath<none>}> : (bf16, bf16) -> bf16
  %36 = "arith.constant"() <{value = 2 : index}> : () -> index
  %37 = "affine.load"(%5, %arg3, %36, %1) <{map = affine_map<(d0, d1, d2) -> (d0, 0, d1, d2)>}> : (memref<16x1x3x3xbf16>, index, index, index) -> bf16
  %38 = "arith.mulf"(%9, %37) <{fastmath = #arith.fastmath<none>}> : (bf16, bf16) -> bf16
  %39 = "arith.addf"(%35, %38) <{fastmath = #arith.fastmath<none>}> : (bf16, bf16) -> bf16
  %40 = "arith.constant"() <{value = 1 : index}> : () -> index
  %41 = "affine.load"(%5, %arg3, %36, %40) <{map = affine_map<(d0, d1, d2) -> (d0, 0, d1, d2)>}> : (memref<16x1x3x3xbf16>, index, index, index) -> bf16
  %42 = "arith.mulf"(%11, %41) <{fastmath = #arith.fastmath<none>}> : (bf16, bf16) -> bf16
  %43 = "arith.addf"(%39, %42) <{fastmath = #arith.fastmath<none>}> : (bf16, bf16) -> bf16
  %44 = "arith.constant"() <{value = 2 : index}> : () -> index
  %45 = "affine.load"(%5, %arg3, %36, %44) <{map = affine_map<(d0, d1, d2) -> (d0, 0, d1, d2)>}> : (memref<16x1x3x3xbf16>, index, index, index) -> bf16
  %46 = "arith.mulf"(%12, %45) <{fastmath = #arith.fastmath<none>}> : (bf16, bf16) -> bf16
  %47 = "arith.addf"(%43, %46) <{fastmath = #arith.fastmath<none>}> : (bf16, bf16) -> bf16
  "affine.store"(%47, %6, %arg3, %arg4, %arg5) <{map = affine_map<(d0, d1, d2) -> (0, d0, d1, d2)>}> : (bf16, memref<1x16x16x16xbf16>, index, index, index) -> ()
  "affine.yield"() : () -> ()
^bb0(%arg5: index):
  %7 = "affine.load"(%3, %arg3, %arg4, %arg5) <{map = affine_map<(d0, d1, d2) -> (0, d0, d1, d2)>}> : (memref<1x16x16x16xbf16>, index, index, index) -> bf16
  %8 = "affine.load"(%4, %arg5, %1) <{map = affine_map<(d0, d1) -> (0, 0, -1, d0 + d1 - 1)>}> : (memref<1x1x16x16xbf16>, index, index) -> bf16
  %9 = "affine.load"(%4, %arg5) <{map = affine_map<(d0) -> (0, 0, -1, d0 - 1)>}> : (memref<1x1x16x16xbf16>, index) -> bf16
  %10 = "affine.load"(%4, %arg5, %17) <{map = affine_map<(d0, d1) -> (0, 0, -1, d0 + d1 - 1)>}> : (memref<1x1x16x16xbf16>, index, index) -> bf16
  %11 = "affine.load"(%4, %arg5) <{map = affine_map<(d0) -> (0, 0, -1, d0)>}> : (memref<1x1x16x16xbf16>, index) -> bf16
  %12 = "affine.load"(%4, %arg5, %21) <{map = affine_map<(d0, d1) -> (0, 0, -1, d0 + d1 - 1)>}> : (memref<1x1x16x16xbf16>, index, index) -> bf16
  %13 = "affine.load"(%4, %arg5) <{map = affine_map<(d0) -> (0, 0, -1, d0 + 1)>}> : (memref<1x1x16x16xbf16>, index) -> bf16
  %14 = "affine.load"(%5, %arg3, %0, %1) <{map = affine_map<(d0, d1, d2) -> (d0, 0, d1, d2)>}> : (memref<16x1x3x3xbf16>, index, index, index) -> bf16
  %15 = "arith.mulf"(%9, %14) <{fastmath = #arith.fastmath<none>}> : (bf16, bf16) -> bf16
  %16 = "arith.addf"(%7, %15) <{fastmath = #arith.fastmath<none>}> : (bf16, bf16) -> bf16
  %17 = "arith.constant"() <{value = 1 : index}> : () -> index
  %18 = "affine.load"(%5, %arg3, %0, %17) <{map = affine_map<(d0, d1, d2) -> (d0, 0, d1, d2)>}> : (memref<16x1x3x3xbf16>, index, index, index) -> bf16
  %19 = "arith.mulf"(%11, %18) <{fastmath = #arith.fastmath<none>}> : (bf16, bf16) -> bf16
  %20 = "arith.addf"(%16, %19) <{fastmath = #arith.fastmath<none>}> : (bf16, bf16) -> bf16
  %21 = "arith.constant"() <{value = 2 : index}> : () -> index
  %22 = "affine.load"(%5, %arg3, %0, %21) <{map = affine_map<(d0, d1, d2) -> (d0, 0, d1, d2)>}> : (memref<16x1x3x3xbf16>, index, index, index) -> bf16
  %23 = "arith.mulf"(%13, %22) <{fastmath = #arith.fastmath<none>}> : (bf16, bf16) -> bf16
  %24 = "arith.addf"(%20, %23) <{fastmath = #arith.fastmath<none>}> : (bf16, bf16) -> bf16
  %25 = "arith.constant"() <{value = 1 : index}> : () -> index
  %26 = "affine.load"(%5, %arg3, %25, %1) <{map = affine_map<(d0, d1, d2) -> (d0, 0, d1, d2)>}> : (memref<16x1x3x3xbf16>, index, index, index) -> bf16
  %27 = "arith.mulf"(%9, %26) <{fastmath = #arith.fastmath<none>}> : (bf16, bf16) -> bf16
  %28 = "arith.addf"(%24, %27) <{fastmath = #arith.fastmath<none>}> : (bf16, bf16) -> bf16
  %29 = "arith.constant"() <{value = 1 : index}> : () -> index
  %30 = "affine.load"(%5, %arg3, %25, %29) <{map = affine_map<(d0, d1, d2) -> (d0, 0, d1, d2)>}> : (memref<16x1x3x3xbf16>, index, index, index) -> bf16
  %31 = "arith.mulf"(%11, %30) <{fastmath = #arith.fastmath<none>}> : (bf16, bf16) -> bf16
  %32 = "arith.addf"(%28, %31) <{fastmath = #arith.fastmath<none>}> : (bf16, bf16) -> bf16
  %33 = "arith.constant"() <{value = 2 : index}> : () -> index
  %34 = "affine.load"(%5, %arg3, %25, %33) <{map = affine_map<(d0, d1, d2) -> (d0, 0, d1, d2)>}> : (memref<16x1x3x3xbf16>, index, index, index) -> bf16
  %35 = "arith.mulf"(%13, %34) <{fastmath = #arith.fastmath<none>}> : (bf16, bf16) -> bf16
  %36 = "arith.addf"(%32, %35) <{fastmath = #arith.fastmath<none>}> : (bf16, bf16) -> bf16
  %37 = "arith.constant"() <{value = 2 : index}> : () -> index
  %38 = "affine.load"(%5, %arg3, %37, %1) <{map = affine_map<(d0, d1, d2) -> (d0, 0, d1, d2)>}> : (memref<16x1x3x3xbf16>, index, index, index) -> bf16
  %39 = "arith.mulf"(%9, %38) <{fastmath = #arith.fastmath<none>}> : (bf16, bf16) -> bf16
  %40 = "arith.addf"(%36, %39) <{fastmath = #arith.fastmath<none>}> : (bf16, bf16) -> bf16
  %41 = "arith.constant"() <{value = 1 : index}> : () -> index
  %42 = "affine.load"(%5, %arg3, %37, %41) <{map = affine_map<(d0, d1, d2) -> (d0, 0, d1, d2)>}> : (memref<16x1x3x3xbf16>, index, index, index) -> bf16
  %43 = "arith.mulf"(%11, %42) <{fastmath = #arith.fastmath<none>}> : (bf16, bf16) -> bf16
  %44 = "arith.addf"(%40, %43) <{fastmath = #arith.fastmath<none>}> : (bf16, bf16) -> bf16
  %45 = "arith.constant"() <{value = 2 : index}> : () -> index
  %46 = "affine.load"(%5, %arg3, %37, %45) <{map = affine_map<(d0, d1, d2) -> (d0, 0, d1, d2)>}> : (memref<16x1x3x3xbf16>, index, index, index) -> bf16
  %47 = "arith.mulf"(%13, %46) <{fastmath = #arith.fastmath<none>}> : (bf16, bf16) -> bf16
  %48 = "arith.addf"(%44, %47) <{fastmath = #arith.fastmath<none>}> : (bf16, bf16) -> bf16
  "affine.store"(%48, %6, %arg3, %arg4, %arg5) <{map = affine_map<(d0, d1, d2) -> (0, d0, d1, d2)>}> : (bf16, memref<1x16x16x16xbf16>, index, index, index) -> ()
  "affine.yield"() : () -> ()
^bb0(%arg5: index):
  %7 = "affine.load"(%3, %arg3, %arg4, %arg5) <{map = affine_map<(d0, d1, d2) -> (0, d0, d1, d2)>}> : (memref<1x16x16x16xbf16>, index, index, index) -> bf16
  %8 = "affine.load"(%4, %arg5, %1) <{map = affine_map<(d0, d1) -> (0, 0, -1, d0 + d1 - 1)>}> : (memref<1x1x16x16xbf16>, index, index) -> bf16
  %9 = "affine.load"(%4, %arg5) <{map = affine_map<(d0) -> (0, 0, -1, d0 - 1)>}> : (memref<1x1x16x16xbf16>, index) -> bf16
  %10 = "affine.load"(%4, %arg5, %18) <{map = affine_map<(d0, d1) -> (0, 0, -1, d0 + d1 - 1)>}> : (memref<1x1x16x16xbf16>, index, index) -> bf16
  %11 = "affine.load"(%4, %arg5) <{map = affine_map<(d0) -> (0, 0, -1, d0)>}> : (memref<1x1x16x16xbf16>, index) -> bf16
  %12 = "affine.load"(%4, %arg5, %22) <{map = affine_map<(d0, d1) -> (0, 0, -1, d0 + d1 - 1)>}> : (memref<1x1x16x16xbf16>, index, index) -> bf16
  %13 = "affine.load"(%4, %arg5) <{map = affine_map<(d0) -> (0, 0, -1, d0 + 1)>}> : (memref<1x1x16x16xbf16>, index) -> bf16
  %14 = "affine.load"(%5, %arg3, %0, %1) <{map = affine_map<(d0, d1, d2) -> (d0, 0, d1, d2)>}> : (memref<16x1x3x3xbf16>, index, index, index) -> bf16
  %15 = "affine.load"(%5, %arg3) <{map = affine_map<(d0) -> (d0, 0, 0, 0)>}> : (memref<16x1x3x3xbf16>, index) -> bf16
  %16 = "arith.mulf"(%9, %15) <{fastmath = #arith.fastmath<none>}> : (bf16, bf16) -> bf16
  %17 = "arith.addf"(%7, %16) <{fastmath = #arith.fastmath<none>}> : (bf16, bf16) -> bf16
  %18 = "arith.constant"() <{value = 1 : index}> : () -> index
  %19 = "affine.load"(%5, %arg3, %0, %18) <{map = affine_map<(d0, d1, d2) -> (d0, 0, d1, d2)>}> : (memref<16x1x3x3xbf16>, index, index, index) -> bf16
  %20 = "arith.mulf"(%11, %19) <{fastmath = #arith.fastmath<none>}> : (bf16, bf16) -> bf16
  %21 = "arith.addf"(%17, %20) <{fastmath = #arith.fastmath<none>}> : (bf16, bf16) -> bf16
  %22 = "arith.constant"() <{value = 2 : index}> : () -> index
  %23 = "affine.load"(%5, %arg3, %0, %22) <{map = affine_map<(d0, d1, d2) -> (d0, 0, d1, d2)>}> : (memref<16x1x3x3xbf16>, index, index, index) -> bf16
  %24 = "arith.mulf"(%13, %23) <{fastmath = #arith.fastmath<none>}> : (bf16, bf16) -> bf16
  %25 = "arith.addf"(%21, %24) <{fastmath = #arith.fastmath<none>}> : (bf16, bf16) -> bf16
  %26 = "arith.constant"() <{value = 1 : index}> : () -> index
  %27 = "affine.load"(%5, %arg3, %26, %1) <{map = affine_map<(d0, d1, d2) -> (d0, 0, d1, d2)>}> : (memref<16x1x3x3xbf16>, index, index, index) -> bf16
  %28 = "arith.mulf"(%9, %27) <{fastmath = #arith.fastmath<none>}> : (bf16, bf16) -> bf16
  %29 = "arith.addf"(%25, %28) <{fastmath = #arith.fastmath<none>}> : (bf16, bf16) -> bf16
  %30 = "arith.constant"() <{value = 1 : index}> : () -> index
  %31 = "affine.load"(%5, %arg3, %26, %30) <{map = affine_map<(d0, d1, d2) -> (d0, 0, d1, d2)>}> : (memref<16x1x3x3xbf16>, index, index, index) -> bf16
  %32 = "arith.mulf"(%11, %31) <{fastmath = #arith.fastmath<none>}> : (bf16, bf16) -> bf16
  %33 = "arith.addf"(%29, %32) <{fastmath = #arith.fastmath<none>}> : (bf16, bf16) -> bf16
  %34 = "arith.constant"() <{value = 2 : index}> : () -> index
  %35 = "affine.load"(%5, %arg3, %26, %34) <{map = affine_map<(d0, d1, d2) -> (d0, 0, d1, d2)>}> : (memref<16x1x3x3xbf16>, index, index, index) -> bf16
  %36 = "arith.mulf"(%13, %35) <{fastmath = #arith.fastmath<none>}> : (bf16, bf16) -> bf16
  %37 = "arith.addf"(%33, %36) <{fastmath = #arith.fastmath<none>}> : (bf16, bf16) -> bf16
  %38 = "arith.constant"() <{value = 2 : index}> : () -> index
  %39 = "affine.load"(%5, %arg3, %38, %1) <{map = affine_map<(d0, d1, d2) -> (d0, 0, d1, d2)>}> : (memref<16x1x3x3xbf16>, index, index, index) -> bf16
  %40 = "arith.mulf"(%9, %39) <{fastmath = #arith.fastmath<none>}> : (bf16, bf16) -> bf16
  %41 = "arith.addf"(%37, %40) <{fastmath = #arith.fastmath<none>}> : (bf16, bf16) -> bf16
  %42 = "arith.constant"() <{value = 1 : index}> : () -> index
  %43 = "affine.load"(%5, %arg3, %38, %42) <{map = affine_map<(d0, d1, d2) -> (d0, 0, d1, d2)>}> : (memref<16x1x3x3xbf16>, index, index, index) -> bf16
  %44 = "arith.mulf"(%11, %43) <{fastmath = #arith.fastmath<none>}> : (bf16, bf16) -> bf16
  %45 = "arith.addf"(%41, %44) <{fastmath = #arith.fastmath<none>}> : (bf16, bf16) -> bf16
  %46 = "arith.constant"() <{value = 2 : index}> : () -> index
  %47 = "affine.load"(%5, %arg3, %38, %46) <{map = affine_map<(d0, d1, d2) -> (d0, 0, d1, d2)>}> : (memref<16x1x3x3xbf16>, index, index, index) -> bf16
  %48 = "arith.mulf"(%13, %47) <{fastmath = #arith.fastmath<none>}> : (bf16, bf16) -> bf16
  %49 = "arith.addf"(%45, %48) <{fastmath = #arith.fastmath<none>}> : (bf16, bf16) -> bf16
  "affine.store"(%49, %6, %arg3, %arg4, %arg5) <{map = affine_map<(d0, d1, d2) -> (0, d0, d1, d2)>}> : (bf16, memref<1x16x16x16xbf16>, index, index, index) -> ()
  "affine.yield"() : () -> ()
^bb0(%arg5: index):
  %7 = "affine.load"(%3, %arg3, %arg4, %arg5) <{map = affine_map<(d0, d1, d2) -> (0, d0, d1, d2)>}> : (memref<1x16x16x16xbf16>, index, index, index) -> bf16
  %8 = "affine.load"(%4, %arg5, %1) <{map = affine_map<(d0, d1) -> (0, 0, -1, d0 + d1 - 1)>}> : (memref<1x1x16x16xbf16>, index, index) -> bf16
  %9 = "affine.load"(%4, %arg5) <{map = affine_map<(d0) -> (0, 0, -1, d0 - 1)>}> : (memref<1x1x16x16xbf16>, index) -> bf16
  %10 = "affine.load"(%4, %arg5, %18) <{map = affine_map<(d0, d1) -> (0, 0, -1, d0 + d1 - 1)>}> : (memref<1x1x16x16xbf16>, index, index) -> bf16
  %11 = "affine.load"(%4, %arg5) <{map = affine_map<(d0) -> (0, 0, -1, d0)>}> : (memref<1x1x16x16xbf16>, index) -> bf16
  %12 = "affine.load"(%4, %arg5, %23) <{map = affine_map<(d0, d1) -> (0, 0, -1, d0 + d1 - 1)>}> : (memref<1x1x16x16xbf16>, index, index) -> bf16
  %13 = "affine.load"(%4, %arg5) <{map = affine_map<(d0) -> (0, 0, -1, d0 + 1)>}> : (memref<1x1x16x16xbf16>, index) -> bf16
  %14 = "affine.load"(%5, %arg3, %0, %1) <{map = affine_map<(d0, d1, d2) -> (d0, 0, d1, d2)>}> : (memref<16x1x3x3xbf16>, index, index, index) -> bf16
  %15 = "affine.load"(%5, %arg3) <{map = affine_map<(d0) -> (d0, 0, 0, 0)>}> : (memref<16x1x3x3xbf16>, index) -> bf16
  %16 = "arith.mulf"(%9, %15) <{fastmath = #arith.fastmath<none>}> : (bf16, bf16) -> bf16
  %17 = "arith.addf"(%7, %16) <{fastmath = #arith.fastmath<none>}> : (bf16, bf16) -> bf16
  %18 = "arith.constant"() <{value = 1 : index}> : () -> index
  %19 = "affine.load"(%5, %arg3, %0, %18) <{map = affine_map<(d0, d1, d2) -> (d0, 0, d1, d2)>}> : (memref<16x1x3x3xbf16>, index, index, index) -> bf16
  %20 = "affine.load"(%5, %arg3) <{map = affine_map<(d0) -> (d0, 0, 0, 1)>}> : (memref<16x1x3x3xbf16>, index) -> bf16
  %21 = "arith.mulf"(%11, %20) <{fastmath = #arith.fastmath<none>}> : (bf16, bf16) -> bf16
  %22 = "arith.addf"(%17, %21) <{fastmath = #arith.fastmath<none>}> : (bf16, bf16) -> bf16
  %23 = "arith.constant"() <{value = 2 : index}> : () -> index
  %24 = "affine.load"(%5, %arg3, %0, %23) <{map = affine_map<(d0, d1, d2) -> (d0, 0, d1, d2)>}> : (memref<16x1x3x3xbf16>, index, index, index) -> bf16
  %25 = "arith.mulf"(%13, %24) <{fastmath = #arith.fastmath<none>}> : (bf16, bf16) -> bf16
  %26 = "arith.addf"(%22, %25) <{fastmath = #arith.fastmath<none>}> : (bf16, bf16) -> bf16
  %27 = "arith.constant"() <{value = 1 : index}> : () -> index
  %28 = "affine.load"(%5, %arg3, %27, %1) <{map = affine_map<(d0, d1, d2) -> (d0, 0, d1, d2)>}> : (memref<16x1x3x3xbf16>, index, index, index) -> bf16
  %29 = "arith.mulf"(%9, %28) <{fastmath = #arith.fastmath<none>}> : (bf16, bf16) -> bf16
  %30 = "arith.addf"(%26, %29) <{fastmath = #arith.fastmath<none>}> : (bf16, bf16) -> bf16
  %31 = "arith.constant"() <{value = 1 : index}> : () -> index
  %32 = "affine.load"(%5, %arg3, %27, %31) <{map = affine_map<(d0, d1, d2) -> (d0, 0, d1, d2)>}> : (memref<16x1x3x3xbf16>, index, index, index) -> bf16
  %33 = "arith.mulf"(%11, %32) <{fastmath = #arith.fastmath<none>}> : (bf16, bf16) -> bf16
  %34 = "arith.addf"(%30, %33) <{fastmath = #arith.fastmath<none>}> : (bf16, bf16) -> bf16
  %35 = "arith.constant"() <{value = 2 : index}> : () -> index
  %36 = "affine.load"(%5, %arg3, %27, %35) <{map = affine_map<(d0, d1, d2) -> (d0, 0, d1, d2)>}> : (memref<16x1x3x3xbf16>, index, index, index) -> bf16
  %37 = "arith.mulf"(%13, %36) <{fastmath = #arith.fastmath<none>}> : (bf16, bf16) -> bf16
  %38 = "arith.addf"(%34, %37) <{fastmath = #arith.fastmath<none>}> : (bf16, bf16) -> bf16
  %39 = "arith.constant"() <{value = 2 : index}> : () -> index
  %40 = "affine.load"(%5, %arg3, %39, %1) <{map = affine_map<(d0, d1, d2) -> (d0, 0, d1, d2)>}> : (memref<16x1x3x3xbf16>, index, index, index) -> bf16
  %41 = "arith.mulf"(%9, %40) <{fastmath = #arith.fastmath<none>}> : (bf16, bf16) -> bf16
  %42 = "arith.addf"(%38, %41) <{fastmath = #arith.fastmath<none>}> : (bf16, bf16) -> bf16
  %43 = "arith.constant"() <{value = 1 : index}> : () -> index
  %44 = "affine.load"(%5, %arg3, %39, %43) <{map = affine_map<(d0, d1, d2) -> (d0, 0, d1, d2)>}> : (memref<16x1x3x3xbf16>, index, index, index) -> bf16
  %45 = "arith.mulf"(%11, %44) <{fastmath = #arith.fastmath<none>}> : (bf16, bf16) -> bf16
  %46 = "arith.addf"(%42, %45) <{fastmath = #arith.fastmath<none>}> : (bf16, bf16) -> bf16
  %47 = "arith.constant"() <{value = 2 : index}> : () -> index
  %48 = "affine.load"(%5, %arg3, %39, %47) <{map = affine_map<(d0, d1, d2) -> (d0, 0, d1, d2)>}> : (memref<16x1x3x3xbf16>, index, index, index) -> bf16
  %49 = "arith.mulf"(%13, %48) <{fastmath = #arith.fastmath<none>}> : (bf16, bf16) -> bf16
  %50 = "arith.addf"(%46, %49) <{fastmath = #arith.fastmath<none>}> : (bf16, bf16) -> bf16
  "affine.store"(%50, %6, %arg3, %arg4, %arg5) <{map = affine_map<(d0, d1, d2) -> (0, d0, d1, d2)>}> : (bf16, memref<1x16x16x16xbf16>, index, index, index) -> ()
  "affine.yield"() : () -> ()
^bb0(%arg5: index):
  %7 = "affine.load"(%3, %arg3, %arg4, %arg5) <{map = affine_map<(d0, d1, d2) -> (0, d0, d1, d2)>}> : (memref<1x16x16x16xbf16>, index, index, index) -> bf16
  %8 = "affine.load"(%4, %arg5, %1) <{map = affine_map<(d0, d1) -> (0, 0, -1, d0 + d1 - 1)>}> : (memref<1x1x16x16xbf16>, index, index) -> bf16
  %9 = "affine.load"(%4, %arg5) <{map = affine_map<(d0) -> (0, 0, -1, d0 - 1)>}> : (memref<1x1x16x16xbf16>, index) -> bf16
  %10 = "affine.load"(%4, %arg5, %18) <{map = affine_map<(d0, d1) -> (0, 0, -1, d0 + d1 - 1)>}> : (memref<1x1x16x16xbf16>, index, index) -> bf16
  %11 = "affine.load"(%4, %arg5) <{map = affine_map<(d0) -> (0, 0, -1, d0)>}> : (memref<1x1x16x16xbf16>, index) -> bf16
  %12 = "affine.load"(%4, %arg5, %23) <{map = affine_map<(d0, d1) -> (0, 0, -1, d0 + d1 - 1)>}> : (memref<1x1x16x16xbf16>, index, index) -> bf16
  %13 = "affine.load"(%4, %arg5) <{map = affine_map<(d0) -> (0, 0, -1, d0 + 1)>}> : (memref<1x1x16x16xbf16>, index) -> bf16
  %14 = "affine.load"(%5, %arg3, %0, %1) <{map = affine_map<(d0, d1, d2) -> (d0, 0, d1, d2)>}> : (memref<16x1x3x3xbf16>, index, index, index) -> bf16
  %15 = "affine.load"(%5, %arg3) <{map = affine_map<(d0) -> (d0, 0, 0, 0)>}> : (memref<16x1x3x3xbf16>, index) -> bf16
  %16 = "arith.mulf"(%9, %15) <{fastmath = #arith.fastmath<none>}> : (bf16, bf16) -> bf16
  %17 = "arith.addf"(%7, %16) <{fastmath = #arith.fastmath<none>}> : (bf16, bf16) -> bf16
  %18 = "arith.constant"() <{value = 1 : index}> : () -> index
  %19 = "affine.load"(%5, %arg3, %0, %18) <{map = affine_map<(d0, d1, d2) -> (d0, 0, d1, d2)>}> : (memref<16x1x3x3xbf16>, index, index, index) -> bf16
  %20 = "affine.load"(%5, %arg3) <{map = affine_map<(d0) -> (d0, 0, 0, 1)>}> : (memref<16x1x3x3xbf16>, index) -> bf16
  %21 = "arith.mulf"(%11, %20) <{fastmath = #arith.fastmath<none>}> : (bf16, bf16) -> bf16
  %22 = "arith.addf"(%17, %21) <{fastmath = #arith.fastmath<none>}> : (bf16, bf16) -> bf16
  %23 = "arith.constant"() <{value = 2 : index}> : () -> index
  %24 = "affine.load"(%5, %arg3, %0, %23) <{map = affine_map<(d0, d1, d2) -> (d0, 0, d1, d2)>}> : (memref<16x1x3x3xbf16>, index, index, index) -> bf16
  %25 = "affine.load"(%5, %arg3) <{map = affine_map<(d0) -> (d0, 0, 0, 2)>}> : (memref<16x1x3x3xbf16>, index) -> bf16
  %26 = "arith.mulf"(%13, %25) <{fastmath = #arith.fastmath<none>}> : (bf16, bf16) -> bf16
  %27 = "arith.addf"(%22, %26) <{fastmath = #arith.fastmath<none>}> : (bf16, bf16) -> bf16
  %28 = "arith.constant"() <{value = 1 : index}> : () -> index
  %29 = "affine.load"(%5, %arg3, %28, %1) <{map = affine_map<(d0, d1, d2) -> (d0, 0, d1, d2)>}> : (memref<16x1x3x3xbf16>, index, index, index) -> bf16
  %30 = "arith.mulf"(%9, %29) <{fastmath = #arith.fastmath<none>}> : (bf16, bf16) -> bf16
  %31 = "arith.addf"(%27, %30) <{fastmath = #arith.fastmath<none>}> : (bf16, bf16) -> bf16
  %32 = "arith.constant"() <{value = 1 : index}> : () -> index
  %33 = "affine.load"(%5, %arg3, %28, %32) <{map = affine_map<(d0, d1, d2) -> (d0, 0, d1, d2)>}> : (memref<16x1x3x3xbf16>, index, index, index) -> bf16
  %34 = "arith.mulf"(%11, %33) <{fastmath = #arith.fastmath<none>}> : (bf16, bf16) -> bf16
  %35 = "arith.addf"(%31, %34) <{fastmath = #arith.fastmath<none>}> : (bf16, bf16) -> bf16
  %36 = "arith.constant"() <{value = 2 : index}> : () -> index
  %37 = "affine.load"(%5, %arg3, %28, %36) <{map = affine_map<(d0, d1, d2) -> (d0, 0, d1, d2)>}> : (memref<16x1x3x3xbf16>, index, index, index) -> bf16
  %38 = "arith.mulf"(%13, %37) <{fastmath = #arith.fastmath<none>}> : (bf16, bf16) -> bf16
  %39 = "arith.addf"(%35, %38) <{fastmath = #arith.fastmath<none>}> : (bf16, bf16) -> bf16
  %40 = "arith.constant"() <{value = 2 : index}> : () -> index
  %41 = "affine.load"(%5, %arg3, %40, %1) <{map = affine_map<(d0, d1, d2) -> (d0, 0, d1, d2)>}> : (memref<16x1x3x3xbf16>, index, index, index) -> bf16
  %42 = "arith.mulf"(%9, %41) <{fastmath = #arith.fastmath<none>}> : (bf16, bf16) -> bf16
  %43 = "arith.addf"(%39, %42) <{fastmath = #arith.fastmath<none>}> : (bf16, bf16) -> bf16
  %44 = "arith.constant"() <{value = 1 : index}> : () -> index
  %45 = "affine.load"(%5, %arg3, %40, %44) <{map = affine_map<(d0, d1, d2) -> (d0, 0, d1, d2)>}> : (memref<16x1x3x3xbf16>, index, index, index) -> bf16
  %46 = "arith.mulf"(%11, %45) <{fastmath = #arith.fastmath<none>}> : (bf16, bf16) -> bf16
  %47 = "arith.addf"(%43, %46) <{fastmath = #arith.fastmath<none>}> : (bf16, bf16) -> bf16
  %48 = "arith.constant"() <{value = 2 : index}> : () -> index
  %49 = "affine.load"(%5, %arg3, %40, %48) <{map = affine_map<(d0, d1, d2) -> (d0, 0, d1, d2)>}> : (memref<16x1x3x3xbf16>, index, index, index) -> bf16
  %50 = "arith.mulf"(%13, %49) <{fastmath = #arith.fastmath<none>}> : (bf16, bf16) -> bf16
  %51 = "arith.addf"(%47, %50) <{fastmath = #arith.fastmath<none>}> : (bf16, bf16) -> bf16
  "affine.store"(%51, %6, %arg3, %arg4, %arg5) <{map = affine_map<(d0, d1, d2) -> (0, d0, d1, d2)>}> : (bf16, memref<1x16x16x16xbf16>, index, index, index) -> ()
  "affine.yield"() : () -> ()
^bb0(%arg5: index):
  %7 = "affine.load"(%3, %arg3, %arg4, %arg5) <{map = affine_map<(d0, d1, d2) -> (0, d0, d1, d2)>}> : (memref<1x16x16x16xbf16>, index, index, index) -> bf16
  %8 = "affine.load"(%4, %arg5, %1) <{map = affine_map<(d0, d1) -> (0, 0, -1, d0 + d1 - 1)>}> : (memref<1x1x16x16xbf16>, index, index) -> bf16
  %9 = "affine.load"(%4, %arg5) <{map = affine_map<(d0) -> (0, 0, -1, d0 - 1)>}> : (memref<1x1x16x16xbf16>, index) -> bf16
  %10 = "affine.load"(%4, %arg5, %18) <{map = affine_map<(d0, d1) -> (0, 0, -1, d0 + d1 - 1)>}> : (memref<1x1x16x16xbf16>, index, index) -> bf16
  %11 = "affine.load"(%4, %arg5) <{map = affine_map<(d0) -> (0, 0, -1, d0)>}> : (memref<1x1x16x16xbf16>, index) -> bf16
  %12 = "affine.load"(%4, %arg5, %23) <{map = affine_map<(d0, d1) -> (0, 0, -1, d0 + d1 - 1)>}> : (memref<1x1x16x16xbf16>, index, index) -> bf16
  %13 = "affine.load"(%4, %arg5) <{map = affine_map<(d0) -> (0, 0, -1, d0 + 1)>}> : (memref<1x1x16x16xbf16>, index) -> bf16
  %14 = "affine.load"(%5, %arg3, %0, %1) <{map = affine_map<(d0, d1, d2) -> (d0, 0, d1, d2)>}> : (memref<16x1x3x3xbf16>, index, index, index) -> bf16
  %15 = "affine.load"(%5, %arg3) <{map = affine_map<(d0) -> (d0, 0, 0, 0)>}> : (memref<16x1x3x3xbf16>, index) -> bf16
  %16 = "arith.mulf"(%9, %15) <{fastmath = #arith.fastmath<none>}> : (bf16, bf16) -> bf16
  %17 = "arith.addf"(%7, %16) <{fastmath = #arith.fastmath<none>}> : (bf16, bf16) -> bf16
  %18 = "arith.constant"() <{value = 1 : index}> : () -> index
  %19 = "affine.load"(%5, %arg3, %0, %18) <{map = affine_map<(d0, d1, d2) -> (d0, 0, d1, d2)>}> : (memref<16x1x3x3xbf16>, index, index, index) -> bf16
  %20 = "affine.load"(%5, %arg3) <{map = affine_map<(d0) -> (d0, 0, 0, 1)>}> : (memref<16x1x3x3xbf16>, index) -> bf16
  %21 = "arith.mulf"(%11, %20) <{fastmath = #arith.fastmath<none>}> : (bf16, bf16) -> bf16
  %22 = "arith.addf"(%17, %21) <{fastmath = #arith.fastmath<none>}> : (bf16, bf16) -> bf16
  %23 = "arith.constant"() <{value = 2 : index}> : () -> index
  %24 = "affine.load"(%5, %arg3, %0, %23) <{map = affine_map<(d0, d1, d2) -> (d0, 0, d1, d2)>}> : (memref<16x1x3x3xbf16>, index, index, index) -> bf16
  %25 = "affine.load"(%5, %arg3) <{map = affine_map<(d0) -> (d0, 0, 0, 2)>}> : (memref<16x1x3x3xbf16>, index) -> bf16
  %26 = "arith.mulf"(%13, %25) <{fastmath = #arith.fastmath<none>}> : (bf16, bf16) -> bf16
  %27 = "arith.addf"(%22, %26) <{fastmath = #arith.fastmath<none>}> : (bf16, bf16) -> bf16
  %28 = "arith.constant"() <{value = 1 : index}> : () -> index
  %29 = "affine.load"(%5, %arg3, %28, %1) <{map = affine_map<(d0, d1, d2) -> (d0, 0, d1, d2)>}> : (memref<16x1x3x3xbf16>, index, index, index) -> bf16
  %30 = "affine.load"(%5, %arg3) <{map = affine_map<(d0) -> (d0, 0, 1, 0)>}> : (memref<16x1x3x3xbf16>, index) -> bf16
  %31 = "arith.mulf"(%9, %30) <{fastmath = #arith.fastmath<none>}> : (bf16, bf16) -> bf16
  %32 = "arith.addf"(%27, %31) <{fastmath = #arith.fastmath<none>}> : (bf16, bf16) -> bf16
  %33 = "arith.constant"() <{value = 1 : index}> : () -> index
  %34 = "affine.load"(%5, %arg3, %28, %33) <{map = affine_map<(d0, d1, d2) -> (d0, 0, d1, d2)>}> : (memref<16x1x3x3xbf16>, index, index, index) -> bf16
  %35 = "arith.mulf"(%11, %34) <{fastmath = #arith.fastmath<none>}> : (bf16, bf16) -> bf16
  %36 = "arith.addf"(%32, %35) <{fastmath = #arith.fastmath<none>}> : (bf16, bf16) -> bf16
  %37 = "arith.constant"() <{value = 2 : index}> : () -> index
  %38 = "affine.load"(%5, %arg3, %28, %37) <{map = affine_map<(d0, d1, d2) -> (d0, 0, d1, d2)>}> : (memref<16x1x3x3xbf16>, index, index, index) -> bf16
  %39 = "arith.mulf"(%13, %38) <{fastmath = #arith.fastmath<none>}> : (bf16, bf16) -> bf16
  %40 = "arith.addf"(%36, %39) <{fastmath = #arith.fastmath<none>}> : (bf16, bf16) -> bf16
  %41 = "arith.constant"() <{value = 2 : index}> : () -> index
  %42 = "affine.load"(%5, %arg3, %41, %1) <{map = affine_map<(d0, d1, d2) -> (d0, 0, d1, d2)>}> : (memref<16x1x3x3xbf16>, index, index, index) -> bf16
  %43 = "arith.mulf"(%9, %42) <{fastmath = #arith.fastmath<none>}> : (bf16, bf16) -> bf16
  %44 = "arith.addf"(%40, %43) <{fastmath = #arith.fastmath<none>}> : (bf16, bf16) -> bf16
  %45 = "arith.constant"() <{value = 1 : index}> : () -> index
  %46 = "affine.load"(%5, %arg3, %41, %45) <{map = affine_map<(d0, d1, d2) -> (d0, 0, d1, d2)>}> : (memref<16x1x3x3xbf16>, index, index, index) -> bf16
  %47 = "arith.mulf"(%11, %46) <{fastmath = #arith.fastmath<none>}> : (bf16, bf16) -> bf16
  %48 = "arith.addf"(%44, %47) <{fastmath = #arith.fastmath<none>}> : (bf16, bf16) -> bf16
  %49 = "arith.constant"() <{value = 2 : index}> : () -> index
  %50 = "affine.load"(%5, %arg3, %41, %49) <{map = affine_map<(d0, d1, d2) -> (d0, 0, d1, d2)>}> : (memref<16x1x3x3xbf16>, index, index, index) -> bf16
  %51 = "arith.mulf"(%13, %50) <{fastmath = #arith.fastmath<none>}> : (bf16, bf16) -> bf16
  %52 = "arith.addf"(%48, %51) <{fastmath = #arith.fastmath<none>}> : (bf16, bf16) -> bf16
  "affine.store"(%52, %6, %arg3, %arg4, %arg5) <{map = affine_map<(d0, d1, d2) -> (0, d0, d1, d2)>}> : (bf16, memref<1x16x16x16xbf16>, index, index, index) -> ()
  "affine.yield"() : () -> ()
^bb0(%arg5: index):
  %7 = "affine.load"(%3, %arg3, %arg4, %arg5) <{map = affine_map<(d0, d1, d2) -> (0, d0, d1, d2)>}> : (memref<1x16x16x16xbf16>, index, index, index) -> bf16
  %8 = "affine.load"(%4, %arg5, %1) <{map = affine_map<(d0, d1) -> (0, 0, -1, d0 + d1 - 1)>}> : (memref<1x1x16x16xbf16>, index, index) -> bf16
  %9 = "affine.load"(%4, %arg5) <{map = affine_map<(d0) -> (0, 0, -1, d0 - 1)>}> : (memref<1x1x16x16xbf16>, index) -> bf16
  %10 = "affine.load"(%4, %arg5, %18) <{map = affine_map<(d0, d1) -> (0, 0, -1, d0 + d1 - 1)>}> : (memref<1x1x16x16xbf16>, index, index) -> bf16
  %11 = "affine.load"(%4, %arg5) <{map = affine_map<(d0) -> (0, 0, -1, d0)>}> : (memref<1x1x16x16xbf16>, index) -> bf16
  %12 = "affine.load"(%4, %arg5, %23) <{map = affine_map<(d0, d1) -> (0, 0, -1, d0 + d1 - 1)>}> : (memref<1x1x16x16xbf16>, index, index) -> bf16
  %13 = "affine.load"(%4, %arg5) <{map = affine_map<(d0) -> (0, 0, -1, d0 + 1)>}> : (memref<1x1x16x16xbf16>, index) -> bf16
  %14 = "affine.load"(%5, %arg3, %0, %1) <{map = affine_map<(d0, d1, d2) -> (d0, 0, d1, d2)>}> : (memref<16x1x3x3xbf16>, index, index, index) -> bf16
  %15 = "affine.load"(%5, %arg3) <{map = affine_map<(d0) -> (d0, 0, 0, 0)>}> : (memref<16x1x3x3xbf16>, index) -> bf16
  %16 = "arith.mulf"(%9, %15) <{fastmath = #arith.fastmath<none>}> : (bf16, bf16) -> bf16
  %17 = "arith.addf"(%7, %16) <{fastmath = #arith.fastmath<none>}> : (bf16, bf16) -> bf16
  %18 = "arith.constant"() <{value = 1 : index}> : () -> index
  %19 = "affine.load"(%5, %arg3, %0, %18) <{map = affine_map<(d0, d1, d2) -> (d0, 0, d1, d2)>}> : (memref<16x1x3x3xbf16>, index, index, index) -> bf16
  %20 = "affine.load"(%5, %arg3) <{map = affine_map<(d0) -> (d0, 0, 0, 1)>}> : (memref<16x1x3x3xbf16>, index) -> bf16
  %21 = "arith.mulf"(%11, %20) <{fastmath = #arith.fastmath<none>}> : (bf16, bf16) -> bf16
  %22 = "arith.addf"(%17, %21) <{fastmath = #arith.fastmath<none>}> : (bf16, bf16) -> bf16
  %23 = "arith.constant"() <{value = 2 : index}> : () -> index
  %24 = "affine.load"(%5, %arg3, %0, %23) <{map = affine_map<(d0, d1, d2) -> (d0, 0, d1, d2)>}> : (memref<16x1x3x3xbf16>, index, index, index) -> bf16
  %25 = "affine.load"(%5, %arg3) <{map = affine_map<(d0) -> (d0, 0, 0, 2)>}> : (memref<16x1x3x3xbf16>, index) -> bf16
  %26 = "arith.mulf"(%13, %25) <{fastmath = #arith.fastmath<none>}> : (bf16, bf16) -> bf16
  %27 = "arith.addf"(%22, %26) <{fastmath = #arith.fastmath<none>}> : (bf16, bf16) -> bf16
  %28 = "arith.constant"() <{value = 1 : index}> : () -> index
  %29 = "affine.load"(%5, %arg3, %28, %1) <{map = affine_map<(d0, d1, d2) -> (d0, 0, d1, d2)>}> : (memref<16x1x3x3xbf16>, index, index, index) -> bf16
  %30 = "affine.load"(%5, %arg3) <{map = affine_map<(d0) -> (d0, 0, 1, 0)>}> : (memref<16x1x3x3xbf16>, index) -> bf16
  %31 = "arith.mulf"(%9, %30) <{fastmath = #arith.fastmath<none>}> : (bf16, bf16) -> bf16
  %32 = "arith.addf"(%27, %31) <{fastmath = #arith.fastmath<none>}> : (bf16, bf16) -> bf16
  %33 = "arith.constant"() <{value = 1 : index}> : () -> index
  %34 = "affine.load"(%5, %arg3, %28, %33) <{map = affine_map<(d0, d1, d2) -> (d0, 0, d1, d2)>}> : (memref<16x1x3x3xbf16>, index, index, index) -> bf16
  %35 = "affine.load"(%5, %arg3) <{map = affine_map<(d0) -> (d0, 0, 1, 1)>}> : (memref<16x1x3x3xbf16>, index) -> bf16
  %36 = "arith.mulf"(%11, %35) <{fastmath = #arith.fastmath<none>}> : (bf16, bf16) -> bf16
  %37 = "arith.addf"(%32, %36) <{fastmath = #arith.fastmath<none>}> : (bf16, bf16) -> bf16
  %38 = "arith.constant"() <{value = 2 : index}> : () -> index
  %39 = "affine.load"(%5, %arg3, %28, %38) <{map = affine_map<(d0, d1, d2) -> (d0, 0, d1, d2)>}> : (memref<16x1x3x3xbf16>, index, index, index) -> bf16
  %40 = "arith.mulf"(%13, %39) <{fastmath = #arith.fastmath<none>}> : (bf16, bf16) -> bf16
  %41 = "arith.addf"(%37, %40) <{fastmath = #arith.fastmath<none>}> : (bf16, bf16) -> bf16
  %42 = "arith.constant"() <{value = 2 : index}> : () -> index
  %43 = "affine.load"(%5, %arg3, %42, %1) <{map = affine_map<(d0, d1, d2) -> (d0, 0, d1, d2)>}> : (memref<16x1x3x3xbf16>, index, index, index) -> bf16
  %44 = "arith.mulf"(%9, %43) <{fastmath = #arith.fastmath<none>}> : (bf16, bf16) -> bf16
  %45 = "arith.addf"(%41, %44) <{fastmath = #arith.fastmath<none>}> : (bf16, bf16) -> bf16
  %46 = "arith.constant"() <{value = 1 : index}> : () -> index
  %47 = "affine.load"(%5, %arg3, %42, %46) <{map = affine_map<(d0, d1, d2) -> (d0, 0, d1, d2)>}> : (memref<16x1x3x3xbf16>, index, index, index) -> bf16
  %48 = "arith.mulf"(%11, %47) <{fastmath = #arith.fastmath<none>}> : (bf16, bf16) -> bf16
  %49 = "arith.addf"(%45, %48) <{fastmath = #arith.fastmath<none>}> : (bf16, bf16) -> bf16
  %50 = "arith.constant"() <{value = 2 : index}> : () -> index
  %51 = "affine.load"(%5, %arg3, %42, %50) <{map = affine_map<(d0, d1, d2) -> (d0, 0, d1, d2)>}> : (memref<16x1x3x3xbf16>, index, index, index) -> bf16
  %52 = "arith.mulf"(%13, %51) <{fastmath = #arith.fastmath<none>}> : (bf16, bf16) -> bf16
  %53 = "arith.addf"(%49, %52) <{fastmath = #arith.fastmath<none>}> : (bf16, bf16) -> bf16
  "affine.store"(%53, %6, %arg3, %arg4, %arg5) <{map = affine_map<(d0, d1, d2) -> (0, d0, d1, d2)>}> : (bf16, memref<1x16x16x16xbf16>, index, index, index) -> ()
  "affine.yield"() : () -> ()
^bb0(%arg5: index):
  %7 = "affine.load"(%3, %arg3, %arg4, %arg5) <{map = affine_map<(d0, d1, d2) -> (0, d0, d1, d2)>}> : (memref<1x16x16x16xbf16>, index, index, index) -> bf16
  %8 = "affine.load"(%4, %arg5, %1) <{map = affine_map<(d0, d1) -> (0, 0, -1, d0 + d1 - 1)>}> : (memref<1x1x16x16xbf16>, index, index) -> bf16
  %9 = "affine.load"(%4, %arg5) <{map = affine_map<(d0) -> (0, 0, -1, d0 - 1)>}> : (memref<1x1x16x16xbf16>, index) -> bf16
  %10 = "affine.load"(%4, %arg5, %18) <{map = affine_map<(d0, d1) -> (0, 0, -1, d0 + d1 - 1)>}> : (memref<1x1x16x16xbf16>, index, index) -> bf16
  %11 = "affine.load"(%4, %arg5) <{map = affine_map<(d0) -> (0, 0, -1, d0)>}> : (memref<1x1x16x16xbf16>, index) -> bf16
  %12 = "affine.load"(%4, %arg5, %23) <{map = affine_map<(d0, d1) -> (0, 0, -1, d0 + d1 - 1)>}> : (memref<1x1x16x16xbf16>, index, index) -> bf16
  %13 = "affine.load"(%4, %arg5) <{map = affine_map<(d0) -> (0, 0, -1, d0 + 1)>}> : (memref<1x1x16x16xbf16>, index) -> bf16
  %14 = "affine.load"(%5, %arg3, %0, %1) <{map = affine_map<(d0, d1, d2) -> (d0, 0, d1, d2)>}> : (memref<16x1x3x3xbf16>, index, index, index) -> bf16
  %15 = "affine.load"(%5, %arg3) <{map = affine_map<(d0) -> (d0, 0, 0, 0)>}> : (memref<16x1x3x3xbf16>, index) -> bf16
  %16 = "arith.mulf"(%9, %15) <{fastmath = #arith.fastmath<none>}> : (bf16, bf16) -> bf16
  %17 = "arith.addf"(%7, %16) <{fastmath = #arith.fastmath<none>}> : (bf16, bf16) -> bf16
  %18 = "arith.constant"() <{value = 1 : index}> : () -> index
  %19 = "affine.load"(%5, %arg3, %0, %18) <{map = affine_map<(d0, d1, d2) -> (d0, 0, d1, d2)>}> : (memref<16x1x3x3xbf16>, index, index, index) -> bf16
  %20 = "affine.load"(%5, %arg3) <{map = affine_map<(d0) -> (d0, 0, 0, 1)>}> : (memref<16x1x3x3xbf16>, index) -> bf16
  %21 = "arith.mulf"(%11, %20) <{fastmath = #arith.fastmath<none>}> : (bf16, bf16) -> bf16
  %22 = "arith.addf"(%17, %21) <{fastmath = #arith.fastmath<none>}> : (bf16, bf16) -> bf16
  %23 = "arith.constant"() <{value = 2 : index}> : () -> index
  %24 = "affine.load"(%5, %arg3, %0, %23) <{map = affine_map<(d0, d1, d2) -> (d0, 0, d1, d2)>}> : (memref<16x1x3x3xbf16>, index, index, index) -> bf16
  %25 = "affine.load"(%5, %arg3) <{map = affine_map<(d0) -> (d0, 0, 0, 2)>}> : (memref<16x1x3x3xbf16>, index) -> bf16
  %26 = "arith.mulf"(%13, %25) <{fastmath = #arith.fastmath<none>}> : (bf16, bf16) -> bf16
  %27 = "arith.addf"(%22, %26) <{fastmath = #arith.fastmath<none>}> : (bf16, bf16) -> bf16
  %28 = "arith.constant"() <{value = 1 : index}> : () -> index
  %29 = "affine.load"(%5, %arg3, %28, %1) <{map = affine_map<(d0, d1, d2) -> (d0, 0, d1, d2)>}> : (memref<16x1x3x3xbf16>, index, index, index) -> bf16
  %30 = "affine.load"(%5, %arg3) <{map = affine_map<(d0) -> (d0, 0, 1, 0)>}> : (memref<16x1x3x3xbf16>, index) -> bf16
  %31 = "arith.mulf"(%9, %30) <{fastmath = #arith.fastmath<none>}> : (bf16, bf16) -> bf16
  %32 = "arith.addf"(%27, %31) <{fastmath = #arith.fastmath<none>}> : (bf16, bf16) -> bf16
  %33 = "arith.constant"() <{value = 1 : index}> : () -> index
  %34 = "affine.load"(%5, %arg3, %28, %33) <{map = affine_map<(d0, d1, d2) -> (d0, 0, d1, d2)>}> : (memref<16x1x3x3xbf16>, index, index, index) -> bf16
  %35 = "affine.load"(%5, %arg3) <{map = affine_map<(d0) -> (d0, 0, 1, 1)>}> : (memref<16x1x3x3xbf16>, index) -> bf16
  %36 = "arith.mulf"(%11, %35) <{fastmath = #arith.fastmath<none>}> : (bf16, bf16) -> bf16
  %37 = "arith.addf"(%32, %36) <{fastmath = #arith.fastmath<none>}> : (bf16, bf16) -> bf16
  %38 = "arith.constant"() <{value = 2 : index}> : () -> index
  %39 = "affine.load"(%5, %arg3, %28, %38) <{map = affine_map<(d0, d1, d2) -> (d0, 0, d1, d2)>}> : (memref<16x1x3x3xbf16>, index, index, index) -> bf16
  %40 = "affine.load"(%5, %arg3) <{map = affine_map<(d0) -> (d0, 0, 1, 2)>}> : (memref<16x1x3x3xbf16>, index) -> bf16
  %41 = "arith.mulf"(%13, %40) <{fastmath = #arith.fastmath<none>}> : (bf16, bf16) -> bf16
  %42 = "arith.addf"(%37, %41) <{fastmath = #arith.fastmath<none>}> : (bf16, bf16) -> bf16
  %43 = "arith.constant"() <{value = 2 : index}> : () -> index
  %44 = "affine.load"(%5, %arg3, %43, %1) <{map = affine_map<(d0, d1, d2) -> (d0, 0, d1, d2)>}> : (memref<16x1x3x3xbf16>, index, index, index) -> bf16
  %45 = "arith.mulf"(%9, %44) <{fastmath = #arith.fastmath<none>}> : (bf16, bf16) -> bf16
  %46 = "arith.addf"(%42, %45) <{fastmath = #arith.fastmath<none>}> : (bf16, bf16) -> bf16
  %47 = "arith.constant"() <{value = 1 : index}> : () -> index
  %48 = "affine.load"(%5, %arg3, %43, %47) <{map = affine_map<(d0, d1, d2) -> (d0, 0, d1, d2)>}> : (memref<16x1x3x3xbf16>, index, index, index) -> bf16
  %49 = "arith.mulf"(%11, %48) <{fastmath = #arith.fastmath<none>}> : (bf16, bf16) -> bf16
  %50 = "arith.addf"(%46, %49) <{fastmath = #arith.fastmath<none>}> : (bf16, bf16) -> bf16
  %51 = "arith.constant"() <{value = 2 : index}> : () -> index
  %52 = "affine.load"(%5, %arg3, %43, %51) <{map = affine_map<(d0, d1, d2) -> (d0, 0, d1, d2)>}> : (memref<16x1x3x3xbf16>, index, index, index) -> bf16
  %53 = "arith.mulf"(%13, %52) <{fastmath = #arith.fastmath<none>}> : (bf16, bf16) -> bf16
  %54 = "arith.addf"(%50, %53) <{fastmath = #arith.fastmath<none>}> : (bf16, bf16) -> bf16
  "affine.store"(%54, %6, %arg3, %arg4, %arg5) <{map = affine_map<(d0, d1, d2) -> (0, d0, d1, d2)>}> : (bf16, memref<1x16x16x16xbf16>, index, index, index) -> ()
  "affine.yield"() : () -> ()
^bb0(%arg5: index):
  %7 = "affine.load"(%3, %arg3, %arg4, %arg5) <{map = affine_map<(d0, d1, d2) -> (0, d0, d1, d2)>}> : (memref<1x16x16x16xbf16>, index, index, index) -> bf16
  %8 = "affine.load"(%4, %arg5, %1) <{map = affine_map<(d0, d1) -> (0, 0, -1, d0 + d1 - 1)>}> : (memref<1x1x16x16xbf16>, index, index) -> bf16
  %9 = "affine.load"(%4, %arg5) <{map = affine_map<(d0) -> (0, 0, -1, d0 - 1)>}> : (memref<1x1x16x16xbf16>, index) -> bf16
  %10 = "affine.load"(%4, %arg5, %18) <{map = affine_map<(d0, d1) -> (0, 0, -1, d0 + d1 - 1)>}> : (memref<1x1x16x16xbf16>, index, index) -> bf16
  %11 = "affine.load"(%4, %arg5) <{map = affine_map<(d0) -> (0, 0, -1, d0)>}> : (memref<1x1x16x16xbf16>, index) -> bf16
  %12 = "affine.load"(%4, %arg5, %23) <{map = affine_map<(d0, d1) -> (0, 0, -1, d0 + d1 - 1)>}> : (memref<1x1x16x16xbf16>, index, index) -> bf16
  %13 = "affine.load"(%4, %arg5) <{map = affine_map<(d0) -> (0, 0, -1, d0 + 1)>}> : (memref<1x1x16x16xbf16>, index) -> bf16
  %14 = "affine.load"(%5, %arg3, %0, %1) <{map = affine_map<(d0, d1, d2) -> (d0, 0, d1, d2)>}> : (memref<16x1x3x3xbf16>, index, index, index) -> bf16
  %15 = "affine.load"(%5, %arg3) <{map = affine_map<(d0) -> (d0, 0, 0, 0)>}> : (memref<16x1x3x3xbf16>, index) -> bf16
  %16 = "arith.mulf"(%9, %15) <{fastmath = #arith.fastmath<none>}> : (bf16, bf16) -> bf16
  %17 = "arith.addf"(%7, %16) <{fastmath = #arith.fastmath<none>}> : (bf16, bf16) -> bf16
  %18 = "arith.constant"() <{value = 1 : index}> : () -> index
  %19 = "affine.load"(%5, %arg3, %0, %18) <{map = affine_map<(d0, d1, d2) -> (d0, 0, d1, d2)>}> : (memref<16x1x3x3xbf16>, index, index, index) -> bf16
  %20 = "affine.load"(%5, %arg3) <{map = affine_map<(d0) -> (d0, 0, 0, 1)>}> : (memref<16x1x3x3xbf16>, index) -> bf16
  %21 = "arith.mulf"(%11, %20) <{fastmath = #arith.fastmath<none>}> : (bf16, bf16) -> bf16
  %22 = "arith.addf"(%17, %21) <{fastmath = #arith.fastmath<none>}> : (bf16, bf16) -> bf16
  %23 = "arith.constant"() <{value = 2 : index}> : () -> index
  %24 = "affine.load"(%5, %arg3, %0, %23) <{map = affine_map<(d0, d1, d2) -> (d0, 0, d1, d2)>}> : (memref<16x1x3x3xbf16>, index, index, index) -> bf16
  %25 = "affine.load"(%5, %arg3) <{map = affine_map<(d0) -> (d0, 0, 0, 2)>}> : (memref<16x1x3x3xbf16>, index) -> bf16
  %26 = "arith.mulf"(%13, %25) <{fastmath = #arith.fastmath<none>}> : (bf16, bf16) -> bf16
  %27 = "arith.addf"(%22, %26) <{fastmath = #arith.fastmath<none>}> : (bf16, bf16) -> bf16
  %28 = "arith.constant"() <{value = 1 : index}> : () -> index
  %29 = "affine.load"(%5, %arg3, %28, %1) <{map = affine_map<(d0, d1, d2) -> (d0, 0, d1, d2)>}> : (memref<16x1x3x3xbf16>, index, index, index) -> bf16
  %30 = "affine.load"(%5, %arg3) <{map = affine_map<(d0) -> (d0, 0, 1, 0)>}> : (memref<16x1x3x3xbf16>, index) -> bf16
  %31 = "arith.mulf"(%9, %30) <{fastmath = #arith.fastmath<none>}> : (bf16, bf16) -> bf16
  %32 = "arith.addf"(%27, %31) <{fastmath = #arith.fastmath<none>}> : (bf16, bf16) -> bf16
  %33 = "arith.constant"() <{value = 1 : index}> : () -> index
  %34 = "affine.load"(%5, %arg3, %28, %33) <{map = affine_map<(d0, d1, d2) -> (d0, 0, d1, d2)>}> : (memref<16x1x3x3xbf16>, index, index, index) -> bf16
  %35 = "affine.load"(%5, %arg3) <{map = affine_map<(d0) -> (d0, 0, 1, 1)>}> : (memref<16x1x3x3xbf16>, index) -> bf16
  %36 = "arith.mulf"(%11, %35) <{fastmath = #arith.fastmath<none>}> : (bf16, bf16) -> bf16
  %37 = "arith.addf"(%32, %36) <{fastmath = #arith.fastmath<none>}> : (bf16, bf16) -> bf16
  %38 = "arith.constant"() <{value = 2 : index}> : () -> index
  %39 = "affine.load"(%5, %arg3, %28, %38) <{map = affine_map<(d0, d1, d2) -> (d0, 0, d1, d2)>}> : (memref<16x1x3x3xbf16>, index, index, index) -> bf16
  %40 = "affine.load"(%5, %arg3) <{map = affine_map<(d0) -> (d0, 0, 1, 2)>}> : (memref<16x1x3x3xbf16>, index) -> bf16
  %41 = "arith.mulf"(%13, %40) <{fastmath = #arith.fastmath<none>}> : (bf16, bf16) -> bf16
  %42 = "arith.addf"(%37, %41) <{fastmath = #arith.fastmath<none>}> : (bf16, bf16) -> bf16
  %43 = "arith.constant"() <{value = 2 : index}> : () -> index
  %44 = "affine.load"(%5, %arg3, %43, %1) <{map = affine_map<(d0, d1, d2) -> (d0, 0, d1, d2)>}> : (memref<16x1x3x3xbf16>, index, index, index) -> bf16
  %45 = "affine.load"(%5, %arg3) <{map = affine_map<(d0) -> (d0, 0, 2, 0)>}> : (memref<16x1x3x3xbf16>, index) -> bf16
  %46 = "arith.mulf"(%9, %45) <{fastmath = #arith.fastmath<none>}> : (bf16, bf16) -> bf16
  %47 = "arith.addf"(%42, %46) <{fastmath = #arith.fastmath<none>}> : (bf16, bf16) -> bf16
  %48 = "arith.constant"() <{value = 1 : index}> : () -> index
  %49 = "affine.load"(%5, %arg3, %43, %48) <{map = affine_map<(d0, d1, d2) -> (d0, 0, d1, d2)>}> : (memref<16x1x3x3xbf16>, index, index, index) -> bf16
  %50 = "arith.mulf"(%11, %49) <{fastmath = #arith.fastmath<none>}> : (bf16, bf16) -> bf16
  %51 = "arith.addf"(%47, %50) <{fastmath = #arith.fastmath<none>}> : (bf16, bf16) -> bf16
  %52 = "arith.constant"() <{value = 2 : index}> : () -> index
  %53 = "affine.load"(%5, %arg3, %43, %52) <{map = affine_map<(d0, d1, d2) -> (d0, 0, d1, d2)>}> : (memref<16x1x3x3xbf16>, index, index, index) -> bf16
  %54 = "arith.mulf"(%13, %53) <{fastmath = #arith.fastmath<none>}> : (bf16, bf16) -> bf16
  %55 = "arith.addf"(%51, %54) <{fastmath = #arith.fastmath<none>}> : (bf16, bf16) -> bf16
  "affine.store"(%55, %6, %arg3, %arg4, %arg5) <{map = affine_map<(d0, d1, d2) -> (0, d0, d1, d2)>}> : (bf16, memref<1x16x16x16xbf16>, index, index, index) -> ()
  "affine.yield"() : () -> ()
^bb0(%arg5: index):
  %7 = "affine.load"(%3, %arg3, %arg4, %arg5) <{map = affine_map<(d0, d1, d2) -> (0, d0, d1, d2)>}> : (memref<1x16x16x16xbf16>, index, index, index) -> bf16
  %8 = "affine.load"(%4, %arg5, %1) <{map = affine_map<(d0, d1) -> (0, 0, -1, d0 + d1 - 1)>}> : (memref<1x1x16x16xbf16>, index, index) -> bf16
  %9 = "affine.load"(%4, %arg5) <{map = affine_map<(d0) -> (0, 0, -1, d0 - 1)>}> : (memref<1x1x16x16xbf16>, index) -> bf16
  %10 = "affine.load"(%4, %arg5, %18) <{map = affine_map<(d0, d1) -> (0, 0, -1, d0 + d1 - 1)>}> : (memref<1x1x16x16xbf16>, index, index) -> bf16
  %11 = "affine.load"(%4, %arg5) <{map = affine_map<(d0) -> (0, 0, -1, d0)>}> : (memref<1x1x16x16xbf16>, index) -> bf16
  %12 = "affine.load"(%4, %arg5, %23) <{map = affine_map<(d0, d1) -> (0, 0, -1, d0 + d1 - 1)>}> : (memref<1x1x16x16xbf16>, index, index) -> bf16
  %13 = "affine.load"(%4, %arg5) <{map = affine_map<(d0) -> (0, 0, -1, d0 + 1)>}> : (memref<1x1x16x16xbf16>, index) -> bf16
  %14 = "affine.load"(%5, %arg3, %0, %1) <{map = affine_map<(d0, d1, d2) -> (d0, 0, d1, d2)>}> : (memref<16x1x3x3xbf16>, index, index, index) -> bf16
  %15 = "affine.load"(%5, %arg3) <{map = affine_map<(d0) -> (d0, 0, 0, 0)>}> : (memref<16x1x3x3xbf16>, index) -> bf16
  %16 = "arith.mulf"(%9, %15) <{fastmath = #arith.fastmath<none>}> : (bf16, bf16) -> bf16
  %17 = "arith.addf"(%7, %16) <{fastmath = #arith.fastmath<none>}> : (bf16, bf16) -> bf16
  %18 = "arith.constant"() <{value = 1 : index}> : () -> index
  %19 = "affine.load"(%5, %arg3, %0, %18) <{map = affine_map<(d0, d1, d2) -> (d0, 0, d1, d2)>}> : (memref<16x1x3x3xbf16>, index, index, index) -> bf16
  %20 = "affine.load"(%5, %arg3) <{map = affine_map<(d0) -> (d0, 0, 0, 1)>}> : (memref<16x1x3x3xbf16>, index) -> bf16
  %21 = "arith.mulf"(%11, %20) <{fastmath = #arith.fastmath<none>}> : (bf16, bf16) -> bf16
  %22 = "arith.addf"(%17, %21) <{fastmath = #arith.fastmath<none>}> : (bf16, bf16) -> bf16
  %23 = "arith.constant"() <{value = 2 : index}> : () -> index
  %24 = "affine.load"(%5, %arg3, %0, %23) <{map = affine_map<(d0, d1, d2) -> (d0, 0, d1, d2)>}> : (memref<16x1x3x3xbf16>, index, index, index) -> bf16
  %25 = "affine.load"(%5, %arg3) <{map = affine_map<(d0) -> (d0, 0, 0, 2)>}> : (memref<16x1x3x3xbf16>, index) -> bf16
  %26 = "arith.mulf"(%13, %25) <{fastmath = #arith.fastmath<none>}> : (bf16, bf16) -> bf16
  %27 = "arith.addf"(%22, %26) <{fastmath = #arith.fastmath<none>}> : (bf16, bf16) -> bf16
  %28 = "arith.constant"() <{value = 1 : index}> : () -> index
  %29 = "affine.load"(%5, %arg3, %28, %1) <{map = affine_map<(d0, d1, d2) -> (d0, 0, d1, d2)>}> : (memref<16x1x3x3xbf16>, index, index, index) -> bf16
  %30 = "affine.load"(%5, %arg3) <{map = affine_map<(d0) -> (d0, 0, 1, 0)>}> : (memref<16x1x3x3xbf16>, index) -> bf16
  %31 = "arith.mulf"(%9, %30) <{fastmath = #arith.fastmath<none>}> : (bf16, bf16) -> bf16
  %32 = "arith.addf"(%27, %31) <{fastmath = #arith.fastmath<none>}> : (bf16, bf16) -> bf16
  %33 = "arith.constant"() <{value = 1 : index}> : () -> index
  %34 = "affine.load"(%5, %arg3, %28, %33) <{map = affine_map<(d0, d1, d2) -> (d0, 0, d1, d2)>}> : (memref<16x1x3x3xbf16>, index, index, index) -> bf16
  %35 = "affine.load"(%5, %arg3) <{map = affine_map<(d0) -> (d0, 0, 1, 1)>}> : (memref<16x1x3x3xbf16>, index) -> bf16
  %36 = "arith.mulf"(%11, %35) <{fastmath = #arith.fastmath<none>}> : (bf16, bf16) -> bf16
  %37 = "arith.addf"(%32, %36) <{fastmath = #arith.fastmath<none>}> : (bf16, bf16) -> bf16
  %38 = "arith.constant"() <{value = 2 : index}> : () -> index
  %39 = "affine.load"(%5, %arg3, %28, %38) <{map = affine_map<(d0, d1, d2) -> (d0, 0, d1, d2)>}> : (memref<16x1x3x3xbf16>, index, index, index) -> bf16
  %40 = "affine.load"(%5, %arg3) <{map = affine_map<(d0) -> (d0, 0, 1, 2)>}> : (memref<16x1x3x3xbf16>, index) -> bf16
  %41 = "arith.mulf"(%13, %40) <{fastmath = #arith.fastmath<none>}> : (bf16, bf16) -> bf16
  %42 = "arith.addf"(%37, %41) <{fastmath = #arith.fastmath<none>}> : (bf16, bf16) -> bf16
  %43 = "arith.constant"() <{value = 2 : index}> : () -> index
  %44 = "affine.load"(%5, %arg3, %43, %1) <{map = affine_map<(d0, d1, d2) -> (d0, 0, d1, d2)>}> : (memref<16x1x3x3xbf16>, index, index, index) -> bf16
  %45 = "affine.load"(%5, %arg3) <{map = affine_map<(d0) -> (d0, 0, 2, 0)>}> : (memref<16x1x3x3xbf16>, index) -> bf16
  %46 = "arith.mulf"(%9, %45) <{fastmath = #arith.fastmath<none>}> : (bf16, bf16) -> bf16
  %47 = "arith.addf"(%42, %46) <{fastmath = #arith.fastmath<none>}> : (bf16, bf16) -> bf16
  %48 = "arith.constant"() <{value = 1 : index}> : () -> index
  %49 = "affine.load"(%5, %arg3, %43, %48) <{map = affine_map<(d0, d1, d2) -> (d0, 0, d1, d2)>}> : (memref<16x1x3x3xbf16>, index, index, index) -> bf16
  %50 = "affine.load"(%5, %arg3) <{map = affine_map<(d0) -> (d0, 0, 2, 1)>}> : (memref<16x1x3x3xbf16>, index) -> bf16
  %51 = "arith.mulf"(%11, %50) <{fastmath = #arith.fastmath<none>}> : (bf16, bf16) -> bf16
  %52 = "arith.addf"(%47, %51) <{fastmath = #arith.fastmath<none>}> : (bf16, bf16) -> bf16
  %53 = "arith.constant"() <{value = 2 : index}> : () -> index
  %54 = "affine.load"(%5, %arg3, %43, %53) <{map = affine_map<(d0, d1, d2) -> (d0, 0, d1, d2)>}> : (memref<16x1x3x3xbf16>, index, index, index) -> bf16
  %55 = "arith.mulf"(%13, %54) <{fastmath = #arith.fastmath<none>}> : (bf16, bf16) -> bf16
  %56 = "arith.addf"(%52, %55) <{fastmath = #arith.fastmath<none>}> : (bf16, bf16) -> bf16
  "affine.store"(%56, %6, %arg3, %arg4, %arg5) <{map = affine_map<(d0, d1, d2) -> (0, d0, d1, d2)>}> : (bf16, memref<1x16x16x16xbf16>, index, index, index) -> ()
  "affine.yield"() : () -> ()
"affine.store"(%57, %6, %arg3, %arg4, %arg5) <{map = affine_map<(d0, d1, d2) -> (0, d0, d1, d2)>}> : (bf16, memref<1x16x16x16xbf16>, index, index, index) -> ()
^bb0(%arg5: index):
  %7 = "affine.load"(%3, %arg3, %arg4, %arg5) <{map = affine_map<(d0, d1, d2) -> (0, d0, d1, d2)>}> : (memref<1x16x16x16xbf16>, index, index, index) -> bf16
  %8 = "affine.load"(%4, %arg5, %1) <{map = affine_map<(d0, d1) -> (0, 0, -1, d0 + d1 - 1)>}> : (memref<1x1x16x16xbf16>, index, index) -> bf16
  %9 = "affine.load"(%4, %arg5) <{map = affine_map<(d0) -> (0, 0, -1, d0 - 1)>}> : (memref<1x1x16x16xbf16>, index) -> bf16
  %10 = "affine.load"(%4, %arg5, %18) <{map = affine_map<(d0, d1) -> (0, 0, -1, d0 + d1 - 1)>}> : (memref<1x1x16x16xbf16>, index, index) -> bf16
  %11 = "affine.load"(%4, %arg5) <{map = affine_map<(d0) -> (0, 0, -1, d0)>}> : (memref<1x1x16x16xbf16>, index) -> bf16
  %12 = "affine.load"(%4, %arg5, %23) <{map = affine_map<(d0, d1) -> (0, 0, -1, d0 + d1 - 1)>}> : (memref<1x1x16x16xbf16>, index, index) -> bf16
  %13 = "affine.load"(%4, %arg5) <{map = affine_map<(d0) -> (0, 0, -1, d0 + 1)>}> : (memref<1x1x16x16xbf16>, index) -> bf16
  %14 = "affine.load"(%5, %arg3, %0, %1) <{map = affine_map<(d0, d1, d2) -> (d0, 0, d1, d2)>}> : (memref<16x1x3x3xbf16>, index, index, index) -> bf16
  %15 = "affine.load"(%5, %arg3) <{map = affine_map<(d0) -> (d0, 0, 0, 0)>}> : (memref<16x1x3x3xbf16>, index) -> bf16
  %16 = "arith.mulf"(%9, %15) <{fastmath = #arith.fastmath<none>}> : (bf16, bf16) -> bf16
  %17 = "arith.addf"(%7, %16) <{fastmath = #arith.fastmath<none>}> : (bf16, bf16) -> bf16
  %18 = "arith.constant"() <{value = 1 : index}> : () -> index
  %19 = "affine.load"(%5, %arg3, %0, %18) <{map = affine_map<(d0, d1, d2) -> (d0, 0, d1, d2)>}> : (memref<16x1x3x3xbf16>, index, index, index) -> bf16
  %20 = "affine.load"(%5, %arg3) <{map = affine_map<(d0) -> (d0, 0, 0, 1)>}> : (memref<16x1x3x3xbf16>, index) -> bf16
  %21 = "arith.mulf"(%11, %20) <{fastmath = #arith.fastmath<none>}> : (bf16, bf16) -> bf16
  %22 = "arith.addf"(%17, %21) <{fastmath = #arith.fastmath<none>}> : (bf16, bf16) -> bf16
  %23 = "arith.constant"() <{value = 2 : index}> : () -> index
  %24 = "affine.load"(%5, %arg3, %0, %23) <{map = affine_map<(d0, d1, d2) -> (d0, 0, d1, d2)>}> : (memref<16x1x3x3xbf16>, index, index, index) -> bf16
  %25 = "affine.load"(%5, %arg3) <{map = affine_map<(d0) -> (d0, 0, 0, 2)>}> : (memref<16x1x3x3xbf16>, index) -> bf16
  %26 = "arith.mulf"(%13, %25) <{fastmath = #arith.fastmath<none>}> : (bf16, bf16) -> bf16
  %27 = "arith.addf"(%22, %26) <{fastmath = #arith.fastmath<none>}> : (bf16, bf16) -> bf16
  %28 = "arith.constant"() <{value = 1 : index}> : () -> index
  %29 = "affine.load"(%5, %arg3, %28, %1) <{map = affine_map<(d0, d1, d2) -> (d0, 0, d1, d2)>}> : (memref<16x1x3x3xbf16>, index, index, index) -> bf16
  %30 = "affine.load"(%5, %arg3) <{map = affine_map<(d0) -> (d0, 0, 1, 0)>}> : (memref<16x1x3x3xbf16>, index) -> bf16
  %31 = "arith.mulf"(%9, %30) <{fastmath = #arith.fastmath<none>}> : (bf16, bf16) -> bf16
  %32 = "arith.addf"(%27, %31) <{fastmath = #arith.fastmath<none>}> : (bf16, bf16) -> bf16
  %33 = "arith.constant"() <{value = 1 : index}> : () -> index
  %34 = "affine.load"(%5, %arg3, %28, %33) <{map = affine_map<(d0, d1, d2) -> (d0, 0, d1, d2)>}> : (memref<16x1x3x3xbf16>, index, index, index) -> bf16
  %35 = "affine.load"(%5, %arg3) <{map = affine_map<(d0) -> (d0, 0, 1, 1)>}> : (memref<16x1x3x3xbf16>, index) -> bf16
  %36 = "arith.mulf"(%11, %35) <{fastmath = #arith.fastmath<none>}> : (bf16, bf16) -> bf16
  %37 = "arith.addf"(%32, %36) <{fastmath = #arith.fastmath<none>}> : (bf16, bf16) -> bf16
  %38 = "arith.constant"() <{value = 2 : index}> : () -> index
  %39 = "affine.load"(%5, %arg3, %28, %38) <{map = affine_map<(d0, d1, d2) -> (d0, 0, d1, d2)>}> : (memref<16x1x3x3xbf16>, index, index, index) -> bf16
  %40 = "affine.load"(%5, %arg3) <{map = affine_map<(d0) -> (d0, 0, 1, 2)>}> : (memref<16x1x3x3xbf16>, index) -> bf16
  %41 = "arith.mulf"(%13, %40) <{fastmath = #arith.fastmath<none>}> : (bf16, bf16) -> bf16
  %42 = "arith.addf"(%37, %41) <{fastmath = #arith.fastmath<none>}> : (bf16, bf16) -> bf16
  %43 = "arith.constant"() <{value = 2 : index}> : () -> index
  %44 = "affine.load"(%5, %arg3, %43, %1) <{map = affine_map<(d0, d1, d2) -> (d0, 0, d1, d2)>}> : (memref<16x1x3x3xbf16>, index, index, index) -> bf16
  %45 = "affine.load"(%5, %arg3) <{map = affine_map<(d0) -> (d0, 0, 2, 0)>}> : (memref<16x1x3x3xbf16>, index) -> bf16
  %46 = "arith.mulf"(%9, %45) <{fastmath = #arith.fastmath<none>}> : (bf16, bf16) -> bf16
  %47 = "arith.addf"(%42, %46) <{fastmath = #arith.fastmath<none>}> : (bf16, bf16) -> bf16
  %48 = "arith.constant"() <{value = 1 : index}> : () -> index
  %49 = "affine.load"(%5, %arg3, %43, %48) <{map = affine_map<(d0, d1, d2) -> (d0, 0, d1, d2)>}> : (memref<16x1x3x3xbf16>, index, index, index) -> bf16
  %50 = "affine.load"(%5, %arg3) <{map = affine_map<(d0) -> (d0, 0, 2, 1)>}> : (memref<16x1x3x3xbf16>, index) -> bf16
  %51 = "arith.mulf"(%11, %50) <{fastmath = #arith.fastmath<none>}> : (bf16, bf16) -> bf16
  %52 = "arith.addf"(%47, %51) <{fastmath = #arith.fastmath<none>}> : (bf16, bf16) -> bf16
  %53 = "arith.constant"() <{value = 2 : index}> : () -> index
  %54 = "affine.load"(%5, %arg3, %43, %53) <{map = affine_map<(d0, d1, d2) -> (d0, 0, d1, d2)>}> : (memref<16x1x3x3xbf16>, index, index, index) -> bf16
  %55 = "affine.load"(%5, %arg3) <{map = affine_map<(d0) -> (d0, 0, 2, 2)>}> : (memref<16x1x3x3xbf16>, index) -> bf16
  %56 = "arith.mulf"(%13, %55) <{fastmath = #arith.fastmath<none>}> : (bf16, bf16) -> bf16
  %57 = "arith.addf"(%52, %56) <{fastmath = #arith.fastmath<none>}> : (bf16, bf16) -> bf16
  "affine.store"(%57, %6, %arg3, %arg4, %arg5) <{map = affine_map<(d0, d1, d2) -> (0, d0, d1, d2)>}> : (bf16, memref<1x16x16x16xbf16>, index, index, index) -> ()
  "affine.yield"() : () -> ()
module {
  func.func @main_graph(%arg0: memref<1x1x16x16xbf16>, %arg1: memref<16x1x3x3xbf16>, %arg2: memref<16xbf16>) -> memref<1x16x16x16xbf16> attributes {llvm.emit_c_interface, onnxEntryPoint} {
    %0 = call @Conv_0(%arg0, %arg1, %arg2) : (memref<1x1x16x16xbf16>, memref<16x1x3x3xbf16>, memref<16xbf16>) -> memref<1x16x16x16xbf16>
    return %0 : memref<1x16x16x16xbf16>
  }
  func.func @Conv_0(%arg0: memref<1x1x16x16xbf16>, %arg1: memref<16x1x3x3xbf16>, %arg2: memref<16xbf16>) -> memref<1x16x16x16xbf16> attributes {adora_kernel, llvm.emit_c_interface} {
    %c0 = arith.constant 0 : index
    %c0_0 = arith.constant 0 : index
    %alloc = memref.alloc() : memref<1x16x16x16xbf16>
    %0 = ADORA.BlockLoad %alloc [0, 0, 0, 0] : memref<1x16x16x16xbf16> -> memref<1x16x16x16xbf16>  {Id = "0", KernelName = "Conv_0"}
    %1 = ADORA.BlockLoad %arg0 [0, 0, 0, 0] : memref<1x1x16x16xbf16> -> memref<1x1x16x16xbf16>  {Id = "1", KernelName = "Conv_0"}
    %2 = ADORA.BlockLoad %arg1 [0, 0, 0, 0] : memref<16x1x3x3xbf16> -> memref<16x1x3x3xbf16>  {Id = "2", KernelName = "Conv_0"}
    %3 = ADORA.LocalMemAlloc memref<1x16x16x16xbf16>  {Id = "3", KernelName = "Conv_0"}
    ADORA.kernel {
      affine.for %arg3 = 0 to 16 {
        affine.for %arg4 = 0 to 16 {
          affine.for %arg5 = 0 to 16 {
            %4 = affine.load %0[0, %arg3, %arg4, %arg5] : memref<1x16x16x16xbf16>
            %5 = affine.load %1[0, 0, -1, %arg5 - 1] : memref<1x1x16x16xbf16>
            %6 = affine.load %1[0, 0, -1, %arg5] : memref<1x1x16x16xbf16>
            %7 = affine.load %1[0, 0, -1, %arg5 + 1] : memref<1x1x16x16xbf16>
            %8 = affine.load %2[%arg3, 0, 0, 0] : memref<16x1x3x3xbf16>
            %9 = arith.mulf %5, %8 : bf16
            %10 = arith.addf %4, %9 : bf16
            %c1 = arith.constant 1 : index
            %11 = affine.load %2[%arg3, 0, 0, 1] : memref<16x1x3x3xbf16>
            %12 = arith.mulf %6, %11 : bf16
            %13 = arith.addf %10, %12 : bf16
            %c2 = arith.constant 2 : index
            %14 = affine.load %2[%arg3, 0, 0, 2] : memref<16x1x3x3xbf16>
            %15 = arith.mulf %7, %14 : bf16
            %16 = arith.addf %13, %15 : bf16
            %c1_1 = arith.constant 1 : index
            %17 = affine.load %2[%arg3, 0, 1, 0] : memref<16x1x3x3xbf16>
            %18 = arith.mulf %5, %17 : bf16
            %19 = arith.addf %16, %18 : bf16
            %c1_2 = arith.constant 1 : index
            %20 = affine.load %2[%arg3, 0, 1, 1] : memref<16x1x3x3xbf16>
            %21 = arith.mulf %6, %20 : bf16
            %22 = arith.addf %19, %21 : bf16
            %c2_3 = arith.constant 2 : index
            %23 = affine.load %2[%arg3, 0, 1, 2] : memref<16x1x3x3xbf16>
            %24 = arith.mulf %7, %23 : bf16
            %25 = arith.addf %22, %24 : bf16
            %c2_4 = arith.constant 2 : index
            %26 = affine.load %2[%arg3, 0, 2, 0] : memref<16x1x3x3xbf16>
            %27 = arith.mulf %5, %26 : bf16
            %28 = arith.addf %25, %27 : bf16
            %c1_5 = arith.constant 1 : index
            %29 = affine.load %2[%arg3, 0, 2, 1] : memref<16x1x3x3xbf16>
            %30 = arith.mulf %6, %29 : bf16
            %31 = arith.addf %28, %30 : bf16
            %c2_6 = arith.constant 2 : index
            %32 = affine.load %2[%arg3, 0, 2, 2] : memref<16x1x3x3xbf16>
            %33 = arith.mulf %7, %32 : bf16
            %34 = arith.addf %31, %33 : bf16
            affine.store %34, %3[0, %arg3, %arg4, %arg5] : memref<1x16x16x16xbf16>
          }
        }
      }
      ADORA.terminator
    } {KernelName = "Conv_0"}
    ADORA.BlockStore %3, %alloc [0, 0, 0, 0] : memref<1x16x16x16xbf16> -> memref<1x16x16x16xbf16>  {Id = "3", KernelName = "Conv_0"}
    return %alloc : memref<1x16x16x16xbf16>
  }
}
Environment variable " GENERAL_OP_NAME_ENV " is not set.
Using " GENERAL_OP_NAME_ENV " = "/home/jhlou/CGRVOPT/cgra-opt/lib/DFG/Documents/GeneralOpName.txt"
affine.for %arg5 = 0 to 16 {
  %4 = affine.load %0[0, %arg3, %arg4, %arg5] : memref<1x16x16x16xbf16>
  %5 = affine.load %1[0, 0, -1, %arg5 - 1] : memref<1x1x16x16xbf16>
  %6 = affine.load %1[0, 0, -1, %arg5] : memref<1x1x16x16xbf16>
  %7 = affine.load %1[0, 0, -1, %arg5 + 1] : memref<1x1x16x16xbf16>
  %8 = affine.load %2[%arg3, 0, 0, 0] : memref<16x1x3x3xbf16>
  %9 = arith.mulf %5, %8 : bf16
  %10 = arith.addf %4, %9 : bf16
  %c1 = arith.constant 1 : index
  %11 = affine.load %2[%arg3, 0, 0, 1] : memref<16x1x3x3xbf16>
  %12 = arith.mulf %6, %11 : bf16
  %13 = arith.addf %10, %12 : bf16
  %c2 = arith.constant 2 : index
  %14 = affine.load %2[%arg3, 0, 0, 2] : memref<16x1x3x3xbf16>
  %15 = arith.mulf %7, %14 : bf16
  %16 = arith.addf %13, %15 : bf16
  %c1_1 = arith.constant 1 : index
  %17 = affine.load %2[%arg3, 0, 1, 0] : memref<16x1x3x3xbf16>
  %18 = arith.mulf %5, %17 : bf16
  %19 = arith.addf %16, %18 : bf16
  %c1_2 = arith.constant 1 : index
  %20 = affine.load %2[%arg3, 0, 1, 1] : memref<16x1x3x3xbf16>
  %21 = arith.mulf %6, %20 : bf16
  %22 = arith.addf %19, %21 : bf16
  %c2_3 = arith.constant 2 : index
  %23 = affine.load %2[%arg3, 0, 1, 2] : memref<16x1x3x3xbf16>
  %24 = arith.mulf %7, %23 : bf16
  %25 = arith.addf %22, %24 : bf16
  %c2_4 = arith.constant 2 : index
  %26 = affine.load %2[%arg3, 0, 2, 0] : memref<16x1x3x3xbf16>
  %27 = arith.mulf %5, %26 : bf16
  %28 = arith.addf %25, %27 : bf16
  %c1_5 = arith.constant 1 : index
  %29 = affine.load %2[%arg3, 0, 2, 1] : memref<16x1x3x3xbf16>
  %30 = arith.mulf %6, %29 : bf16
  %31 = arith.addf %28, %30 : bf16
  %c2_6 = arith.constant 2 : index
  %32 = affine.load %2[%arg3, 0, 2, 2] : memref<16x1x3x3xbf16>
  %33 = arith.mulf %7, %32 : bf16
  %34 = arith.addf %31, %33 : bf16
  affine.store %34, %3[0, %arg3, %arg4, %arg5] : memref<1x16x16x16xbf16>
}
affine.for %arg5 = 0 to 16 {
  %4 = affine.load %0[0, %arg3, %arg4, %arg5] : memref<1x16x16x16xbf16>
  %5 = affine.load %1[0, 0, -1, %arg5 - 1] : memref<1x1x16x16xbf16>
  %6 = affine.load %1[0, 0, -1, %arg5] : memref<1x1x16x16xbf16>
  %7 = affine.load %1[0, 0, -1, %arg5 + 1] : memref<1x1x16x16xbf16>
  %8 = affine.load %2[%arg3, 0, 0, 0] : memref<16x1x3x3xbf16>
  %9 = arith.mulf %5, %8 : bf16
  %10 = arith.addf %4, %9 : bf16
  %c1 = arith.constant 1 : index
  %11 = affine.load %2[%arg3, 0, 0, 1] : memref<16x1x3x3xbf16>
  %12 = arith.mulf %6, %11 : bf16
  %13 = arith.addf %10, %12 : bf16
  %c2 = arith.constant 2 : index
  %14 = affine.load %2[%arg3, 0, 0, 2] : memref<16x1x3x3xbf16>
  %15 = arith.mulf %7, %14 : bf16
  %16 = arith.addf %13, %15 : bf16
  %c1_1 = arith.constant 1 : index
  %17 = affine.load %2[%arg3, 0, 1, 0] : memref<16x1x3x3xbf16>
  %18 = arith.mulf %5, %17 : bf16
  %19 = arith.addf %16, %18 : bf16
  %c1_2 = arith.constant 1 : index
  %20 = affine.load %2[%arg3, 0, 1, 1] : memref<16x1x3x3xbf16>
  %21 = arith.mulf %6, %20 : bf16
  %22 = arith.addf %19, %21 : bf16
  %c2_3 = arith.constant 2 : index
  %23 = affine.load %2[%arg3, 0, 1, 2] : memref<16x1x3x3xbf16>
  %24 = arith.mulf %7, %23 : bf16
  %25 = arith.addf %22, %24 : bf16
  %c2_4 = arith.constant 2 : index
  %26 = affine.load %2[%arg3, 0, 2, 0] : memref<16x1x3x3xbf16>
  %27 = arith.mulf %5, %26 : bf16
  %28 = arith.addf %25, %27 : bf16
  %c1_5 = arith.constant 1 : index
  %29 = affine.load %2[%arg3, 0, 2, 1] : memref<16x1x3x3xbf16>
  %30 = arith.mulf %6, %29 : bf16
  %31 = arith.addf %28, %30 : bf16
  %c2_6 = arith.constant 2 : index
  %32 = affine.load %2[%arg3, 0, 2, 2] : memref<16x1x3x3xbf16>
  %33 = arith.mulf %7, %32 : bf16
  %34 = arith.addf %31, %33 : bf16
  affine.store %34, %3[0, %arg3, %arg4, %arg5] : memref<1x16x16x16xbf16>
}
affine.for %arg4 = 0 to 16 {
  affine.for %arg5 = 0 to 16 {
    %4 = affine.load %0[0, %arg3, %arg4, %arg5] : memref<1x16x16x16xbf16>
    %5 = affine.load %1[0, 0, -1, %arg5 - 1] : memref<1x1x16x16xbf16>
    %6 = affine.load %1[0, 0, -1, %arg5] : memref<1x1x16x16xbf16>
    %7 = affine.load %1[0, 0, -1, %arg5 + 1] : memref<1x1x16x16xbf16>
    %8 = affine.load %2[%arg3, 0, 0, 0] : memref<16x1x3x3xbf16>
    %9 = arith.mulf %5, %8 : bf16
    %10 = arith.addf %4, %9 : bf16
    %c1 = arith.constant 1 : index
    %11 = affine.load %2[%arg3, 0, 0, 1] : memref<16x1x3x3xbf16>
    %12 = arith.mulf %6, %11 : bf16
    %13 = arith.addf %10, %12 : bf16
    %c2 = arith.constant 2 : index
    %14 = affine.load %2[%arg3, 0, 0, 2] : memref<16x1x3x3xbf16>
    %15 = arith.mulf %7, %14 : bf16
    %16 = arith.addf %13, %15 : bf16
    %c1_1 = arith.constant 1 : index
    %17 = affine.load %2[%arg3, 0, 1, 0] : memref<16x1x3x3xbf16>
    %18 = arith.mulf %5, %17 : bf16
    %19 = arith.addf %16, %18 : bf16
    %c1_2 = arith.constant 1 : index
    %20 = affine.load %2[%arg3, 0, 1, 1] : memref<16x1x3x3xbf16>
    %21 = arith.mulf %6, %20 : bf16
    %22 = arith.addf %19, %21 : bf16
    %c2_3 = arith.constant 2 : index
    %23 = affine.load %2[%arg3, 0, 1, 2] : memref<16x1x3x3xbf16>
    %24 = arith.mulf %7, %23 : bf16
    %25 = arith.addf %22, %24 : bf16
    %c2_4 = arith.constant 2 : index
    %26 = affine.load %2[%arg3, 0, 2, 0] : memref<16x1x3x3xbf16>
    %27 = arith.mulf %5, %26 : bf16
    %28 = arith.addf %25, %27 : bf16
    %c1_5 = arith.constant 1 : index
    %29 = affine.load %2[%arg3, 0, 2, 1] : memref<16x1x3x3xbf16>
    %30 = arith.mulf %6, %29 : bf16
    %31 = arith.addf %28, %30 : bf16
    %c2_6 = arith.constant 2 : index
    %32 = affine.load %2[%arg3, 0, 2, 2] : memref<16x1x3x3xbf16>
    %33 = arith.mulf %7, %32 : bf16
    %34 = arith.addf %31, %33 : bf16
    affine.store %34, %3[0, %arg3, %arg4, %arg5] : memref<1x16x16x16xbf16>
  }
}
affine.for %arg5 = 0 to 16 {
  %4 = affine.load %0[0, %arg3, %arg4, %arg5] : memref<1x16x16x16xbf16>
  %5 = affine.load %1[0, 0, -1, %arg5 - 1] : memref<1x1x16x16xbf16>
  %6 = affine.load %1[0, 0, -1, %arg5] : memref<1x1x16x16xbf16>
  %7 = affine.load %1[0, 0, -1, %arg5 + 1] : memref<1x1x16x16xbf16>
  %8 = affine.load %2[%arg3, 0, 0, 0] : memref<16x1x3x3xbf16>
  %9 = arith.mulf %5, %8 : bf16
  %10 = arith.addf %4, %9 : bf16
  %c1 = arith.constant 1 : index
  %11 = affine.load %2[%arg3, 0, 0, 1] : memref<16x1x3x3xbf16>
  %12 = arith.mulf %6, %11 : bf16
  %13 = arith.addf %10, %12 : bf16
  %c2 = arith.constant 2 : index
  %14 = affine.load %2[%arg3, 0, 0, 2] : memref<16x1x3x3xbf16>
  %15 = arith.mulf %7, %14 : bf16
  %16 = arith.addf %13, %15 : bf16
  %c1_1 = arith.constant 1 : index
  %17 = affine.load %2[%arg3, 0, 1, 0] : memref<16x1x3x3xbf16>
  %18 = arith.mulf %5, %17 : bf16
  %19 = arith.addf %16, %18 : bf16
  %c1_2 = arith.constant 1 : index
  %20 = affine.load %2[%arg3, 0, 1, 1] : memref<16x1x3x3xbf16>
  %21 = arith.mulf %6, %20 : bf16
  %22 = arith.addf %19, %21 : bf16
  %c2_3 = arith.constant 2 : index
  %23 = affine.load %2[%arg3, 0, 1, 2] : memref<16x1x3x3xbf16>
  %24 = arith.mulf %7, %23 : bf16
  %25 = arith.addf %22, %24 : bf16
  %c2_4 = arith.constant 2 : index
  %26 = affine.load %2[%arg3, 0, 2, 0] : memref<16x1x3x3xbf16>
  %27 = arith.mulf %5, %26 : bf16
  %28 = arith.addf %25, %27 : bf16
  %c1_5 = arith.constant 1 : index
  %29 = affine.load %2[%arg3, 0, 2, 1] : memref<16x1x3x3xbf16>
  %30 = arith.mulf %6, %29 : bf16
  %31 = arith.addf %28, %30 : bf16
  %c2_6 = arith.constant 2 : index
  %32 = affine.load %2[%arg3, 0, 2, 2] : memref<16x1x3x3xbf16>
  %33 = arith.mulf %7, %32 : bf16
  %34 = arith.addf %31, %33 : bf16
  affine.store %34, %3[0, %arg3, %arg4, %arg5] : memref<1x16x16x16xbf16>
}
affine.for %arg4 = 0 to 16 {
  affine.for %arg5 = 0 to 16 {
    %4 = affine.load %0[0, %arg3, %arg4, %arg5] : memref<1x16x16x16xbf16>
    %5 = affine.load %1[0, 0, -1, %arg5 - 1] : memref<1x1x16x16xbf16>
    %6 = affine.load %1[0, 0, -1, %arg5] : memref<1x1x16x16xbf16>
    %7 = affine.load %1[0, 0, -1, %arg5 + 1] : memref<1x1x16x16xbf16>
    %8 = affine.load %2[%arg3, 0, 0, 0] : memref<16x1x3x3xbf16>
    %9 = arith.mulf %5, %8 : bf16
    %10 = arith.addf %4, %9 : bf16
    %c1 = arith.constant 1 : index
    %11 = affine.load %2[%arg3, 0, 0, 1] : memref<16x1x3x3xbf16>
    %12 = arith.mulf %6, %11 : bf16
    %13 = arith.addf %10, %12 : bf16
    %c2 = arith.constant 2 : index
    %14 = affine.load %2[%arg3, 0, 0, 2] : memref<16x1x3x3xbf16>
    %15 = arith.mulf %7, %14 : bf16
    %16 = arith.addf %13, %15 : bf16
    %c1_1 = arith.constant 1 : index
    %17 = affine.load %2[%arg3, 0, 1, 0] : memref<16x1x3x3xbf16>
    %18 = arith.mulf %5, %17 : bf16
    %19 = arith.addf %16, %18 : bf16
    %c1_2 = arith.constant 1 : index
    %20 = affine.load %2[%arg3, 0, 1, 1] : memref<16x1x3x3xbf16>
    %21 = arith.mulf %6, %20 : bf16
    %22 = arith.addf %19, %21 : bf16
    %c2_3 = arith.constant 2 : index
    %23 = affine.load %2[%arg3, 0, 1, 2] : memref<16x1x3x3xbf16>
    %24 = arith.mulf %7, %23 : bf16
    %25 = arith.addf %22, %24 : bf16
    %c2_4 = arith.constant 2 : index
    %26 = affine.load %2[%arg3, 0, 2, 0] : memref<16x1x3x3xbf16>
    %27 = arith.mulf %5, %26 : bf16
    %28 = arith.addf %25, %27 : bf16
    %c1_5 = arith.constant 1 : index
    %29 = affine.load %2[%arg3, 0, 2, 1] : memref<16x1x3x3xbf16>
    %30 = arith.mulf %6, %29 : bf16
    %31 = arith.addf %28, %30 : bf16
    %c2_6 = arith.constant 2 : index
    %32 = affine.load %2[%arg3, 0, 2, 2] : memref<16x1x3x3xbf16>
    %33 = arith.mulf %7, %32 : bf16
    %34 = arith.addf %31, %33 : bf16
    affine.store %34, %3[0, %arg3, %arg4, %arg5] : memref<1x16x16x16xbf16>
  }
}
affine.for %arg3 = 0 to 16 {
  affine.for %arg4 = 0 to 16 {
    affine.for %arg5 = 0 to 16 {
      %4 = affine.load %0[0, %arg3, %arg4, %arg5] : memref<1x16x16x16xbf16>
      %5 = affine.load %1[0, 0, -1, %arg5 - 1] : memref<1x1x16x16xbf16>
      %6 = affine.load %1[0, 0, -1, %arg5] : memref<1x1x16x16xbf16>
      %7 = affine.load %1[0, 0, -1, %arg5 + 1] : memref<1x1x16x16xbf16>
      %8 = affine.load %2[%arg3, 0, 0, 0] : memref<16x1x3x3xbf16>
      %9 = arith.mulf %5, %8 : bf16
      %10 = arith.addf %4, %9 : bf16
      %c1 = arith.constant 1 : index
      %11 = affine.load %2[%arg3, 0, 0, 1] : memref<16x1x3x3xbf16>
      %12 = arith.mulf %6, %11 : bf16
      %13 = arith.addf %10, %12 : bf16
      %c2 = arith.constant 2 : index
      %14 = affine.load %2[%arg3, 0, 0, 2] : memref<16x1x3x3xbf16>
      %15 = arith.mulf %7, %14 : bf16
      %16 = arith.addf %13, %15 : bf16
      %c1_1 = arith.constant 1 : index
      %17 = affine.load %2[%arg3, 0, 1, 0] : memref<16x1x3x3xbf16>
      %18 = arith.mulf %5, %17 : bf16
      %19 = arith.addf %16, %18 : bf16
      %c1_2 = arith.constant 1 : index
      %20 = affine.load %2[%arg3, 0, 1, 1] : memref<16x1x3x3xbf16>
      %21 = arith.mulf %6, %20 : bf16
      %22 = arith.addf %19, %21 : bf16
      %c2_3 = arith.constant 2 : index
      %23 = affine.load %2[%arg3, 0, 1, 2] : memref<16x1x3x3xbf16>
      %24 = arith.mulf %7, %23 : bf16
      %25 = arith.addf %22, %24 : bf16
      %c2_4 = arith.constant 2 : index
      %26 = affine.load %2[%arg3, 0, 2, 0] : memref<16x1x3x3xbf16>
      %27 = arith.mulf %5, %26 : bf16
      %28 = arith.addf %25, %27 : bf16
      %c1_5 = arith.constant 1 : index
      %29 = affine.load %2[%arg3, 0, 2, 1] : memref<16x1x3x3xbf16>
      %30 = arith.mulf %6, %29 : bf16
      %31 = arith.addf %28, %30 : bf16
      %c2_6 = arith.constant 2 : index
      %32 = affine.load %2[%arg3, 0, 2, 2] : memref<16x1x3x3xbf16>
      %33 = arith.mulf %7, %32 : bf16
      %34 = arith.addf %31, %33 : bf16
      affine.store %34, %3[0, %arg3, %arg4, %arg5] : memref<1x16x16x16xbf16>
    }
  }
}
[ADDNodes!] %4 = affine.load %0[0, %arg3, %arg4, %arg5] : memref<1x16x16x16xbf16>
[ADDNodes!] %5 = affine.load %1[0, 0, -1, %arg5 - 1] : memref<1x1x16x16xbf16>
[ADDNodes!] %6 = affine.load %1[0, 0, -1, %arg5] : memref<1x1x16x16xbf16>
[ADDNodes!] %7 = affine.load %1[0, 0, -1, %arg5 + 1] : memref<1x1x16x16xbf16>
[ADDNodes!] %8 = affine.load %2[%arg3, 0, 0, 0] : memref<16x1x3x3xbf16>
[ADDNodes!] %9 = arith.mulf %5, %8 : bf16
[ADDNodes!] %10 = arith.addf %4, %9 : bf16
[ADDNodes!] %c1 = arith.constant 1 : index
[ADDNodes!] %11 = affine.load %2[%arg3, 0, 0, 1] : memref<16x1x3x3xbf16>
[ADDNodes!] %12 = arith.mulf %6, %11 : bf16
[ADDNodes!] %13 = arith.addf %10, %12 : bf16
[ADDNodes!] %c2 = arith.constant 2 : index
[ADDNodes!] %14 = affine.load %2[%arg3, 0, 0, 2] : memref<16x1x3x3xbf16>
[ADDNodes!] %15 = arith.mulf %7, %14 : bf16
[ADDNodes!] %16 = arith.addf %13, %15 : bf16
[ADDNodes!] %c1_1 = arith.constant 1 : index
[ADDNodes!] %17 = affine.load %2[%arg3, 0, 1, 0] : memref<16x1x3x3xbf16>
[ADDNodes!] %18 = arith.mulf %5, %17 : bf16
[ADDNodes!] %19 = arith.addf %16, %18 : bf16
[ADDNodes!] %c1_2 = arith.constant 1 : index
[ADDNodes!] %20 = affine.load %2[%arg3, 0, 1, 1] : memref<16x1x3x3xbf16>
[ADDNodes!] %21 = arith.mulf %6, %20 : bf16
[ADDNodes!] %22 = arith.addf %19, %21 : bf16
[ADDNodes!] %c2_3 = arith.constant 2 : index
[ADDNodes!] %23 = affine.load %2[%arg3, 0, 1, 2] : memref<16x1x3x3xbf16>
[ADDNodes!] %24 = arith.mulf %7, %23 : bf16
[ADDNodes!] %25 = arith.addf %22, %24 : bf16
[ADDNodes!] %c2_4 = arith.constant 2 : index
[ADDNodes!] %26 = affine.load %2[%arg3, 0, 2, 0] : memref<16x1x3x3xbf16>
[ADDNodes!] %27 = arith.mulf %5, %26 : bf16
[ADDNodes!] %28 = arith.addf %25, %27 : bf16
[ADDNodes!] %c1_5 = arith.constant 1 : index
[ADDNodes!] %29 = affine.load %2[%arg3, 0, 2, 1] : memref<16x1x3x3xbf16>
[ADDNodes!] %30 = arith.mulf %6, %29 : bf16
[ADDNodes!] %31 = arith.addf %28, %30 : bf16
[ADDNodes!] %c2_6 = arith.constant 2 : index
[ADDNodes!] %32 = affine.load %2[%arg3, 0, 2, 2] : memref<16x1x3x3xbf16>
[ADDNodes!] %33 = arith.mulf %7, %32 : bf16
[ADDNodes!] %34 = arith.addf %31, %33 : bf16
[ADDNodes!] affine.store %34, %3[0, %arg3, %arg4, %arg5] : memref<1x16x16x16xbf16>
[ADDNodes!] affine.yield
[ADDNodes!] affine.for %arg5 = 0 to 16 {
  %4 = affine.load %0[0, %arg3, %arg4, %arg5] : memref<1x16x16x16xbf16>
  %5 = affine.load %1[0, 0, -1, %arg5 - 1] : memref<1x1x16x16xbf16>
  %6 = affine.load %1[0, 0, -1, %arg5] : memref<1x1x16x16xbf16>
  %7 = affine.load %1[0, 0, -1, %arg5 + 1] : memref<1x1x16x16xbf16>
  %8 = affine.load %2[%arg3, 0, 0, 0] : memref<16x1x3x3xbf16>
  %9 = arith.mulf %5, %8 : bf16
  %10 = arith.addf %4, %9 : bf16
  %c1 = arith.constant 1 : index
  %11 = affine.load %2[%arg3, 0, 0, 1] : memref<16x1x3x3xbf16>
  %12 = arith.mulf %6, %11 : bf16
  %13 = arith.addf %10, %12 : bf16
  %c2 = arith.constant 2 : index
  %14 = affine.load %2[%arg3, 0, 0, 2] : memref<16x1x3x3xbf16>
  %15 = arith.mulf %7, %14 : bf16
  %16 = arith.addf %13, %15 : bf16
  %c1_1 = arith.constant 1 : index
  %17 = affine.load %2[%arg3, 0, 1, 0] : memref<16x1x3x3xbf16>
  %18 = arith.mulf %5, %17 : bf16
  %19 = arith.addf %16, %18 : bf16
  %c1_2 = arith.constant 1 : index
  %20 = affine.load %2[%arg3, 0, 1, 1] : memref<16x1x3x3xbf16>
  %21 = arith.mulf %6, %20 : bf16
  %22 = arith.addf %19, %21 : bf16
  %c2_3 = arith.constant 2 : index
  %23 = affine.load %2[%arg3, 0, 1, 2] : memref<16x1x3x3xbf16>
  %24 = arith.mulf %7, %23 : bf16
  %25 = arith.addf %22, %24 : bf16
  %c2_4 = arith.constant 2 : index
  %26 = affine.load %2[%arg3, 0, 2, 0] : memref<16x1x3x3xbf16>
  %27 = arith.mulf %5, %26 : bf16
  %28 = arith.addf %25, %27 : bf16
  %c1_5 = arith.constant 1 : index
  %29 = affine.load %2[%arg3, 0, 2, 1] : memref<16x1x3x3xbf16>
  %30 = arith.mulf %6, %29 : bf16
  %31 = arith.addf %28, %30 : bf16
  %c2_6 = arith.constant 2 : index
  %32 = affine.load %2[%arg3, 0, 2, 2] : memref<16x1x3x3xbf16>
  %33 = arith.mulf %7, %32 : bf16
  %34 = arith.addf %31, %33 : bf16
  affine.store %34, %3[0, %arg3, %arg4, %arg5] : memref<1x16x16x16xbf16>
}
[ADDNodes!] affine.yield
[ADDNodes!] affine.for %arg4 = 0 to 16 {
  affine.for %arg5 = 0 to 16 {
    %4 = affine.load %0[0, %arg3, %arg4, %arg5] : memref<1x16x16x16xbf16>
    %5 = affine.load %1[0, 0, -1, %arg5 - 1] : memref<1x1x16x16xbf16>
    %6 = affine.load %1[0, 0, -1, %arg5] : memref<1x1x16x16xbf16>
    %7 = affine.load %1[0, 0, -1, %arg5 + 1] : memref<1x1x16x16xbf16>
    %8 = affine.load %2[%arg3, 0, 0, 0] : memref<16x1x3x3xbf16>
    %9 = arith.mulf %5, %8 : bf16
    %10 = arith.addf %4, %9 : bf16
    %c1 = arith.constant 1 : index
    %11 = affine.load %2[%arg3, 0, 0, 1] : memref<16x1x3x3xbf16>
    %12 = arith.mulf %6, %11 : bf16
    %13 = arith.addf %10, %12 : bf16
    %c2 = arith.constant 2 : index
    %14 = affine.load %2[%arg3, 0, 0, 2] : memref<16x1x3x3xbf16>
    %15 = arith.mulf %7, %14 : bf16
    %16 = arith.addf %13, %15 : bf16
    %c1_1 = arith.constant 1 : index
    %17 = affine.load %2[%arg3, 0, 1, 0] : memref<16x1x3x3xbf16>
    %18 = arith.mulf %5, %17 : bf16
    %19 = arith.addf %16, %18 : bf16
    %c1_2 = arith.constant 1 : index
    %20 = affine.load %2[%arg3, 0, 1, 1] : memref<16x1x3x3xbf16>
    %21 = arith.mulf %6, %20 : bf16
    %22 = arith.addf %19, %21 : bf16
    %c2_3 = arith.constant 2 : index
    %23 = affine.load %2[%arg3, 0, 1, 2] : memref<16x1x3x3xbf16>
    %24 = arith.mulf %7, %23 : bf16
    %25 = arith.addf %22, %24 : bf16
    %c2_4 = arith.constant 2 : index
    %26 = affine.load %2[%arg3, 0, 2, 0] : memref<16x1x3x3xbf16>
    %27 = arith.mulf %5, %26 : bf16
    %28 = arith.addf %25, %27 : bf16
    %c1_5 = arith.constant 1 : index
    %29 = affine.load %2[%arg3, 0, 2, 1] : memref<16x1x3x3xbf16>
    %30 = arith.mulf %6, %29 : bf16
    %31 = arith.addf %28, %30 : bf16
    %c2_6 = arith.constant 2 : index
    %32 = affine.load %2[%arg3, 0, 2, 2] : memref<16x1x3x3xbf16>
    %33 = arith.mulf %7, %32 : bf16
    %34 = arith.addf %31, %33 : bf16
    affine.store %34, %3[0, %arg3, %arg4, %arg5] : memref<1x16x16x16xbf16>
  }
}
[ADDNodes!] affine.yield
[ADDNodes!] affine.for %arg3 = 0 to 16 {
  affine.for %arg4 = 0 to 16 {
    affine.for %arg5 = 0 to 16 {
      %4 = affine.load %0[0, %arg3, %arg4, %arg5] : memref<1x16x16x16xbf16>
      %5 = affine.load %1[0, 0, -1, %arg5 - 1] : memref<1x1x16x16xbf16>
      %6 = affine.load %1[0, 0, -1, %arg5] : memref<1x1x16x16xbf16>
      %7 = affine.load %1[0, 0, -1, %arg5 + 1] : memref<1x1x16x16xbf16>
      %8 = affine.load %2[%arg3, 0, 0, 0] : memref<16x1x3x3xbf16>
      %9 = arith.mulf %5, %8 : bf16
      %10 = arith.addf %4, %9 : bf16
      %c1 = arith.constant 1 : index
      %11 = affine.load %2[%arg3, 0, 0, 1] : memref<16x1x3x3xbf16>
      %12 = arith.mulf %6, %11 : bf16
      %13 = arith.addf %10, %12 : bf16
      %c2 = arith.constant 2 : index
      %14 = affine.load %2[%arg3, 0, 0, 2] : memref<16x1x3x3xbf16>
      %15 = arith.mulf %7, %14 : bf16
      %16 = arith.addf %13, %15 : bf16
      %c1_1 = arith.constant 1 : index
      %17 = affine.load %2[%arg3, 0, 1, 0] : memref<16x1x3x3xbf16>
      %18 = arith.mulf %5, %17 : bf16
      %19 = arith.addf %16, %18 : bf16
      %c1_2 = arith.constant 1 : index
      %20 = affine.load %2[%arg3, 0, 1, 1] : memref<16x1x3x3xbf16>
      %21 = arith.mulf %6, %20 : bf16
      %22 = arith.addf %19, %21 : bf16
      %c2_3 = arith.constant 2 : index
      %23 = affine.load %2[%arg3, 0, 1, 2] : memref<16x1x3x3xbf16>
      %24 = arith.mulf %7, %23 : bf16
      %25 = arith.addf %22, %24 : bf16
      %c2_4 = arith.constant 2 : index
      %26 = affine.load %2[%arg3, 0, 2, 0] : memref<16x1x3x3xbf16>
      %27 = arith.mulf %5, %26 : bf16
      %28 = arith.addf %25, %27 : bf16
      %c1_5 = arith.constant 1 : index
      %29 = affine.load %2[%arg3, 0, 2, 1] : memref<16x1x3x3xbf16>
      %30 = arith.mulf %6, %29 : bf16
      %31 = arith.addf %28, %30 : bf16
      %c2_6 = arith.constant 2 : index
      %32 = affine.load %2[%arg3, 0, 2, 2] : memref<16x1x3x3xbf16>
      %33 = arith.mulf %7, %32 : bf16
      %34 = arith.addf %31, %33 : bf16
      affine.store %34, %3[0, %arg3, %arg4, %arg5] : memref<1x16x16x16xbf16>
    }
  }
}
module {
  func.func @main_graph(%arg0: memref<1x1x16x16xbf16>, %arg1: memref<16x1x3x3xbf16>, %arg2: memref<16xbf16>) -> memref<1x16x16x16xbf16> attributes {llvm.emit_c_interface, onnxEntryPoint} {
    %0 = call @Conv_0(%arg0, %arg1, %arg2) : (memref<1x1x16x16xbf16>, memref<16x1x3x3xbf16>, memref<16xbf16>) -> memref<1x16x16x16xbf16>
    return %0 : memref<1x16x16x16xbf16>
  }
  func.func @Conv_0(%arg0: memref<1x1x16x16xbf16>, %arg1: memref<16x1x3x3xbf16>, %arg2: memref<16xbf16>) -> memref<1x16x16x16xbf16> attributes {adora_kernel, llvm.emit_c_interface} {
    %c0 = arith.constant 0 : index
    %c0_0 = arith.constant 0 : index
    %alloc = memref.alloc() : memref<1x16x16x16xbf16>
    %0 = ADORA.BlockLoad %alloc [0, 0, 0, 0] : memref<1x16x16x16xbf16> -> memref<1x16x16x16xbf16>  {Id = "0", KernelName = "Conv_0"}
    %1 = ADORA.BlockLoad %arg0 [0, 0, 0, 0] : memref<1x1x16x16xbf16> -> memref<1x1x16x16xbf16>  {Id = "1", KernelName = "Conv_0"}
    %2 = ADORA.BlockLoad %arg1 [0, 0, 0, 0] : memref<16x1x3x3xbf16> -> memref<16x1x3x3xbf16>  {Id = "2", KernelName = "Conv_0"}
    %3 = ADORA.LocalMemAlloc memref<1x16x16x16xbf16>  {Id = "3", KernelName = "Conv_0"}
    ADORA.kernel {
      affine.for %arg3 = 0 to 16 {
        affine.for %arg4 = 0 to 16 {
          affine.for %arg5 = 0 to 16 {
            %4 = affine.load %0[0, %arg3, %arg4, %arg5] : memref<1x16x16x16xbf16>
            %5 = affine.load %1[0, 0, -1, %arg5 - 1] : memref<1x1x16x16xbf16>
            %6 = affine.load %1[0, 0, -1, %arg5] : memref<1x1x16x16xbf16>
            %7 = affine.load %1[0, 0, -1, %arg5 + 1] : memref<1x1x16x16xbf16>
            %8 = affine.load %2[%arg3, 0, 0, 0] : memref<16x1x3x3xbf16>
            %9 = arith.mulf %5, %8 : bf16
            %10 = arith.addf %4, %9 : bf16
            %c1 = arith.constant 1 : index
            %11 = affine.load %2[%arg3, 0, 0, 1] : memref<16x1x3x3xbf16>
            %12 = arith.mulf %6, %11 : bf16
            %13 = arith.addf %10, %12 : bf16
            %c2 = arith.constant 2 : index
            %14 = affine.load %2[%arg3, 0, 0, 2] : memref<16x1x3x3xbf16>
            %15 = arith.mulf %7, %14 : bf16
            %16 = arith.addf %13, %15 : bf16
            %c1_1 = arith.constant 1 : index
            %17 = affine.load %2[%arg3, 0, 1, 0] : memref<16x1x3x3xbf16>
            %18 = arith.mulf %5, %17 : bf16
            %19 = arith.addf %16, %18 : bf16
            %c1_2 = arith.constant 1 : index
            %20 = affine.load %2[%arg3, 0, 1, 1] : memref<16x1x3x3xbf16>
            %21 = arith.mulf %6, %20 : bf16
            %22 = arith.addf %19, %21 : bf16
            %c2_3 = arith.constant 2 : index
            %23 = affine.load %2[%arg3, 0, 1, 2] : memref<16x1x3x3xbf16>
            %24 = arith.mulf %7, %23 : bf16
            %25 = arith.addf %22, %24 : bf16
            %c2_4 = arith.constant 2 : index
            %26 = affine.load %2[%arg3, 0, 2, 0] : memref<16x1x3x3xbf16>
            %27 = arith.mulf %5, %26 : bf16
            %28 = arith.addf %25, %27 : bf16
            %c1_5 = arith.constant 1 : index
            %29 = affine.load %2[%arg3, 0, 2, 1] : memref<16x1x3x3xbf16>
            %30 = arith.mulf %6, %29 : bf16
            %31 = arith.addf %28, %30 : bf16
            %c2_6 = arith.constant 2 : index
            %32 = affine.load %2[%arg3, 0, 2, 2] : memref<16x1x3x3xbf16>
            %33 = arith.mulf %7, %32 : bf16
            %34 = arith.addf %31, %33 : bf16
            affine.store %34, %3[0, %arg3, %arg4, %arg5] : memref<1x16x16x16xbf16>
          }
        }
      }
      ADORA.terminator
    } {KernelName = "Conv_0"}
    ADORA.BlockStore %3, %alloc [0, 0, 0, 0] : memref<1x16x16x16xbf16> -> memref<1x16x16x16xbf16>  {Id = "3", KernelName = "Conv_0"}
    return %alloc : memref<1x16x16x16xbf16>
  }
}
module {
  func.func @main_graph(%arg0: memref<1x1x16x16xbf16>, %arg1: memref<16x1x3x3xbf16>, %arg2: memref<16xbf16>) -> memref<1x16x16x16xbf16> attributes {llvm.emit_c_interface, onnxEntryPoint} {
    %0 = call @Conv_0(%arg0, %arg1, %arg2) : (memref<1x1x16x16xbf16>, memref<16x1x3x3xbf16>, memref<16xbf16>) -> memref<1x16x16x16xbf16>
    return %0 : memref<1x16x16x16xbf16>
  }
  func.func @Conv_0(%arg0: memref<1x1x16x16xbf16>, %arg1: memref<16x1x3x3xbf16>, %arg2: memref<16xbf16>) -> memref<1x16x16x16xbf16> attributes {adora_kernel, llvm.emit_c_interface} {
    %c0 = arith.constant 0 : index
    %c0_0 = arith.constant 0 : index
    %alloc = memref.alloc() : memref<1x16x16x16xbf16>
    %0 = ADORA.BlockLoad %alloc [0, 0, 0, 0] : memref<1x16x16x16xbf16> -> memref<1x16x16x16xbf16>  {Id = "0", KernelName = "Conv_0"}
    %1 = ADORA.BlockLoad %arg0 [0, 0, 0, 0] : memref<1x1x16x16xbf16> -> memref<1x1x16x16xbf16>  {Id = "1", KernelName = "Conv_0"}
    %2 = ADORA.BlockLoad %arg1 [0, 0, 0, 0] : memref<16x1x3x3xbf16> -> memref<16x1x3x3xbf16>  {Id = "2", KernelName = "Conv_0"}
    %3 = ADORA.LocalMemAlloc memref<1x16x16x16xbf16>  {Id = "3", KernelName = "Conv_0"}
    ADORA.kernel {
      affine.for %arg3 = 0 to 16 {
        affine.for %arg4 = 0 to 16 {
          affine.for %arg5 = 0 to 16 {
            %4 = affine.load %0[0, %arg3, %arg4, %arg5] : memref<1x16x16x16xbf16>
            %5 = affine.load %1[0, 0, -1, %arg5 - 1] : memref<1x1x16x16xbf16>
            %6 = affine.load %1[0, 0, -1, %arg5] : memref<1x1x16x16xbf16>
            %7 = affine.load %1[0, 0, -1, %arg5 + 1] : memref<1x1x16x16xbf16>
            %8 = affine.load %2[%arg3, 0, 0, 0] : memref<16x1x3x3xbf16>
            %9 = arith.mulf %5, %8 : bf16
            %10 = arith.addf %4, %9 : bf16
            %c1 = arith.constant 1 : index
            %11 = affine.load %2[%arg3, 0, 0, 1] : memref<16x1x3x3xbf16>
            %12 = arith.mulf %6, %11 : bf16
            %13 = arith.addf %10, %12 : bf16
            %c2 = arith.constant 2 : index
            %14 = affine.load %2[%arg3, 0, 0, 2] : memref<16x1x3x3xbf16>
            %15 = arith.mulf %7, %14 : bf16
            %16 = arith.addf %13, %15 : bf16
            %c1_1 = arith.constant 1 : index
            %17 = affine.load %2[%arg3, 0, 1, 0] : memref<16x1x3x3xbf16>
            %18 = arith.mulf %5, %17 : bf16
            %19 = arith.addf %16, %18 : bf16
            %c1_2 = arith.constant 1 : index
            %20 = affine.load %2[%arg3, 0, 1, 1] : memref<16x1x3x3xbf16>
            %21 = arith.mulf %6, %20 : bf16
            %22 = arith.addf %19, %21 : bf16
            %c2_3 = arith.constant 2 : index
            %23 = affine.load %2[%arg3, 0, 1, 2] : memref<16x1x3x3xbf16>
            %24 = arith.mulf %7, %23 : bf16
            %25 = arith.addf %22, %24 : bf16
            %c2_4 = arith.constant 2 : index
            %26 = affine.load %2[%arg3, 0, 2, 0] : memref<16x1x3x3xbf16>
            %27 = arith.mulf %5, %26 : bf16
            %28 = arith.addf %25, %27 : bf16
            %c1_5 = arith.constant 1 : index
            %29 = affine.load %2[%arg3, 0, 2, 1] : memref<16x1x3x3xbf16>
            %30 = arith.mulf %6, %29 : bf16
            %31 = arith.addf %28, %30 : bf16
            %c2_6 = arith.constant 2 : index
            %32 = affine.load %2[%arg3, 0, 2, 2] : memref<16x1x3x3xbf16>
            %33 = arith.mulf %7, %32 : bf16
            %34 = arith.addf %31, %33 : bf16
            affine.store %34, %3[0, %arg3, %arg4, %arg5] : memref<1x16x16x16xbf16>
          }
        }
      }
      ADORA.terminator
    } {KernelName = "Conv_0"}
    ADORA.BlockStore %3, %alloc [0, 0, 0, 0] : memref<1x16x16x16xbf16> -> memref<1x16x16x16xbf16>  {Id = "3", KernelName = "Conv_0"}
    return %alloc : memref<1x16x16x16xbf16>
  }
}

========================================================================
2026-04-14T01:23:09
cwd: /home/jhlou/CGRVOPT/CYK/adora-compiler/experiment/CYK/conv/adora-cc-ir/tempfiles/DFGs
+ /home/jhlou/CGRVOPT/CYK/adora-compiler/build/bin/cgra-opt --adora-kernel-dfg-gen /home/jhlou/CGRVOPT/CYK/adora-compiler/experiment/CYK/conv/adora-cc-ir/1_kernels_opt/kernel_opt.mlir
------------------------------------------------------------------------
Environment variable " GENERAL_OP_NAME_ENV " is not set.
Using " GENERAL_OP_NAME_ENV " = "/home/jhlou/CGRVOPT/cgra-opt/lib/DFG/Documents/GeneralOpName.txt"
affine.for %arg5 = 0 to 16 {
  %4 = affine.load %0[0, %arg3, %arg4, %arg5] : memref<1x16x16x16xbf16>
  %5 = affine.load %1[0, 0, -1, %arg5 - 1] : memref<1x1x16x16xbf16>
  %6 = affine.load %1[0, 0, -1, %arg5] : memref<1x1x16x16xbf16>
  %7 = affine.load %1[0, 0, -1, %arg5 + 1] : memref<1x1x16x16xbf16>
  %8 = affine.load %2[%arg3, 0, 0, 0] : memref<16x1x3x3xbf16>
  %9 = arith.mulf %5, %8 : bf16
  %10 = arith.addf %4, %9 : bf16
  %c1 = arith.constant 1 : index
  %11 = affine.load %2[%arg3, 0, 0, 1] : memref<16x1x3x3xbf16>
  %12 = arith.mulf %6, %11 : bf16
  %13 = arith.addf %10, %12 : bf16
  %c2 = arith.constant 2 : index
  %14 = affine.load %2[%arg3, 0, 0, 2] : memref<16x1x3x3xbf16>
  %15 = arith.mulf %7, %14 : bf16
  %16 = arith.addf %13, %15 : bf16
  %c1_1 = arith.constant 1 : index
  %17 = affine.load %2[%arg3, 0, 1, 0] : memref<16x1x3x3xbf16>
  %18 = arith.mulf %5, %17 : bf16
  %19 = arith.addf %16, %18 : bf16
  %c1_2 = arith.constant 1 : index
  %20 = affine.load %2[%arg3, 0, 1, 1] : memref<16x1x3x3xbf16>
  %21 = arith.mulf %6, %20 : bf16
  %22 = arith.addf %19, %21 : bf16
  %c2_3 = arith.constant 2 : index
  %23 = affine.load %2[%arg3, 0, 1, 2] : memref<16x1x3x3xbf16>
  %24 = arith.mulf %7, %23 : bf16
  %25 = arith.addf %22, %24 : bf16
  %c2_4 = arith.constant 2 : index
  %26 = affine.load %2[%arg3, 0, 2, 0] : memref<16x1x3x3xbf16>
  %27 = arith.mulf %5, %26 : bf16
  %28 = arith.addf %25, %27 : bf16
  %c1_5 = arith.constant 1 : index
  %29 = affine.load %2[%arg3, 0, 2, 1] : memref<16x1x3x3xbf16>
  %30 = arith.mulf %6, %29 : bf16
  %31 = arith.addf %28, %30 : bf16
  %c2_6 = arith.constant 2 : index
  %32 = affine.load %2[%arg3, 0, 2, 2] : memref<16x1x3x3xbf16>
  %33 = arith.mulf %7, %32 : bf16
  %34 = arith.addf %31, %33 : bf16
  affine.store %34, %3[0, %arg3, %arg4, %arg5] : memref<1x16x16x16xbf16>
}
affine.for %arg5 = 0 to 16 {
  %4 = affine.load %0[0, %arg3, %arg4, %arg5] : memref<1x16x16x16xbf16>
  %5 = affine.load %1[0, 0, -1, %arg5 - 1] : memref<1x1x16x16xbf16>
  %6 = affine.load %1[0, 0, -1, %arg5] : memref<1x1x16x16xbf16>
  %7 = affine.load %1[0, 0, -1, %arg5 + 1] : memref<1x1x16x16xbf16>
  %8 = affine.load %2[%arg3, 0, 0, 0] : memref<16x1x3x3xbf16>
  %9 = arith.mulf %5, %8 : bf16
  %10 = arith.addf %4, %9 : bf16
  %c1 = arith.constant 1 : index
  %11 = affine.load %2[%arg3, 0, 0, 1] : memref<16x1x3x3xbf16>
  %12 = arith.mulf %6, %11 : bf16
  %13 = arith.addf %10, %12 : bf16
  %c2 = arith.constant 2 : index
  %14 = affine.load %2[%arg3, 0, 0, 2] : memref<16x1x3x3xbf16>
  %15 = arith.mulf %7, %14 : bf16
  %16 = arith.addf %13, %15 : bf16
  %c1_1 = arith.constant 1 : index
  %17 = affine.load %2[%arg3, 0, 1, 0] : memref<16x1x3x3xbf16>
  %18 = arith.mulf %5, %17 : bf16
  %19 = arith.addf %16, %18 : bf16
  %c1_2 = arith.constant 1 : index
  %20 = affine.load %2[%arg3, 0, 1, 1] : memref<16x1x3x3xbf16>
  %21 = arith.mulf %6, %20 : bf16
  %22 = arith.addf %19, %21 : bf16
  %c2_3 = arith.constant 2 : index
  %23 = affine.load %2[%arg3, 0, 1, 2] : memref<16x1x3x3xbf16>
  %24 = arith.mulf %7, %23 : bf16
  %25 = arith.addf %22, %24 : bf16
  %c2_4 = arith.constant 2 : index
  %26 = affine.load %2[%arg3, 0, 2, 0] : memref<16x1x3x3xbf16>
  %27 = arith.mulf %5, %26 : bf16
  %28 = arith.addf %25, %27 : bf16
  %c1_5 = arith.constant 1 : index
  %29 = affine.load %2[%arg3, 0, 2, 1] : memref<16x1x3x3xbf16>
  %30 = arith.mulf %6, %29 : bf16
  %31 = arith.addf %28, %30 : bf16
  %c2_6 = arith.constant 2 : index
  %32 = affine.load %2[%arg3, 0, 2, 2] : memref<16x1x3x3xbf16>
  %33 = arith.mulf %7, %32 : bf16
  %34 = arith.addf %31, %33 : bf16
  affine.store %34, %3[0, %arg3, %arg4, %arg5] : memref<1x16x16x16xbf16>
}
affine.for %arg4 = 0 to 16 {
  affine.for %arg5 = 0 to 16 {
    %4 = affine.load %0[0, %arg3, %arg4, %arg5] : memref<1x16x16x16xbf16>
    %5 = affine.load %1[0, 0, -1, %arg5 - 1] : memref<1x1x16x16xbf16>
    %6 = affine.load %1[0, 0, -1, %arg5] : memref<1x1x16x16xbf16>
    %7 = affine.load %1[0, 0, -1, %arg5 + 1] : memref<1x1x16x16xbf16>
    %8 = affine.load %2[%arg3, 0, 0, 0] : memref<16x1x3x3xbf16>
    %9 = arith.mulf %5, %8 : bf16
    %10 = arith.addf %4, %9 : bf16
    %c1 = arith.constant 1 : index
    %11 = affine.load %2[%arg3, 0, 0, 1] : memref<16x1x3x3xbf16>
    %12 = arith.mulf %6, %11 : bf16
    %13 = arith.addf %10, %12 : bf16
    %c2 = arith.constant 2 : index
    %14 = affine.load %2[%arg3, 0, 0, 2] : memref<16x1x3x3xbf16>
    %15 = arith.mulf %7, %14 : bf16
    %16 = arith.addf %13, %15 : bf16
    %c1_1 = arith.constant 1 : index
    %17 = affine.load %2[%arg3, 0, 1, 0] : memref<16x1x3x3xbf16>
    %18 = arith.mulf %5, %17 : bf16
    %19 = arith.addf %16, %18 : bf16
    %c1_2 = arith.constant 1 : index
    %20 = affine.load %2[%arg3, 0, 1, 1] : memref<16x1x3x3xbf16>
    %21 = arith.mulf %6, %20 : bf16
    %22 = arith.addf %19, %21 : bf16
    %c2_3 = arith.constant 2 : index
    %23 = affine.load %2[%arg3, 0, 1, 2] : memref<16x1x3x3xbf16>
    %24 = arith.mulf %7, %23 : bf16
    %25 = arith.addf %22, %24 : bf16
    %c2_4 = arith.constant 2 : index
    %26 = affine.load %2[%arg3, 0, 2, 0] : memref<16x1x3x3xbf16>
    %27 = arith.mulf %5, %26 : bf16
    %28 = arith.addf %25, %27 : bf16
    %c1_5 = arith.constant 1 : index
    %29 = affine.load %2[%arg3, 0, 2, 1] : memref<16x1x3x3xbf16>
    %30 = arith.mulf %6, %29 : bf16
    %31 = arith.addf %28, %30 : bf16
    %c2_6 = arith.constant 2 : index
    %32 = affine.load %2[%arg3, 0, 2, 2] : memref<16x1x3x3xbf16>
    %33 = arith.mulf %7, %32 : bf16
    %34 = arith.addf %31, %33 : bf16
    affine.store %34, %3[0, %arg3, %arg4, %arg5] : memref<1x16x16x16xbf16>
  }
}
affine.for %arg5 = 0 to 16 {
  %4 = affine.load %0[0, %arg3, %arg4, %arg5] : memref<1x16x16x16xbf16>
  %5 = affine.load %1[0, 0, -1, %arg5 - 1] : memref<1x1x16x16xbf16>
  %6 = affine.load %1[0, 0, -1, %arg5] : memref<1x1x16x16xbf16>
  %7 = affine.load %1[0, 0, -1, %arg5 + 1] : memref<1x1x16x16xbf16>
  %8 = affine.load %2[%arg3, 0, 0, 0] : memref<16x1x3x3xbf16>
  %9 = arith.mulf %5, %8 : bf16
  %10 = arith.addf %4, %9 : bf16
  %c1 = arith.constant 1 : index
  %11 = affine.load %2[%arg3, 0, 0, 1] : memref<16x1x3x3xbf16>
  %12 = arith.mulf %6, %11 : bf16
  %13 = arith.addf %10, %12 : bf16
  %c2 = arith.constant 2 : index
  %14 = affine.load %2[%arg3, 0, 0, 2] : memref<16x1x3x3xbf16>
  %15 = arith.mulf %7, %14 : bf16
  %16 = arith.addf %13, %15 : bf16
  %c1_1 = arith.constant 1 : index
  %17 = affine.load %2[%arg3, 0, 1, 0] : memref<16x1x3x3xbf16>
  %18 = arith.mulf %5, %17 : bf16
  %19 = arith.addf %16, %18 : bf16
  %c1_2 = arith.constant 1 : index
  %20 = affine.load %2[%arg3, 0, 1, 1] : memref<16x1x3x3xbf16>
  %21 = arith.mulf %6, %20 : bf16
  %22 = arith.addf %19, %21 : bf16
  %c2_3 = arith.constant 2 : index
  %23 = affine.load %2[%arg3, 0, 1, 2] : memref<16x1x3x3xbf16>
  %24 = arith.mulf %7, %23 : bf16
  %25 = arith.addf %22, %24 : bf16
  %c2_4 = arith.constant 2 : index
  %26 = affine.load %2[%arg3, 0, 2, 0] : memref<16x1x3x3xbf16>
  %27 = arith.mulf %5, %26 : bf16
  %28 = arith.addf %25, %27 : bf16
  %c1_5 = arith.constant 1 : index
  %29 = affine.load %2[%arg3, 0, 2, 1] : memref<16x1x3x3xbf16>
  %30 = arith.mulf %6, %29 : bf16
  %31 = arith.addf %28, %30 : bf16
  %c2_6 = arith.constant 2 : index
  %32 = affine.load %2[%arg3, 0, 2, 2] : memref<16x1x3x3xbf16>
  %33 = arith.mulf %7, %32 : bf16
  %34 = arith.addf %31, %33 : bf16
  affine.store %34, %3[0, %arg3, %arg4, %arg5] : memref<1x16x16x16xbf16>
}
affine.for %arg4 = 0 to 16 {
  affine.for %arg5 = 0 to 16 {
    %4 = affine.load %0[0, %arg3, %arg4, %arg5] : memref<1x16x16x16xbf16>
    %5 = affine.load %1[0, 0, -1, %arg5 - 1] : memref<1x1x16x16xbf16>
    %6 = affine.load %1[0, 0, -1, %arg5] : memref<1x1x16x16xbf16>
    %7 = affine.load %1[0, 0, -1, %arg5 + 1] : memref<1x1x16x16xbf16>
    %8 = affine.load %2[%arg3, 0, 0, 0] : memref<16x1x3x3xbf16>
    %9 = arith.mulf %5, %8 : bf16
    %10 = arith.addf %4, %9 : bf16
    %c1 = arith.constant 1 : index
    %11 = affine.load %2[%arg3, 0, 0, 1] : memref<16x1x3x3xbf16>
    %12 = arith.mulf %6, %11 : bf16
    %13 = arith.addf %10, %12 : bf16
    %c2 = arith.constant 2 : index
    %14 = affine.load %2[%arg3, 0, 0, 2] : memref<16x1x3x3xbf16>
    %15 = arith.mulf %7, %14 : bf16
    %16 = arith.addf %13, %15 : bf16
    %c1_1 = arith.constant 1 : index
    %17 = affine.load %2[%arg3, 0, 1, 0] : memref<16x1x3x3xbf16>
    %18 = arith.mulf %5, %17 : bf16
    %19 = arith.addf %16, %18 : bf16
    %c1_2 = arith.constant 1 : index
    %20 = affine.load %2[%arg3, 0, 1, 1] : memref<16x1x3x3xbf16>
    %21 = arith.mulf %6, %20 : bf16
    %22 = arith.addf %19, %21 : bf16
    %c2_3 = arith.constant 2 : index
    %23 = affine.load %2[%arg3, 0, 1, 2] : memref<16x1x3x3xbf16>
    %24 = arith.mulf %7, %23 : bf16
    %25 = arith.addf %22, %24 : bf16
    %c2_4 = arith.constant 2 : index
    %26 = affine.load %2[%arg3, 0, 2, 0] : memref<16x1x3x3xbf16>
    %27 = arith.mulf %5, %26 : bf16
    %28 = arith.addf %25, %27 : bf16
    %c1_5 = arith.constant 1 : index
    %29 = affine.load %2[%arg3, 0, 2, 1] : memref<16x1x3x3xbf16>
    %30 = arith.mulf %6, %29 : bf16
    %31 = arith.addf %28, %30 : bf16
    %c2_6 = arith.constant 2 : index
    %32 = affine.load %2[%arg3, 0, 2, 2] : memref<16x1x3x3xbf16>
    %33 = arith.mulf %7, %32 : bf16
    %34 = arith.addf %31, %33 : bf16
    affine.store %34, %3[0, %arg3, %arg4, %arg5] : memref<1x16x16x16xbf16>
  }
}
affine.for %arg3 = 0 to 16 {
  affine.for %arg4 = 0 to 16 {
    affine.for %arg5 = 0 to 16 {
      %4 = affine.load %0[0, %arg3, %arg4, %arg5] : memref<1x16x16x16xbf16>
      %5 = affine.load %1[0, 0, -1, %arg5 - 1] : memref<1x1x16x16xbf16>
      %6 = affine.load %1[0, 0, -1, %arg5] : memref<1x1x16x16xbf16>
      %7 = affine.load %1[0, 0, -1, %arg5 + 1] : memref<1x1x16x16xbf16>
      %8 = affine.load %2[%arg3, 0, 0, 0] : memref<16x1x3x3xbf16>
      %9 = arith.mulf %5, %8 : bf16
      %10 = arith.addf %4, %9 : bf16
      %c1 = arith.constant 1 : index
      %11 = affine.load %2[%arg3, 0, 0, 1] : memref<16x1x3x3xbf16>
      %12 = arith.mulf %6, %11 : bf16
      %13 = arith.addf %10, %12 : bf16
      %c2 = arith.constant 2 : index
      %14 = affine.load %2[%arg3, 0, 0, 2] : memref<16x1x3x3xbf16>
      %15 = arith.mulf %7, %14 : bf16
      %16 = arith.addf %13, %15 : bf16
      %c1_1 = arith.constant 1 : index
      %17 = affine.load %2[%arg3, 0, 1, 0] : memref<16x1x3x3xbf16>
      %18 = arith.mulf %5, %17 : bf16
      %19 = arith.addf %16, %18 : bf16
      %c1_2 = arith.constant 1 : index
      %20 = affine.load %2[%arg3, 0, 1, 1] : memref<16x1x3x3xbf16>
      %21 = arith.mulf %6, %20 : bf16
      %22 = arith.addf %19, %21 : bf16
      %c2_3 = arith.constant 2 : index
      %23 = affine.load %2[%arg3, 0, 1, 2] : memref<16x1x3x3xbf16>
      %24 = arith.mulf %7, %23 : bf16
      %25 = arith.addf %22, %24 : bf16
      %c2_4 = arith.constant 2 : index
      %26 = affine.load %2[%arg3, 0, 2, 0] : memref<16x1x3x3xbf16>
      %27 = arith.mulf %5, %26 : bf16
      %28 = arith.addf %25, %27 : bf16
      %c1_5 = arith.constant 1 : index
      %29 = affine.load %2[%arg3, 0, 2, 1] : memref<16x1x3x3xbf16>
      %30 = arith.mulf %6, %29 : bf16
      %31 = arith.addf %28, %30 : bf16
      %c2_6 = arith.constant 2 : index
      %32 = affine.load %2[%arg3, 0, 2, 2] : memref<16x1x3x3xbf16>
      %33 = arith.mulf %7, %32 : bf16
      %34 = arith.addf %31, %33 : bf16
      affine.store %34, %3[0, %arg3, %arg4, %arg5] : memref<1x16x16x16xbf16>
    }
  }
}
[ADDNodes!] %4 = affine.load %0[0, %arg3, %arg4, %arg5] : memref<1x16x16x16xbf16>
[ADDNodes!] %5 = affine.load %1[0, 0, -1, %arg5 - 1] : memref<1x1x16x16xbf16>
[ADDNodes!] %6 = affine.load %1[0, 0, -1, %arg5] : memref<1x1x16x16xbf16>
[ADDNodes!] %7 = affine.load %1[0, 0, -1, %arg5 + 1] : memref<1x1x16x16xbf16>
[ADDNodes!] %8 = affine.load %2[%arg3, 0, 0, 0] : memref<16x1x3x3xbf16>
[ADDNodes!] %9 = arith.mulf %5, %8 : bf16
[ADDNodes!] %10 = arith.addf %4, %9 : bf16
[ADDNodes!] %c1 = arith.constant 1 : index
[ADDNodes!] %11 = affine.load %2[%arg3, 0, 0, 1] : memref<16x1x3x3xbf16>
[ADDNodes!] %12 = arith.mulf %6, %11 : bf16
[ADDNodes!] %13 = arith.addf %10, %12 : bf16
[ADDNodes!] %c2 = arith.constant 2 : index
[ADDNodes!] %14 = affine.load %2[%arg3, 0, 0, 2] : memref<16x1x3x3xbf16>
[ADDNodes!] %15 = arith.mulf %7, %14 : bf16
[ADDNodes!] %16 = arith.addf %13, %15 : bf16
[ADDNodes!] %c1_1 = arith.constant 1 : index
[ADDNodes!] %17 = affine.load %2[%arg3, 0, 1, 0] : memref<16x1x3x3xbf16>
[ADDNodes!] %18 = arith.mulf %5, %17 : bf16
[ADDNodes!] %19 = arith.addf %16, %18 : bf16
[ADDNodes!] %c1_2 = arith.constant 1 : index
[ADDNodes!] %20 = affine.load %2[%arg3, 0, 1, 1] : memref<16x1x3x3xbf16>
[ADDNodes!] %21 = arith.mulf %6, %20 : bf16
[ADDNodes!] %22 = arith.addf %19, %21 : bf16
[ADDNodes!] %c2_3 = arith.constant 2 : index
[ADDNodes!] %23 = affine.load %2[%arg3, 0, 1, 2] : memref<16x1x3x3xbf16>
[ADDNodes!] %24 = arith.mulf %7, %23 : bf16
[ADDNodes!] %25 = arith.addf %22, %24 : bf16
[ADDNodes!] %c2_4 = arith.constant 2 : index
[ADDNodes!] %26 = affine.load %2[%arg3, 0, 2, 0] : memref<16x1x3x3xbf16>
[ADDNodes!] %27 = arith.mulf %5, %26 : bf16
[ADDNodes!] %28 = arith.addf %25, %27 : bf16
[ADDNodes!] %c1_5 = arith.constant 1 : index
[ADDNodes!] %29 = affine.load %2[%arg3, 0, 2, 1] : memref<16x1x3x3xbf16>
[ADDNodes!] %30 = arith.mulf %6, %29 : bf16
[ADDNodes!] %31 = arith.addf %28, %30 : bf16
[ADDNodes!] %c2_6 = arith.constant 2 : index
[ADDNodes!] %32 = affine.load %2[%arg3, 0, 2, 2] : memref<16x1x3x3xbf16>
[ADDNodes!] %33 = arith.mulf %7, %32 : bf16
[ADDNodes!] %34 = arith.addf %31, %33 : bf16
[ADDNodes!] affine.store %34, %3[0, %arg3, %arg4, %arg5] : memref<1x16x16x16xbf16>
[ADDNodes!] affine.yield
[ADDNodes!] affine.for %arg5 = 0 to 16 {
  %4 = affine.load %0[0, %arg3, %arg4, %arg5] : memref<1x16x16x16xbf16>
  %5 = affine.load %1[0, 0, -1, %arg5 - 1] : memref<1x1x16x16xbf16>
  %6 = affine.load %1[0, 0, -1, %arg5] : memref<1x1x16x16xbf16>
  %7 = affine.load %1[0, 0, -1, %arg5 + 1] : memref<1x1x16x16xbf16>
  %8 = affine.load %2[%arg3, 0, 0, 0] : memref<16x1x3x3xbf16>
  %9 = arith.mulf %5, %8 : bf16
  %10 = arith.addf %4, %9 : bf16
  %c1 = arith.constant 1 : index
  %11 = affine.load %2[%arg3, 0, 0, 1] : memref<16x1x3x3xbf16>
  %12 = arith.mulf %6, %11 : bf16
  %13 = arith.addf %10, %12 : bf16
  %c2 = arith.constant 2 : index
  %14 = affine.load %2[%arg3, 0, 0, 2] : memref<16x1x3x3xbf16>
  %15 = arith.mulf %7, %14 : bf16
  %16 = arith.addf %13, %15 : bf16
  %c1_1 = arith.constant 1 : index
  %17 = affine.load %2[%arg3, 0, 1, 0] : memref<16x1x3x3xbf16>
  %18 = arith.mulf %5, %17 : bf16
  %19 = arith.addf %16, %18 : bf16
  %c1_2 = arith.constant 1 : index
  %20 = affine.load %2[%arg3, 0, 1, 1] : memref<16x1x3x3xbf16>
  %21 = arith.mulf %6, %20 : bf16
  %22 = arith.addf %19, %21 : bf16
  %c2_3 = arith.constant 2 : index
  %23 = affine.load %2[%arg3, 0, 1, 2] : memref<16x1x3x3xbf16>
  %24 = arith.mulf %7, %23 : bf16
  %25 = arith.addf %22, %24 : bf16
  %c2_4 = arith.constant 2 : index
  %26 = affine.load %2[%arg3, 0, 2, 0] : memref<16x1x3x3xbf16>
  %27 = arith.mulf %5, %26 : bf16
  %28 = arith.addf %25, %27 : bf16
  %c1_5 = arith.constant 1 : index
  %29 = affine.load %2[%arg3, 0, 2, 1] : memref<16x1x3x3xbf16>
  %30 = arith.mulf %6, %29 : bf16
  %31 = arith.addf %28, %30 : bf16
  %c2_6 = arith.constant 2 : index
  %32 = affine.load %2[%arg3, 0, 2, 2] : memref<16x1x3x3xbf16>
  %33 = arith.mulf %7, %32 : bf16
  %34 = arith.addf %31, %33 : bf16
  affine.store %34, %3[0, %arg3, %arg4, %arg5] : memref<1x16x16x16xbf16>
}
[ADDNodes!] affine.yield
[ADDNodes!] affine.for %arg4 = 0 to 16 {
  affine.for %arg5 = 0 to 16 {
    %4 = affine.load %0[0, %arg3, %arg4, %arg5] : memref<1x16x16x16xbf16>
    %5 = affine.load %1[0, 0, -1, %arg5 - 1] : memref<1x1x16x16xbf16>
    %6 = affine.load %1[0, 0, -1, %arg5] : memref<1x1x16x16xbf16>
    %7 = affine.load %1[0, 0, -1, %arg5 + 1] : memref<1x1x16x16xbf16>
    %8 = affine.load %2[%arg3, 0, 0, 0] : memref<16x1x3x3xbf16>
    %9 = arith.mulf %5, %8 : bf16
    %10 = arith.addf %4, %9 : bf16
    %c1 = arith.constant 1 : index
    %11 = affine.load %2[%arg3, 0, 0, 1] : memref<16x1x3x3xbf16>
    %12 = arith.mulf %6, %11 : bf16
    %13 = arith.addf %10, %12 : bf16
    %c2 = arith.constant 2 : index
    %14 = affine.load %2[%arg3, 0, 0, 2] : memref<16x1x3x3xbf16>
    %15 = arith.mulf %7, %14 : bf16
    %16 = arith.addf %13, %15 : bf16
    %c1_1 = arith.constant 1 : index
    %17 = affine.load %2[%arg3, 0, 1, 0] : memref<16x1x3x3xbf16>
    %18 = arith.mulf %5, %17 : bf16
    %19 = arith.addf %16, %18 : bf16
    %c1_2 = arith.constant 1 : index
    %20 = affine.load %2[%arg3, 0, 1, 1] : memref<16x1x3x3xbf16>
    %21 = arith.mulf %6, %20 : bf16
    %22 = arith.addf %19, %21 : bf16
    %c2_3 = arith.constant 2 : index
    %23 = affine.load %2[%arg3, 0, 1, 2] : memref<16x1x3x3xbf16>
    %24 = arith.mulf %7, %23 : bf16
    %25 = arith.addf %22, %24 : bf16
    %c2_4 = arith.constant 2 : index
    %26 = affine.load %2[%arg3, 0, 2, 0] : memref<16x1x3x3xbf16>
    %27 = arith.mulf %5, %26 : bf16
    %28 = arith.addf %25, %27 : bf16
    %c1_5 = arith.constant 1 : index
    %29 = affine.load %2[%arg3, 0, 2, 1] : memref<16x1x3x3xbf16>
    %30 = arith.mulf %6, %29 : bf16
    %31 = arith.addf %28, %30 : bf16
    %c2_6 = arith.constant 2 : index
    %32 = affine.load %2[%arg3, 0, 2, 2] : memref<16x1x3x3xbf16>
    %33 = arith.mulf %7, %32 : bf16
    %34 = arith.addf %31, %33 : bf16
    affine.store %34, %3[0, %arg3, %arg4, %arg5] : memref<1x16x16x16xbf16>
  }
}
[ADDNodes!] affine.yield
[ADDNodes!] affine.for %arg3 = 0 to 16 {
  affine.for %arg4 = 0 to 16 {
    affine.for %arg5 = 0 to 16 {
      %4 = affine.load %0[0, %arg3, %arg4, %arg5] : memref<1x16x16x16xbf16>
      %5 = affine.load %1[0, 0, -1, %arg5 - 1] : memref<1x1x16x16xbf16>
      %6 = affine.load %1[0, 0, -1, %arg5] : memref<1x1x16x16xbf16>
      %7 = affine.load %1[0, 0, -1, %arg5 + 1] : memref<1x1x16x16xbf16>
      %8 = affine.load %2[%arg3, 0, 0, 0] : memref<16x1x3x3xbf16>
      %9 = arith.mulf %5, %8 : bf16
      %10 = arith.addf %4, %9 : bf16
      %c1 = arith.constant 1 : index
      %11 = affine.load %2[%arg3, 0, 0, 1] : memref<16x1x3x3xbf16>
      %12 = arith.mulf %6, %11 : bf16
      %13 = arith.addf %10, %12 : bf16
      %c2 = arith.constant 2 : index
      %14 = affine.load %2[%arg3, 0, 0, 2] : memref<16x1x3x3xbf16>
      %15 = arith.mulf %7, %14 : bf16
      %16 = arith.addf %13, %15 : bf16
      %c1_1 = arith.constant 1 : index
      %17 = affine.load %2[%arg3, 0, 1, 0] : memref<16x1x3x3xbf16>
      %18 = arith.mulf %5, %17 : bf16
      %19 = arith.addf %16, %18 : bf16
      %c1_2 = arith.constant 1 : index
      %20 = affine.load %2[%arg3, 0, 1, 1] : memref<16x1x3x3xbf16>
      %21 = arith.mulf %6, %20 : bf16
      %22 = arith.addf %19, %21 : bf16
      %c2_3 = arith.constant 2 : index
      %23 = affine.load %2[%arg3, 0, 1, 2] : memref<16x1x3x3xbf16>
      %24 = arith.mulf %7, %23 : bf16
      %25 = arith.addf %22, %24 : bf16
      %c2_4 = arith.constant 2 : index
      %26 = affine.load %2[%arg3, 0, 2, 0] : memref<16x1x3x3xbf16>
      %27 = arith.mulf %5, %26 : bf16
      %28 = arith.addf %25, %27 : bf16
      %c1_5 = arith.constant 1 : index
      %29 = affine.load %2[%arg3, 0, 2, 1] : memref<16x1x3x3xbf16>
      %30 = arith.mulf %6, %29 : bf16
      %31 = arith.addf %28, %30 : bf16
      %c2_6 = arith.constant 2 : index
      %32 = affine.load %2[%arg3, 0, 2, 2] : memref<16x1x3x3xbf16>
      %33 = arith.mulf %7, %32 : bf16
      %34 = arith.addf %31, %33 : bf16
      affine.store %34, %3[0, %arg3, %arg4, %arg5] : memref<1x16x16x16xbf16>
    }
  }
}
Environment variable " GENERAL_OP_NAME_ENV " is not set.
Using " GENERAL_OP_NAME_ENV " = "/home/jhlou/CGRVOPT/cgra-opt/lib/DFG/Documents/GeneralOpName.txt"
affine.for %arg5 = 0 to 16 {
  %4 = affine.load %0[0, %arg3, %arg4, %arg5] : memref<1x16x16x16xbf16>
  %5 = affine.load %1[0, 0, -1, %arg5 - 1] : memref<1x1x16x16xbf16>
  %6 = affine.load %1[0, 0, -1, %arg5] : memref<1x1x16x16xbf16>
  %7 = affine.load %1[0, 0, -1, %arg5 + 1] : memref<1x1x16x16xbf16>
  %8 = affine.load %2[%arg3, 0, 0, 0] : memref<16x1x3x3xbf16>
  %9 = arith.mulf %5, %8 : bf16
  %10 = arith.addf %4, %9 : bf16
  %c1 = arith.constant 1 : index
  %11 = affine.load %2[%arg3, 0, 0, 1] : memref<16x1x3x3xbf16>
  %12 = arith.mulf %6, %11 : bf16
  %13 = arith.addf %10, %12 : bf16
  %c2 = arith.constant 2 : index
  %14 = affine.load %2[%arg3, 0, 0, 2] : memref<16x1x3x3xbf16>
  %15 = arith.mulf %7, %14 : bf16
  %16 = arith.addf %13, %15 : bf16
  %c1_1 = arith.constant 1 : index
  %17 = affine.load %2[%arg3, 0, 1, 0] : memref<16x1x3x3xbf16>
  %18 = arith.mulf %5, %17 : bf16
  %19 = arith.addf %16, %18 : bf16
  %c1_2 = arith.constant 1 : index
  %20 = affine.load %2[%arg3, 0, 1, 1] : memref<16x1x3x3xbf16>
  %21 = arith.mulf %6, %20 : bf16
  %22 = arith.addf %19, %21 : bf16
  %c2_3 = arith.constant 2 : index
  %23 = affine.load %2[%arg3, 0, 1, 2] : memref<16x1x3x3xbf16>
  %24 = arith.mulf %7, %23 : bf16
  %25 = arith.addf %22, %24 : bf16
  %c2_4 = arith.constant 2 : index
  %26 = affine.load %2[%arg3, 0, 2, 0] : memref<16x1x3x3xbf16>
  %27 = arith.mulf %5, %26 : bf16
  %28 = arith.addf %25, %27 : bf16
  %c1_5 = arith.constant 1 : index
  %29 = affine.load %2[%arg3, 0, 2, 1] : memref<16x1x3x3xbf16>
  %30 = arith.mulf %6, %29 : bf16
  %31 = arith.addf %28, %30 : bf16
  %c2_6 = arith.constant 2 : index
  %32 = affine.load %2[%arg3, 0, 2, 2] : memref<16x1x3x3xbf16>
  %33 = arith.mulf %7, %32 : bf16
  %34 = arith.addf %31, %33 : bf16
  affine.store %34, %3[0, %arg3, %arg4, %arg5] : memref<1x16x16x16xbf16>
}
affine.for %arg5 = 0 to 16 {
  %4 = affine.load %0[0, %arg3, %arg4, %arg5] : memref<1x16x16x16xbf16>
  %5 = affine.load %1[0, 0, -1, %arg5 - 1] : memref<1x1x16x16xbf16>
  %6 = affine.load %1[0, 0, -1, %arg5] : memref<1x1x16x16xbf16>
  %7 = affine.load %1[0, 0, -1, %arg5 + 1] : memref<1x1x16x16xbf16>
  %8 = affine.load %2[%arg3, 0, 0, 0] : memref<16x1x3x3xbf16>
  %9 = arith.mulf %5, %8 : bf16
  %10 = arith.addf %4, %9 : bf16
  %c1 = arith.constant 1 : index
  %11 = affine.load %2[%arg3, 0, 0, 1] : memref<16x1x3x3xbf16>
  %12 = arith.mulf %6, %11 : bf16
  %13 = arith.addf %10, %12 : bf16
  %c2 = arith.constant 2 : index
  %14 = affine.load %2[%arg3, 0, 0, 2] : memref<16x1x3x3xbf16>
  %15 = arith.mulf %7, %14 : bf16
  %16 = arith.addf %13, %15 : bf16
  %c1_1 = arith.constant 1 : index
  %17 = affine.load %2[%arg3, 0, 1, 0] : memref<16x1x3x3xbf16>
  %18 = arith.mulf %5, %17 : bf16
  %19 = arith.addf %16, %18 : bf16
  %c1_2 = arith.constant 1 : index
  %20 = affine.load %2[%arg3, 0, 1, 1] : memref<16x1x3x3xbf16>
  %21 = arith.mulf %6, %20 : bf16
  %22 = arith.addf %19, %21 : bf16
  %c2_3 = arith.constant 2 : index
  %23 = affine.load %2[%arg3, 0, 1, 2] : memref<16x1x3x3xbf16>
  %24 = arith.mulf %7, %23 : bf16
  %25 = arith.addf %22, %24 : bf16
  %c2_4 = arith.constant 2 : index
  %26 = affine.load %2[%arg3, 0, 2, 0] : memref<16x1x3x3xbf16>
  %27 = arith.mulf %5, %26 : bf16
  %28 = arith.addf %25, %27 : bf16
  %c1_5 = arith.constant 1 : index
  %29 = affine.load %2[%arg3, 0, 2, 1] : memref<16x1x3x3xbf16>
  %30 = arith.mulf %6, %29 : bf16
  %31 = arith.addf %28, %30 : bf16
  %c2_6 = arith.constant 2 : index
  %32 = affine.load %2[%arg3, 0, 2, 2] : memref<16x1x3x3xbf16>
  %33 = arith.mulf %7, %32 : bf16
  %34 = arith.addf %31, %33 : bf16
  affine.store %34, %3[0, %arg3, %arg4, %arg5] : memref<1x16x16x16xbf16>
}
affine.for %arg4 = 0 to 16 {
  affine.for %arg5 = 0 to 16 {
    %4 = affine.load %0[0, %arg3, %arg4, %arg5] : memref<1x16x16x16xbf16>
    %5 = affine.load %1[0, 0, -1, %arg5 - 1] : memref<1x1x16x16xbf16>
    %6 = affine.load %1[0, 0, -1, %arg5] : memref<1x1x16x16xbf16>
    %7 = affine.load %1[0, 0, -1, %arg5 + 1] : memref<1x1x16x16xbf16>
    %8 = affine.load %2[%arg3, 0, 0, 0] : memref<16x1x3x3xbf16>
    %9 = arith.mulf %5, %8 : bf16
    %10 = arith.addf %4, %9 : bf16
    %c1 = arith.constant 1 : index
    %11 = affine.load %2[%arg3, 0, 0, 1] : memref<16x1x3x3xbf16>
    %12 = arith.mulf %6, %11 : bf16
    %13 = arith.addf %10, %12 : bf16
    %c2 = arith.constant 2 : index
    %14 = affine.load %2[%arg3, 0, 0, 2] : memref<16x1x3x3xbf16>
    %15 = arith.mulf %7, %14 : bf16
    %16 = arith.addf %13, %15 : bf16
    %c1_1 = arith.constant 1 : index
    %17 = affine.load %2[%arg3, 0, 1, 0] : memref<16x1x3x3xbf16>
    %18 = arith.mulf %5, %17 : bf16
    %19 = arith.addf %16, %18 : bf16
    %c1_2 = arith.constant 1 : index
    %20 = affine.load %2[%arg3, 0, 1, 1] : memref<16x1x3x3xbf16>
    %21 = arith.mulf %6, %20 : bf16
    %22 = arith.addf %19, %21 : bf16
    %c2_3 = arith.constant 2 : index
    %23 = affine.load %2[%arg3, 0, 1, 2] : memref<16x1x3x3xbf16>
    %24 = arith.mulf %7, %23 : bf16
    %25 = arith.addf %22, %24 : bf16
    %c2_4 = arith.constant 2 : index
    %26 = affine.load %2[%arg3, 0, 2, 0] : memref<16x1x3x3xbf16>
    %27 = arith.mulf %5, %26 : bf16
    %28 = arith.addf %25, %27 : bf16
    %c1_5 = arith.constant 1 : index
    %29 = affine.load %2[%arg3, 0, 2, 1] : memref<16x1x3x3xbf16>
    %30 = arith.mulf %6, %29 : bf16
    %31 = arith.addf %28, %30 : bf16
    %c2_6 = arith.constant 2 : index
    %32 = affine.load %2[%arg3, 0, 2, 2] : memref<16x1x3x3xbf16>
    %33 = arith.mulf %7, %32 : bf16
    %34 = arith.addf %31, %33 : bf16
    affine.store %34, %3[0, %arg3, %arg4, %arg5] : memref<1x16x16x16xbf16>
  }
}
affine.for %arg5 = 0 to 16 {
  %4 = affine.load %0[0, %arg3, %arg4, %arg5] : memref<1x16x16x16xbf16>
  %5 = affine.load %1[0, 0, -1, %arg5 - 1] : memref<1x1x16x16xbf16>
  %6 = affine.load %1[0, 0, -1, %arg5] : memref<1x1x16x16xbf16>
  %7 = affine.load %1[0, 0, -1, %arg5 + 1] : memref<1x1x16x16xbf16>
  %8 = affine.load %2[%arg3, 0, 0, 0] : memref<16x1x3x3xbf16>
  %9 = arith.mulf %5, %8 : bf16
  %10 = arith.addf %4, %9 : bf16
  %c1 = arith.constant 1 : index
  %11 = affine.load %2[%arg3, 0, 0, 1] : memref<16x1x3x3xbf16>
  %12 = arith.mulf %6, %11 : bf16
  %13 = arith.addf %10, %12 : bf16
  %c2 = arith.constant 2 : index
  %14 = affine.load %2[%arg3, 0, 0, 2] : memref<16x1x3x3xbf16>
  %15 = arith.mulf %7, %14 : bf16
  %16 = arith.addf %13, %15 : bf16
  %c1_1 = arith.constant 1 : index
  %17 = affine.load %2[%arg3, 0, 1, 0] : memref<16x1x3x3xbf16>
  %18 = arith.mulf %5, %17 : bf16
  %19 = arith.addf %16, %18 : bf16
  %c1_2 = arith.constant 1 : index
  %20 = affine.load %2[%arg3, 0, 1, 1] : memref<16x1x3x3xbf16>
  %21 = arith.mulf %6, %20 : bf16
  %22 = arith.addf %19, %21 : bf16
  %c2_3 = arith.constant 2 : index
  %23 = affine.load %2[%arg3, 0, 1, 2] : memref<16x1x3x3xbf16>
  %24 = arith.mulf %7, %23 : bf16
  %25 = arith.addf %22, %24 : bf16
  %c2_4 = arith.constant 2 : index
  %26 = affine.load %2[%arg3, 0, 2, 0] : memref<16x1x3x3xbf16>
  %27 = arith.mulf %5, %26 : bf16
  %28 = arith.addf %25, %27 : bf16
  %c1_5 = arith.constant 1 : index
  %29 = affine.load %2[%arg3, 0, 2, 1] : memref<16x1x3x3xbf16>
  %30 = arith.mulf %6, %29 : bf16
  %31 = arith.addf %28, %30 : bf16
  %c2_6 = arith.constant 2 : index
  %32 = affine.load %2[%arg3, 0, 2, 2] : memref<16x1x3x3xbf16>
  %33 = arith.mulf %7, %32 : bf16
  %34 = arith.addf %31, %33 : bf16
  affine.store %34, %3[0, %arg3, %arg4, %arg5] : memref<1x16x16x16xbf16>
}
affine.for %arg4 = 0 to 16 {
  affine.for %arg5 = 0 to 16 {
    %4 = affine.load %0[0, %arg3, %arg4, %arg5] : memref<1x16x16x16xbf16>
    %5 = affine.load %1[0, 0, -1, %arg5 - 1] : memref<1x1x16x16xbf16>
    %6 = affine.load %1[0, 0, -1, %arg5] : memref<1x1x16x16xbf16>
    %7 = affine.load %1[0, 0, -1, %arg5 + 1] : memref<1x1x16x16xbf16>
    %8 = affine.load %2[%arg3, 0, 0, 0] : memref<16x1x3x3xbf16>
    %9 = arith.mulf %5, %8 : bf16
    %10 = arith.addf %4, %9 : bf16
    %c1 = arith.constant 1 : index
    %11 = affine.load %2[%arg3, 0, 0, 1] : memref<16x1x3x3xbf16>
    %12 = arith.mulf %6, %11 : bf16
    %13 = arith.addf %10, %12 : bf16
    %c2 = arith.constant 2 : index
    %14 = affine.load %2[%arg3, 0, 0, 2] : memref<16x1x3x3xbf16>
    %15 = arith.mulf %7, %14 : bf16
    %16 = arith.addf %13, %15 : bf16
    %c1_1 = arith.constant 1 : index
    %17 = affine.load %2[%arg3, 0, 1, 0] : memref<16x1x3x3xbf16>
    %18 = arith.mulf %5, %17 : bf16
    %19 = arith.addf %16, %18 : bf16
    %c1_2 = arith.constant 1 : index
    %20 = affine.load %2[%arg3, 0, 1, 1] : memref<16x1x3x3xbf16>
    %21 = arith.mulf %6, %20 : bf16
    %22 = arith.addf %19, %21 : bf16
    %c2_3 = arith.constant 2 : index
    %23 = affine.load %2[%arg3, 0, 1, 2] : memref<16x1x3x3xbf16>
    %24 = arith.mulf %7, %23 : bf16
    %25 = arith.addf %22, %24 : bf16
    %c2_4 = arith.constant 2 : index
    %26 = affine.load %2[%arg3, 0, 2, 0] : memref<16x1x3x3xbf16>
    %27 = arith.mulf %5, %26 : bf16
    %28 = arith.addf %25, %27 : bf16
    %c1_5 = arith.constant 1 : index
    %29 = affine.load %2[%arg3, 0, 2, 1] : memref<16x1x3x3xbf16>
    %30 = arith.mulf %6, %29 : bf16
    %31 = arith.addf %28, %30 : bf16
    %c2_6 = arith.constant 2 : index
    %32 = affine.load %2[%arg3, 0, 2, 2] : memref<16x1x3x3xbf16>
    %33 = arith.mulf %7, %32 : bf16
    %34 = arith.addf %31, %33 : bf16
    affine.store %34, %3[0, %arg3, %arg4, %arg5] : memref<1x16x16x16xbf16>
  }
}
affine.for %arg3 = 0 to 16 {
  affine.for %arg4 = 0 to 16 {
    affine.for %arg5 = 0 to 16 {
      %4 = affine.load %0[0, %arg3, %arg4, %arg5] : memref<1x16x16x16xbf16>
      %5 = affine.load %1[0, 0, -1, %arg5 - 1] : memref<1x1x16x16xbf16>
      %6 = affine.load %1[0, 0, -1, %arg5] : memref<1x1x16x16xbf16>
      %7 = affine.load %1[0, 0, -1, %arg5 + 1] : memref<1x1x16x16xbf16>
      %8 = affine.load %2[%arg3, 0, 0, 0] : memref<16x1x3x3xbf16>
      %9 = arith.mulf %5, %8 : bf16
      %10 = arith.addf %4, %9 : bf16
      %c1 = arith.constant 1 : index
      %11 = affine.load %2[%arg3, 0, 0, 1] : memref<16x1x3x3xbf16>
      %12 = arith.mulf %6, %11 : bf16
      %13 = arith.addf %10, %12 : bf16
      %c2 = arith.constant 2 : index
      %14 = affine.load %2[%arg3, 0, 0, 2] : memref<16x1x3x3xbf16>
      %15 = arith.mulf %7, %14 : bf16
      %16 = arith.addf %13, %15 : bf16
      %c1_1 = arith.constant 1 : index
      %17 = affine.load %2[%arg3, 0, 1, 0] : memref<16x1x3x3xbf16>
      %18 = arith.mulf %5, %17 : bf16
      %19 = arith.addf %16, %18 : bf16
      %c1_2 = arith.constant 1 : index
      %20 = affine.load %2[%arg3, 0, 1, 1] : memref<16x1x3x3xbf16>
      %21 = arith.mulf %6, %20 : bf16
      %22 = arith.addf %19, %21 : bf16
      %c2_3 = arith.constant 2 : index
      %23 = affine.load %2[%arg3, 0, 1, 2] : memref<16x1x3x3xbf16>
      %24 = arith.mulf %7, %23 : bf16
      %25 = arith.addf %22, %24 : bf16
      %c2_4 = arith.constant 2 : index
      %26 = affine.load %2[%arg3, 0, 2, 0] : memref<16x1x3x3xbf16>
      %27 = arith.mulf %5, %26 : bf16
      %28 = arith.addf %25, %27 : bf16
      %c1_5 = arith.constant 1 : index
      %29 = affine.load %2[%arg3, 0, 2, 1] : memref<16x1x3x3xbf16>
      %30 = arith.mulf %6, %29 : bf16
      %31 = arith.addf %28, %30 : bf16
      %c2_6 = arith.constant 2 : index
      %32 = affine.load %2[%arg3, 0, 2, 2] : memref<16x1x3x3xbf16>
      %33 = arith.mulf %7, %32 : bf16
      %34 = arith.addf %31, %33 : bf16
      affine.store %34, %3[0, %arg3, %arg4, %arg5] : memref<1x16x16x16xbf16>
    }
  }
}
[ADDNodes!] %4 = affine.load %0[0, %arg3, %arg4, %arg5] : memref<1x16x16x16xbf16>
[ADDNodes!] %5 = affine.load %1[0, 0, -1, %arg5 - 1] : memref<1x1x16x16xbf16>
[ADDNodes!] %6 = affine.load %1[0, 0, -1, %arg5] : memref<1x1x16x16xbf16>
[ADDNodes!] %7 = affine.load %1[0, 0, -1, %arg5 + 1] : memref<1x1x16x16xbf16>
[ADDNodes!] %8 = affine.load %2[%arg3, 0, 0, 0] : memref<16x1x3x3xbf16>
[ADDNodes!] %9 = arith.mulf %5, %8 : bf16
[ADDNodes!] %10 = arith.addf %4, %9 : bf16
[ADDNodes!] %c1 = arith.constant 1 : index
[ADDNodes!] %11 = affine.load %2[%arg3, 0, 0, 1] : memref<16x1x3x3xbf16>
[ADDNodes!] %12 = arith.mulf %6, %11 : bf16
[ADDNodes!] %13 = arith.addf %10, %12 : bf16
[ADDNodes!] %c2 = arith.constant 2 : index
[ADDNodes!] %14 = affine.load %2[%arg3, 0, 0, 2] : memref<16x1x3x3xbf16>
[ADDNodes!] %15 = arith.mulf %7, %14 : bf16
[ADDNodes!] %16 = arith.addf %13, %15 : bf16
[ADDNodes!] %c1_1 = arith.constant 1 : index
[ADDNodes!] %17 = affine.load %2[%arg3, 0, 1, 0] : memref<16x1x3x3xbf16>
[ADDNodes!] %18 = arith.mulf %5, %17 : bf16
[ADDNodes!] %19 = arith.addf %16, %18 : bf16
[ADDNodes!] %c1_2 = arith.constant 1 : index
[ADDNodes!] %20 = affine.load %2[%arg3, 0, 1, 1] : memref<16x1x3x3xbf16>
[ADDNodes!] %21 = arith.mulf %6, %20 : bf16
[ADDNodes!] %22 = arith.addf %19, %21 : bf16
[ADDNodes!] %c2_3 = arith.constant 2 : index
[ADDNodes!] %23 = affine.load %2[%arg3, 0, 1, 2] : memref<16x1x3x3xbf16>
[ADDNodes!] %24 = arith.mulf %7, %23 : bf16
[ADDNodes!] %25 = arith.addf %22, %24 : bf16
[ADDNodes!] %c2_4 = arith.constant 2 : index
[ADDNodes!] %26 = affine.load %2[%arg3, 0, 2, 0] : memref<16x1x3x3xbf16>
[ADDNodes!] %27 = arith.mulf %5, %26 : bf16
[ADDNodes!] %28 = arith.addf %25, %27 : bf16
[ADDNodes!] %c1_5 = arith.constant 1 : index
[ADDNodes!] %29 = affine.load %2[%arg3, 0, 2, 1] : memref<16x1x3x3xbf16>
[ADDNodes!] %30 = arith.mulf %6, %29 : bf16
[ADDNodes!] %31 = arith.addf %28, %30 : bf16
[ADDNodes!] %c2_6 = arith.constant 2 : index
[ADDNodes!] %32 = affine.load %2[%arg3, 0, 2, 2] : memref<16x1x3x3xbf16>
[ADDNodes!] %33 = arith.mulf %7, %32 : bf16
[ADDNodes!] %34 = arith.addf %31, %33 : bf16
[ADDNodes!] affine.store %34, %3[0, %arg3, %arg4, %arg5] : memref<1x16x16x16xbf16>
[ADDNodes!] affine.yield
[ADDNodes!] affine.for %arg5 = 0 to 16 {
  %4 = affine.load %0[0, %arg3, %arg4, %arg5] : memref<1x16x16x16xbf16>
  %5 = affine.load %1[0, 0, -1, %arg5 - 1] : memref<1x1x16x16xbf16>
  %6 = affine.load %1[0, 0, -1, %arg5] : memref<1x1x16x16xbf16>
  %7 = affine.load %1[0, 0, -1, %arg5 + 1] : memref<1x1x16x16xbf16>
  %8 = affine.load %2[%arg3, 0, 0, 0] : memref<16x1x3x3xbf16>
  %9 = arith.mulf %5, %8 : bf16
  %10 = arith.addf %4, %9 : bf16
  %c1 = arith.constant 1 : index
  %11 = affine.load %2[%arg3, 0, 0, 1] : memref<16x1x3x3xbf16>
  %12 = arith.mulf %6, %11 : bf16
  %13 = arith.addf %10, %12 : bf16
  %c2 = arith.constant 2 : index
  %14 = affine.load %2[%arg3, 0, 0, 2] : memref<16x1x3x3xbf16>
  %15 = arith.mulf %7, %14 : bf16
  %16 = arith.addf %13, %15 : bf16
  %c1_1 = arith.constant 1 : index
  %17 = affine.load %2[%arg3, 0, 1, 0] : memref<16x1x3x3xbf16>
  %18 = arith.mulf %5, %17 : bf16
  %19 = arith.addf %16, %18 : bf16
  %c1_2 = arith.constant 1 : index
  %20 = affine.load %2[%arg3, 0, 1, 1] : memref<16x1x3x3xbf16>
  %21 = arith.mulf %6, %20 : bf16
  %22 = arith.addf %19, %21 : bf16
  %c2_3 = arith.constant 2 : index
  %23 = affine.load %2[%arg3, 0, 1, 2] : memref<16x1x3x3xbf16>
  %24 = arith.mulf %7, %23 : bf16
  %25 = arith.addf %22, %24 : bf16
  %c2_4 = arith.constant 2 : index
  %26 = affine.load %2[%arg3, 0, 2, 0] : memref<16x1x3x3xbf16>
  %27 = arith.mulf %5, %26 : bf16
  %28 = arith.addf %25, %27 : bf16
  %c1_5 = arith.constant 1 : index
  %29 = affine.load %2[%arg3, 0, 2, 1] : memref<16x1x3x3xbf16>
  %30 = arith.mulf %6, %29 : bf16
  %31 = arith.addf %28, %30 : bf16
  %c2_6 = arith.constant 2 : index
  %32 = affine.load %2[%arg3, 0, 2, 2] : memref<16x1x3x3xbf16>
  %33 = arith.mulf %7, %32 : bf16
  %34 = arith.addf %31, %33 : bf16
  affine.store %34, %3[0, %arg3, %arg4, %arg5] : memref<1x16x16x16xbf16>
}
[ADDNodes!] affine.yield
[ADDNodes!] affine.for %arg4 = 0 to 16 {
  affine.for %arg5 = 0 to 16 {
    %4 = affine.load %0[0, %arg3, %arg4, %arg5] : memref<1x16x16x16xbf16>
    %5 = affine.load %1[0, 0, -1, %arg5 - 1] : memref<1x1x16x16xbf16>
    %6 = affine.load %1[0, 0, -1, %arg5] : memref<1x1x16x16xbf16>
    %7 = affine.load %1[0, 0, -1, %arg5 + 1] : memref<1x1x16x16xbf16>
    %8 = affine.load %2[%arg3, 0, 0, 0] : memref<16x1x3x3xbf16>
    %9 = arith.mulf %5, %8 : bf16
    %10 = arith.addf %4, %9 : bf16
    %c1 = arith.constant 1 : index
    %11 = affine.load %2[%arg3, 0, 0, 1] : memref<16x1x3x3xbf16>
    %12 = arith.mulf %6, %11 : bf16
    %13 = arith.addf %10, %12 : bf16
    %c2 = arith.constant 2 : index
    %14 = affine.load %2[%arg3, 0, 0, 2] : memref<16x1x3x3xbf16>
    %15 = arith.mulf %7, %14 : bf16
    %16 = arith.addf %13, %15 : bf16
    %c1_1 = arith.constant 1 : index
    %17 = affine.load %2[%arg3, 0, 1, 0] : memref<16x1x3x3xbf16>
    %18 = arith.mulf %5, %17 : bf16
    %19 = arith.addf %16, %18 : bf16
    %c1_2 = arith.constant 1 : index
    %20 = affine.load %2[%arg3, 0, 1, 1] : memref<16x1x3x3xbf16>
    %21 = arith.mulf %6, %20 : bf16
    %22 = arith.addf %19, %21 : bf16
    %c2_3 = arith.constant 2 : index
    %23 = affine.load %2[%arg3, 0, 1, 2] : memref<16x1x3x3xbf16>
    %24 = arith.mulf %7, %23 : bf16
    %25 = arith.addf %22, %24 : bf16
    %c2_4 = arith.constant 2 : index
    %26 = affine.load %2[%arg3, 0, 2, 0] : memref<16x1x3x3xbf16>
    %27 = arith.mulf %5, %26 : bf16
    %28 = arith.addf %25, %27 : bf16
    %c1_5 = arith.constant 1 : index
    %29 = affine.load %2[%arg3, 0, 2, 1] : memref<16x1x3x3xbf16>
    %30 = arith.mulf %6, %29 : bf16
    %31 = arith.addf %28, %30 : bf16
    %c2_6 = arith.constant 2 : index
    %32 = affine.load %2[%arg3, 0, 2, 2] : memref<16x1x3x3xbf16>
    %33 = arith.mulf %7, %32 : bf16
    %34 = arith.addf %31, %33 : bf16
    affine.store %34, %3[0, %arg3, %arg4, %arg5] : memref<1x16x16x16xbf16>
  }
}
[ADDNodes!] affine.yield
[ADDNodes!] affine.for %arg3 = 0 to 16 {
  affine.for %arg4 = 0 to 16 {
    affine.for %arg5 = 0 to 16 {
      %4 = affine.load %0[0, %arg3, %arg4, %arg5] : memref<1x16x16x16xbf16>
      %5 = affine.load %1[0, 0, -1, %arg5 - 1] : memref<1x1x16x16xbf16>
      %6 = affine.load %1[0, 0, -1, %arg5] : memref<1x1x16x16xbf16>
      %7 = affine.load %1[0, 0, -1, %arg5 + 1] : memref<1x1x16x16xbf16>
      %8 = affine.load %2[%arg3, 0, 0, 0] : memref<16x1x3x3xbf16>
      %9 = arith.mulf %5, %8 : bf16
      %10 = arith.addf %4, %9 : bf16
      %c1 = arith.constant 1 : index
      %11 = affine.load %2[%arg3, 0, 0, 1] : memref<16x1x3x3xbf16>
      %12 = arith.mulf %6, %11 : bf16
      %13 = arith.addf %10, %12 : bf16
      %c2 = arith.constant 2 : index
      %14 = affine.load %2[%arg3, 0, 0, 2] : memref<16x1x3x3xbf16>
      %15 = arith.mulf %7, %14 : bf16
      %16 = arith.addf %13, %15 : bf16
      %c1_1 = arith.constant 1 : index
      %17 = affine.load %2[%arg3, 0, 1, 0] : memref<16x1x3x3xbf16>
      %18 = arith.mulf %5, %17 : bf16
      %19 = arith.addf %16, %18 : bf16
      %c1_2 = arith.constant 1 : index
      %20 = affine.load %2[%arg3, 0, 1, 1] : memref<16x1x3x3xbf16>
      %21 = arith.mulf %6, %20 : bf16
      %22 = arith.addf %19, %21 : bf16
      %c2_3 = arith.constant 2 : index
      %23 = affine.load %2[%arg3, 0, 1, 2] : memref<16x1x3x3xbf16>
      %24 = arith.mulf %7, %23 : bf16
      %25 = arith.addf %22, %24 : bf16
      %c2_4 = arith.constant 2 : index
      %26 = affine.load %2[%arg3, 0, 2, 0] : memref<16x1x3x3xbf16>
      %27 = arith.mulf %5, %26 : bf16
      %28 = arith.addf %25, %27 : bf16
      %c1_5 = arith.constant 1 : index
      %29 = affine.load %2[%arg3, 0, 2, 1] : memref<16x1x3x3xbf16>
      %30 = arith.mulf %6, %29 : bf16
      %31 = arith.addf %28, %30 : bf16
      %c2_6 = arith.constant 2 : index
      %32 = affine.load %2[%arg3, 0, 2, 2] : memref<16x1x3x3xbf16>
      %33 = arith.mulf %7, %32 : bf16
      %34 = arith.addf %31, %33 : bf16
      affine.store %34, %3[0, %arg3, %arg4, %arg5] : memref<1x16x16x16xbf16>
    }
  }
}
module {
  func.func @main_graph(%arg0: memref<1x1x16x16xbf16>, %arg1: memref<16x1x3x3xbf16>, %arg2: memref<16xbf16>) -> memref<1x16x16x16xbf16> attributes {llvm.emit_c_interface, onnxEntryPoint} {
    %0 = call @Conv_0(%arg0, %arg1, %arg2) : (memref<1x1x16x16xbf16>, memref<16x1x3x3xbf16>, memref<16xbf16>) -> memref<1x16x16x16xbf16>
    return %0 : memref<1x16x16x16xbf16>
  }
  func.func @Conv_0(%arg0: memref<1x1x16x16xbf16>, %arg1: memref<16x1x3x3xbf16>, %arg2: memref<16xbf16>) -> memref<1x16x16x16xbf16> attributes {adora_kernel, llvm.emit_c_interface} {
    %c0 = arith.constant 0 : index
    %c0_0 = arith.constant 0 : index
    %alloc = memref.alloc() : memref<1x16x16x16xbf16>
    %0 = ADORA.BlockLoad %alloc [0, 0, 0, 0] : memref<1x16x16x16xbf16> -> memref<1x16x16x16xbf16>  {Id = "0", KernelName = "Conv_0"}
    %1 = ADORA.BlockLoad %arg0 [0, 0, 0, 0] : memref<1x1x16x16xbf16> -> memref<1x1x16x16xbf16>  {Id = "1", KernelName = "Conv_0"}
    %2 = ADORA.BlockLoad %arg1 [0, 0, 0, 0] : memref<16x1x3x3xbf16> -> memref<16x1x3x3xbf16>  {Id = "2", KernelName = "Conv_0"}
    %3 = ADORA.LocalMemAlloc memref<1x16x16x16xbf16>  {Id = "3", KernelName = "Conv_0"}
    ADORA.kernel {
      affine.for %arg3 = 0 to 16 {
        affine.for %arg4 = 0 to 16 {
          affine.for %arg5 = 0 to 16 {
            %4 = affine.load %0[0, %arg3, %arg4, %arg5] : memref<1x16x16x16xbf16>
            %5 = affine.load %1[0, 0, -1, %arg5 - 1] : memref<1x1x16x16xbf16>
            %6 = affine.load %1[0, 0, -1, %arg5] : memref<1x1x16x16xbf16>
            %7 = affine.load %1[0, 0, -1, %arg5 + 1] : memref<1x1x16x16xbf16>
            %8 = affine.load %2[%arg3, 0, 0, 0] : memref<16x1x3x3xbf16>
            %9 = arith.mulf %5, %8 : bf16
            %10 = arith.addf %4, %9 : bf16
            %c1 = arith.constant 1 : index
            %11 = affine.load %2[%arg3, 0, 0, 1] : memref<16x1x3x3xbf16>
            %12 = arith.mulf %6, %11 : bf16
            %13 = arith.addf %10, %12 : bf16
            %c2 = arith.constant 2 : index
            %14 = affine.load %2[%arg3, 0, 0, 2] : memref<16x1x3x3xbf16>
            %15 = arith.mulf %7, %14 : bf16
            %16 = arith.addf %13, %15 : bf16
            %c1_1 = arith.constant 1 : index
            %17 = affine.load %2[%arg3, 0, 1, 0] : memref<16x1x3x3xbf16>
            %18 = arith.mulf %5, %17 : bf16
            %19 = arith.addf %16, %18 : bf16
            %c1_2 = arith.constant 1 : index
            %20 = affine.load %2[%arg3, 0, 1, 1] : memref<16x1x3x3xbf16>
            %21 = arith.mulf %6, %20 : bf16
            %22 = arith.addf %19, %21 : bf16
            %c2_3 = arith.constant 2 : index
            %23 = affine.load %2[%arg3, 0, 1, 2] : memref<16x1x3x3xbf16>
            %24 = arith.mulf %7, %23 : bf16
            %25 = arith.addf %22, %24 : bf16
            %c2_4 = arith.constant 2 : index
            %26 = affine.load %2[%arg3, 0, 2, 0] : memref<16x1x3x3xbf16>
            %27 = arith.mulf %5, %26 : bf16
            %28 = arith.addf %25, %27 : bf16
            %c1_5 = arith.constant 1 : index
            %29 = affine.load %2[%arg3, 0, 2, 1] : memref<16x1x3x3xbf16>
            %30 = arith.mulf %6, %29 : bf16
            %31 = arith.addf %28, %30 : bf16
            %c2_6 = arith.constant 2 : index
            %32 = affine.load %2[%arg3, 0, 2, 2] : memref<16x1x3x3xbf16>
            %33 = arith.mulf %7, %32 : bf16
            %34 = arith.addf %31, %33 : bf16
            affine.store %34, %3[0, %arg3, %arg4, %arg5] : memref<1x16x16x16xbf16>
          }
        }
      }
      ADORA.terminator
    } {KernelName = "Conv_0"}
    ADORA.BlockStore %3, %alloc [0, 0, 0, 0] : memref<1x16x16x16xbf16> -> memref<1x16x16x16xbf16>  {Id = "3", KernelName = "Conv_0"}
    return %alloc : memref<1x16x16x16xbf16>
  }
}

