Parse Operations: /home/jhlou/CGRVOPT/MatrixMeld/vitrartl/spec/operations.json
Parse ADG: /home/jhlou/CGRVOPT/MatrixMeld/vitrartl/spec/vitra_cgra_adg.json
numGpeNodes: 72, numFuNodes(GPE+IOB): 96, numTiles: 6
======================================================================
Graph(id): -2144665248
bitWidth: 16
numInputs: 0
numOutputs: 0
inputNames: 

outputNames: 

inputs: 
outputs: 
numGpeNodes: 72
numIobNodes: 24
cfgDataWidth: 32
cfgAddrWidth: 12
cfgBlkOffset: 3
cfgSpadSize: 4096
iobAgNestLevels: 4
iobSpadBankSize: 8192
iobToSpadBanks: 
IOB(0): 0 1 
IOB(1): 0 1 
IOB(2): 2 3 
IOB(3): 2 3 
IOB(4): 4 5 
IOB(5): 4 5 
IOB(6): 6 7 
IOB(7): 6 7 
IOB(8): 8 9 
IOB(9): 8 9 
IOB(10): 10 11 
IOB(11): 10 11 
IOB(12): 12 13 
IOB(13): 12 13 
IOB(14): 14 15 
IOB(15): 14 15 
IOB(16): 16 17 
IOB(17): 16 17 
IOB(18): 18 19 
IOB(19): 18 19 
IOB(20): 20 21 
IOB(21): 20 21 
IOB(22): 22 23 
IOB(23): 22 23 
cfgBits: 
=====================================
id: 1
type: IOB
name: IOB1
bitWidth: 0
numInputs: 4
numOutputs: 1
inputs: 
0: (3, 4)
1: (4, 6)
2: (3, 5)
3: (4, 7)
outputs: 
0: (3, 4) (4, 6) 
cfgBlkIdx: 1
operations: INPUT, LOAD, OUTPUT, STORE, 
maxDelay: 10
numOperands: 2
operandInputs: 
0: 0 1 
1: 2 3 
cfgIdMap: BaseAddr, 5; Cycles0, 7; Cycles1, 9; Cycles2, 11; Cycles3, 13; II, 14; IsStore, 16; Latency, 15; Stride0, 6; Stride1, 8; Stride2, 10; Stride3, 12; UseAddr, 17; 
index: 0
=====================================
id: 2
type: IOB
name: IOB2
bitWidth: 0
numInputs: 4
numOutputs: 1
inputs: 
0: (4, 8)
1: (33, 6)
2: (4, 9)
3: (33, 7)
outputs: 
0: (4, 7) (33, 6) 
cfgBlkIdx: 2
operations: INPUT, LOAD, OUTPUT, STORE, 
maxDelay: 10
numOperands: 2
operandInputs: 
0: 0 1 
1: 2 3 
cfgIdMap: BaseAddr, 5; Cycles0, 7; Cycles1, 9; Cycles2, 11; Cycles3, 13; II, 14; IsStore, 16; Latency, 15; Stride0, 6; Stride1, 8; Stride2, 10; Stride3, 12; UseAddr, 17; 
index: 1
=====================================
id: 3
type: GIB
name: GIB3
bitWidth: 0
numInputs: 6
numOutputs: 10
inputs: 
0: (4, 0)
1: (4, 1)
2: (7, 0)
3: (7, 1)
4: (1, 0)
5: (5, 0)
outputs: 
0: (4, 0) 
1: (4, 1) 
2: (7, 0) 
3: (7, 1) 
4: (1, 0) 
5: (1, 2) 
6: (5, 0) 
7: (5, 4) 
8: (5, 8) 
9: (5, 12) 
cfgBlkIdx: 3
trackReged: 0
outReged: 
0: 0
1: 0
2: 0
3: 0
4: 0
5: 0
6: 0
7: 0
8: 0
9: 0
out2ins: 
0, 2
1, 3
2, 0
2, 4
3, 1
4, 2
5, 3
7, 4
9, 4
in2outs: 
0, 2
1, 3
2, 0
2, 4
3, 1
3, 5
4, 2
4, 7
4, 9
=====================================
id: 4
type: GIB
name: GIB4
bitWidth: 0
numInputs: 10
numOutputs: 18
inputs: 
0: (3, 0)
1: (3, 1)
2: (33, 0)
3: (33, 1)
4: (8, 2)
5: (8, 3)
6: (1, 0)
7: (2, 0)
8: (6, 0)
9: (5, 0)
outputs: 
0: (3, 0) 
1: (3, 1) 
2: (33, 0) 
3: (33, 1) 
4: (8, 2) 
5: (8, 3) 
6: (1, 1) 
7: (1, 3) 
8: (2, 0) 
9: (2, 2) 
10: (6, 0) 
11: (6, 4) 
12: (6, 8) 
13: (6, 12) 
14: (5, 1) 
15: (5, 5) 
16: (5, 9) 
17: (5, 13) 
cfgBlkIdx: 4
trackReged: 1
outReged: 
0: 1
1: 1
2: 1
3: 1
4: 1
5: 1
6: 0
7: 0
8: 0
9: 0
10: 0
11: 0
12: 0
13: 0
14: 0
15: 0
16: 0
17: 0
out2ins: 
0, 2
0, 5
0, 7
0, 8
1, 3
1, 4
2, 0
2, 4
2, 6
2, 9
3, 1
3, 5
4, 1
4, 2
4, 7
5, 0
5, 3
5, 6
6, 2
6, 5
6, 8
6, 9
7, 3
7, 4
7, 8
7, 9
8, 0
8, 4
8, 6
8, 9
9, 1
9, 5
9, 6
9, 9
10, 0
10, 6
11, 0
11, 7
12, 1
12, 6
13, 1
13, 7
14, 2
14, 7
14, 8
15, 2
16, 3
16, 7
16, 8
17, 3
in2outs: 
0, 2
0, 5
0, 8
0, 10
0, 11
1, 3
1, 4
1, 9
1, 12
1, 13
2, 0
2, 4
2, 6
2, 14
2, 15
3, 1
3, 5
3, 7
3, 16
3, 17
4, 1
4, 2
4, 7
4, 8
5, 0
5, 3
5, 6
5, 9
6, 2
6, 5
6, 8
6, 9
6, 10
6, 12
7, 0
7, 4
7, 11
7, 13
7, 14
7, 16
8, 0
8, 6
8, 7
8, 14
8, 16
9, 2
9, 6
9, 7
9, 8
9, 9
=====================================
id: 5
type: GPE
name: GPE5
bitWidth: 0
numInputs: 16
numOutputs: 1
inputs: 
0: (3, 6)
1: (4, 14)
2: (7, 6)
3: (8, 8)
4: (3, 7)
5: (4, 15)
6: (7, 7)
7: (8, 9)
8: (3, 8)
9: (4, 16)
10: (7, 8)
11: (8, 10)
12: (3, 9)
13: (4, 17)
14: (7, 9)
15: (8, 11)
outputs: 
0: (3, 5) (4, 9) (7, 6) (8, 8) 
cfgBlkIdx: 5
operations: ACC, ADD, AND, ASHR, ASUB, BFACC16, BFADD16, BFEQ16, BFMUL16, BFOLE16, BFOLT16, BFSUB16, BFUNO16, DEINTLV2, DEINTLV3, DEINTLV4, FACC32, FADD32, FMUL32, FSUB32, INTLV2, INTLV3, INTLV4, ISEL, LSHR, MUL, OR, PASS, SEL, SHL, SLE, SLT, SUB, 
maxDelay: 10
numOperands: 4
operandInputs: 
0: 0 1 2 3 
1: 4 5 6 7 
2: 8 9 10 11 
3: 12 13 14 15 
cfgIdMap: Cycles, 12; InitVal, 9; Latency, 11; Repeats, 13; SkipFirst, 14; WI, 10; 
numRfReg: 0
=====================================
id: 6
type: GPE
name: GPE6
bitWidth: 0
numInputs: 16
numOutputs: 1
inputs: 
0: (4, 10)
1: (33, 14)
2: (8, 12)
3: (37, 8)
4: (4, 11)
5: (33, 15)
6: (8, 13)
7: (37, 9)
8: (4, 12)
9: (33, 16)
10: (8, 14)
11: (37, 10)
12: (4, 13)
13: (33, 17)
14: (8, 15)
15: (37, 11)
outputs: 
0: (4, 8) (8, 9) (33, 9) (37, 8) 
cfgBlkIdx: 6
operations: ACC, ADD, AND, ASHR, ASUB, BFACC16, BFADD16, BFEQ16, BFMUL16, BFOLE16, BFOLT16, BFSUB16, BFUNO16, DEINTLV2, DEINTLV3, DEINTLV4, FACC32, FADD32, FMUL32, FSUB32, INTLV2, INTLV3, INTLV4, ISEL, LSHR, MUL, OR, PASS, SEL, SHL, SLE, SLT, SUB, 
maxDelay: 10
numOperands: 4
operandInputs: 
0: 0 1 2 3 
1: 4 5 6 7 
2: 8 9 10 11 
3: 12 13 14 15 
cfgIdMap: Cycles, 12; InitVal, 9; Latency, 11; Repeats, 13; SkipFirst, 14; WI, 10; 
numRfReg: 0
=====================================
id: 7
type: GIB
name: GIB7
bitWidth: 0
numInputs: 8
numOutputs: 14
inputs: 
0: (3, 2)
1: (3, 3)
2: (8, 0)
3: (8, 1)
4: (11, 0)
5: (11, 1)
6: (5, 0)
7: (9, 0)
outputs: 
0: (3, 2) 
1: (3, 3) 
2: (8, 0) 
3: (8, 1) 
4: (11, 0) 
5: (11, 1) 
6: (5, 2) 
7: (5, 6) 
8: (5, 10) 
9: (5, 14) 
10: (9, 0) 
11: (9, 4) 
12: (9, 8) 
13: (9, 12) 
cfgBlkIdx: 7
trackReged: 1
outReged: 
0: 1
1: 1
2: 1
3: 1
4: 1
5: 1
6: 0
7: 0
8: 0
9: 0
10: 0
11: 0
12: 0
13: 0
out2ins: 
0, 3
0, 4
1, 2
1, 5
1, 7
2, 1
2, 4
3, 0
3, 5
4, 0
4, 2
4, 6
5, 1
5, 3
6, 4
7, 4
8, 5
9, 5
10, 1
11, 1
11, 6
12, 0
13, 0
13, 6
in2outs: 
0, 3
0, 4
0, 12
0, 13
1, 2
1, 5
1, 10
1, 11
2, 1
2, 4
3, 0
3, 5
4, 0
4, 2
4, 6
4, 7
5, 1
5, 3
5, 8
5, 9
6, 4
6, 11
6, 13
7, 1
=====================================
id: 8
type: GIB
name: GIB8
bitWidth: 0
numInputs: 12
numOutputs: 24
inputs: 
0: (7, 2)
1: (7, 3)
2: (4, 4)
3: (4, 5)
4: (37, 0)
5: (37, 1)
6: (12, 2)
7: (12, 3)
8: (5, 0)
9: (6, 0)
10: (10, 0)
11: (9, 0)
outputs: 
0: (7, 2) 
1: (7, 3) 
2: (4, 4) 
3: (4, 5) 
4: (37, 0) 
5: (37, 1) 
6: (12, 2) 
7: (12, 3) 
8: (5, 3) 
9: (5, 7) 
10: (5, 11) 
11: (5, 15) 
12: (6, 2) 
13: (6, 6) 
14: (6, 10) 
15: (6, 14) 
16: (10, 0) 
17: (10, 4) 
18: (10, 8) 
19: (10, 12) 
20: (9, 1) 
21: (9, 5) 
22: (9, 9) 
23: (9, 13) 
cfgBlkIdx: 8
trackReged: 0
outReged: 
0: 0
1: 0
2: 0
3: 0
4: 0
5: 0
6: 0
7: 0
8: 0
9: 0
10: 0
11: 0
12: 0
13: 0
14: 0
15: 0
16: 0
17: 0
18: 0
19: 0
20: 0
21: 0
22: 0
23: 0
out2ins: 
0, 2
0, 4
0, 7
0, 9
0, 10
1, 3
1, 5
1, 6
2, 0
2, 5
2, 6
2, 11
3, 1
3, 4
3, 7
3, 10
4, 0
4, 3
4, 6
4, 8
4, 11
5, 1
5, 2
5, 7
6, 1
6, 2
6, 4
6, 9
7, 0
7, 3
7, 5
7, 8
8, 4
8, 7
8, 10
9, 4
9, 7
9, 11
10, 5
10, 6
10, 10
11, 5
11, 6
11, 11
12, 0
12, 6
12, 8
12, 11
13, 0
13, 6
14, 1
14, 7
14, 8
14, 11
15, 1
15, 7
16, 0
16, 3
16, 8
17, 0
17, 3
17, 9
18, 1
18, 2
18, 8
19, 1
19, 2
19, 9
20, 2
20, 4
20, 9
20, 10
21, 2
21, 4
22, 3
22, 5
22, 9
22, 10
23, 3
23, 5
in2outs: 
0, 2
0, 4
0, 7
0, 12
0, 13
0, 16
0, 17
1, 3
1, 5
1, 6
1, 14
1, 15
1, 18
1, 19
2, 0
2, 5
2, 6
2, 18
2, 19
2, 20
2, 21
3, 1
3, 4
3, 7
3, 16
3, 17
3, 22
3, 23
4, 0
4, 3
4, 6
4, 8
4, 9
4, 20
4, 21
5, 1
5, 2
5, 7
5, 10
5, 11
5, 22
5, 23
6, 1
6, 2
6, 4
6, 10
6, 11
6, 12
6, 13
7, 0
7, 3
7, 5
7, 8
7, 9
7, 14
7, 15
8, 4
8, 7
8, 12
8, 14
8, 16
8, 18
9, 0
9, 6
9, 17
9, 19
9, 20
9, 22
10, 0
10, 3
10, 8
10, 10
10, 20
10, 22
11, 2
11, 4
11, 9
11, 11
11, 12
11, 14
=====================================
id: 9
type: GPE
name: GPE9
bitWidth: 0
numInputs: 16
numOutputs: 1
inputs: 
0: (7, 10)
1: (8, 20)
2: (11, 6)
3: (12, 8)
4: (7, 11)
5: (8, 21)
6: (11, 7)
7: (12, 9)
8: (7, 12)
9: (8, 22)
10: (11, 8)
11: (12, 10)
12: (7, 13)
13: (8, 23)
14: (11, 9)
15: (12, 11)
outputs: 
0: (7, 7) (8, 11) (11, 6) (12, 8) 
cfgBlkIdx: 9
operations: ACC, ADD, AND, ASHR, ASUB, BFACC16, BFADD16, BFEQ16, BFMUL16, BFOLE16, BFOLT16, BFSUB16, BFUNO16, DEINTLV2, DEINTLV3, DEINTLV4, FACC32, FADD32, FMUL32, FSUB32, INTLV2, INTLV3, INTLV4, ISEL, LSHR, MUL, OR, PASS, SEL, SHL, SLE, SLT, SUB, 
maxDelay: 10
numOperands: 4
operandInputs: 
0: 0 1 2 3 
1: 4 5 6 7 
2: 8 9 10 11 
3: 12 13 14 15 
cfgIdMap: Cycles, 12; InitVal, 9; Latency, 11; Repeats, 13; SkipFirst, 14; WI, 10; 
numRfReg: 0
=====================================
id: 10
type: GPE
name: GPE10
bitWidth: 0
numInputs: 16
numOutputs: 1
inputs: 
0: (8, 16)
1: (37, 20)
2: (12, 12)
3: (41, 8)
4: (8, 17)
5: (37, 21)
6: (12, 13)
7: (41, 9)
8: (8, 18)
9: (37, 22)
10: (12, 14)
11: (41, 10)
12: (8, 19)
13: (37, 23)
14: (12, 15)
15: (41, 11)
outputs: 
0: (8, 10) (12, 9) (37, 11) (41, 8) 
cfgBlkIdx: 10
operations: ACC, ADD, AND, ASHR, ASUB, BFACC16, BFADD16, BFEQ16, BFMUL16, BFOLE16, BFOLT16, BFSUB16, BFUNO16, DEINTLV2, DEINTLV3, DEINTLV4, FACC32, FADD32, FMUL32, FSUB32, INTLV2, INTLV3, INTLV4, ISEL, LSHR, MUL, OR, PASS, SEL, SHL, SLE, SLT, SUB, 
maxDelay: 10
numOperands: 4
operandInputs: 
0: 0 1 2 3 
1: 4 5 6 7 
2: 8 9 10 11 
3: 12 13 14 15 
cfgIdMap: Cycles, 12; InitVal, 9; Latency, 11; Repeats, 13; SkipFirst, 14; WI, 10; 
numRfReg: 0
=====================================
id: 11
type: GIB
name: GIB11
bitWidth: 0
numInputs: 8
numOutputs: 14
inputs: 
0: (7, 4)
1: (7, 5)
2: (12, 0)
3: (12, 1)
4: (15, 0)
5: (15, 1)
6: (9, 0)
7: (13, 0)
outputs: 
0: (7, 4) 
1: (7, 5) 
2: (12, 0) 
3: (12, 1) 
4: (15, 0) 
5: (15, 1) 
6: (9, 2) 
7: (9, 6) 
8: (9, 10) 
9: (9, 14) 
10: (13, 0) 
11: (13, 4) 
12: (13, 8) 
13: (13, 12) 
cfgBlkIdx: 11
trackReged: 0
outReged: 
0: 0
1: 0
2: 0
3: 0
4: 0
5: 0
6: 0
7: 0
8: 0
9: 0
10: 0
11: 0
12: 0
13: 0
out2ins: 
0, 3
0, 4
1, 2
1, 5
1, 7
2, 1
2, 4
3, 0
3, 5
4, 0
4, 2
4, 6
5, 1
5, 3
6, 4
7, 4
8, 5
9, 5
10, 1
11, 1
11, 6
12, 0
13, 0
13, 6
in2outs: 
0, 3
0, 4
0, 12
0, 13
1, 2
1, 5
1, 10
1, 11
2, 1
2, 4
3, 0
3, 5
4, 0
4, 2
4, 6
4, 7
5, 1
5, 3
5, 8
5, 9
6, 4
6, 11
6, 13
7, 1
=====================================
id: 12
type: GIB
name: GIB12
bitWidth: 0
numInputs: 12
numOutputs: 24
inputs: 
0: (11, 2)
1: (11, 3)
2: (8, 6)
3: (8, 7)
4: (41, 0)
5: (41, 1)
6: (16, 2)
7: (16, 3)
8: (9, 0)
9: (10, 0)
10: (14, 0)
11: (13, 0)
outputs: 
0: (11, 2) 
1: (11, 3) 
2: (8, 6) 
3: (8, 7) 
4: (41, 0) 
5: (41, 1) 
6: (16, 2) 
7: (16, 3) 
8: (9, 3) 
9: (9, 7) 
10: (9, 11) 
11: (9, 15) 
12: (10, 2) 
13: (10, 6) 
14: (10, 10) 
15: (10, 14) 
16: (14, 0) 
17: (14, 4) 
18: (14, 8) 
19: (14, 12) 
20: (13, 1) 
21: (13, 5) 
22: (13, 9) 
23: (13, 13) 
cfgBlkIdx: 12
trackReged: 1
outReged: 
0: 1
1: 1
2: 1
3: 1
4: 1
5: 1
6: 1
7: 1
8: 0
9: 0
10: 0
11: 0
12: 0
13: 0
14: 0
15: 0
16: 0
17: 0
18: 0
19: 0
20: 0
21: 0
22: 0
23: 0
out2ins: 
0, 2
0, 4
0, 7
0, 9
0, 10
1, 3
1, 5
1, 6
2, 0
2, 5
2, 6
2, 11
3, 1
3, 4
3, 7
3, 10
4, 0
4, 3
4, 6
4, 8
4, 11
5, 1
5, 2
5, 7
6, 1
6, 2
6, 4
6, 9
7, 0
7, 3
7, 5
7, 8
8, 4
8, 7
8, 10
9, 4
9, 7
9, 11
10, 5
10, 6
10, 10
11, 5
11, 6
11, 11
12, 0
12, 6
12, 8
12, 11
13, 0
13, 6
14, 1
14, 7
14, 8
14, 11
15, 1
15, 7
16, 0
16, 3
16, 8
17, 0
17, 3
17, 9
18, 1
18, 2
18, 8
19, 1
19, 2
19, 9
20, 2
20, 4
20, 9
20, 10
21, 2
21, 4
22, 3
22, 5
22, 9
22, 10
23, 3
23, 5
in2outs: 
0, 2
0, 4
0, 7
0, 12
0, 13
0, 16
0, 17
1, 3
1, 5
1, 6
1, 14
1, 15
1, 18
1, 19
2, 0
2, 5
2, 6
2, 18
2, 19
2, 20
2, 21
3, 1
3, 4
3, 7
3, 16
3, 17
3, 22
3, 23
4, 0
4, 3
4, 6
4, 8
4, 9
4, 20
4, 21
5, 1
5, 2
5, 7
5, 10
5, 11
5, 22
5, 23
6, 1
6, 2
6, 4
6, 10
6, 11
6, 12
6, 13
7, 0
7, 3
7, 5
7, 8
7, 9
7, 14
7, 15
8, 4
8, 7
8, 12
8, 14
8, 16
8, 18
9, 0
9, 6
9, 17
9, 19
9, 20
9, 22
10, 0
10, 3
10, 8
10, 10
10, 20
10, 22
11, 2
11, 4
11, 9
11, 11
11, 12
11, 14
=====================================
id: 13
type: GPE
name: GPE13
bitWidth: 0
numInputs: 16
numOutputs: 1
inputs: 
0: (11, 10)
1: (12, 20)
2: (15, 6)
3: (16, 8)
4: (11, 11)
5: (12, 21)
6: (15, 7)
7: (16, 9)
8: (11, 12)
9: (12, 22)
10: (15, 8)
11: (16, 10)
12: (11, 13)
13: (12, 23)
14: (15, 9)
15: (16, 11)
outputs: 
0: (11, 7) (12, 11) (15, 6) (16, 8) 
cfgBlkIdx: 13
operations: ACC, ADD, AND, ASHR, ASUB, BFACC16, BFADD16, BFEQ16, BFMUL16, BFOLE16, BFOLT16, BFSUB16, BFUNO16, DEINTLV2, DEINTLV3, DEINTLV4, FACC32, FADD32, FMUL32, FSUB32, INTLV2, INTLV3, INTLV4, ISEL, LSHR, MUL, OR, PASS, SEL, SHL, SLE, SLT, SUB, 
maxDelay: 10
numOperands: 4
operandInputs: 
0: 0 1 2 3 
1: 4 5 6 7 
2: 8 9 10 11 
3: 12 13 14 15 
cfgIdMap: Cycles, 12; InitVal, 9; Latency, 11; Repeats, 13; SkipFirst, 14; WI, 10; 
numRfReg: 0
=====================================
id: 14
type: GPE
name: GPE14
bitWidth: 0
numInputs: 16
numOutputs: 1
inputs: 
0: (12, 16)
1: (41, 20)
2: (16, 12)
3: (45, 8)
4: (12, 17)
5: (41, 21)
6: (16, 13)
7: (45, 9)
8: (12, 18)
9: (41, 22)
10: (16, 14)
11: (45, 10)
12: (12, 19)
13: (41, 23)
14: (16, 15)
15: (45, 11)
outputs: 
0: (12, 10) (16, 9) (41, 11) (45, 8) 
cfgBlkIdx: 14
operations: ACC, ADD, AND, ASHR, ASUB, BFACC16, BFADD16, BFEQ16, BFMUL16, BFOLE16, BFOLT16, BFSUB16, BFUNO16, DEINTLV2, DEINTLV3, DEINTLV4, FACC32, FADD32, FMUL32, FSUB32, INTLV2, INTLV3, INTLV4, ISEL, LSHR, MUL, OR, PASS, SEL, SHL, SLE, SLT, SUB, 
maxDelay: 10
numOperands: 4
operandInputs: 
0: 0 1 2 3 
1: 4 5 6 7 
2: 8 9 10 11 
3: 12 13 14 15 
cfgIdMap: Cycles, 12; InitVal, 9; Latency, 11; Repeats, 13; SkipFirst, 14; WI, 10; 
numRfReg: 0
=====================================
id: 15
type: GIB
name: GIB15
bitWidth: 0
numInputs: 8
numOutputs: 14
inputs: 
0: (11, 4)
1: (11, 5)
2: (16, 0)
3: (16, 1)
4: (19, 0)
5: (19, 1)
6: (13, 0)
7: (17, 0)
outputs: 
0: (11, 4) 
1: (11, 5) 
2: (16, 0) 
3: (16, 1) 
4: (19, 0) 
5: (19, 1) 
6: (13, 2) 
7: (13, 6) 
8: (13, 10) 
9: (13, 14) 
10: (17, 0) 
11: (17, 4) 
12: (17, 8) 
13: (17, 12) 
cfgBlkIdx: 15
trackReged: 1
outReged: 
0: 1
1: 1
2: 1
3: 1
4: 1
5: 1
6: 0
7: 0
8: 0
9: 0
10: 0
11: 0
12: 0
13: 0
out2ins: 
0, 3
0, 4
1, 2
1, 5
1, 7
2, 1
2, 4
3, 0
3, 5
4, 0
4, 2
4, 6
5, 1
5, 3
6, 4
7, 4
8, 5
9, 5
10, 1
11, 1
11, 6
12, 0
13, 0
13, 6
in2outs: 
0, 3
0, 4
0, 12
0, 13
1, 2
1, 5
1, 10
1, 11
2, 1
2, 4
3, 0
3, 5
4, 0
4, 2
4, 6
4, 7
5, 1
5, 3
5, 8
5, 9
6, 4
6, 11
6, 13
7, 1
=====================================
id: 16
type: GIB
name: GIB16
bitWidth: 0
numInputs: 12
numOutputs: 24
inputs: 
0: (15, 2)
1: (15, 3)
2: (12, 6)
3: (12, 7)
4: (45, 0)
5: (45, 1)
6: (20, 2)
7: (20, 3)
8: (13, 0)
9: (14, 0)
10: (18, 0)
11: (17, 0)
outputs: 
0: (15, 2) 
1: (15, 3) 
2: (12, 6) 
3: (12, 7) 
4: (45, 0) 
5: (45, 1) 
6: (20, 2) 
7: (20, 3) 
8: (13, 3) 
9: (13, 7) 
10: (13, 11) 
11: (13, 15) 
12: (14, 2) 
13: (14, 6) 
14: (14, 10) 
15: (14, 14) 
16: (18, 0) 
17: (18, 4) 
18: (18, 8) 
19: (18, 12) 
20: (17, 1) 
21: (17, 5) 
22: (17, 9) 
23: (17, 13) 
cfgBlkIdx: 16
trackReged: 0
outReged: 
0: 0
1: 0
2: 0
3: 0
4: 0
5: 0
6: 0
7: 0
8: 0
9: 0
10: 0
11: 0
12: 0
13: 0
14: 0
15: 0
16: 0
17: 0
18: 0
19: 0
20: 0
21: 0
22: 0
23: 0
out2ins: 
0, 2
0, 4
0, 7
0, 9
0, 10
1, 3
1, 5
1, 6
2, 0
2, 5
2, 6
2, 11
3, 1
3, 4
3, 7
3, 10
4, 0
4, 3
4, 6
4, 8
4, 11
5, 1
5, 2
5, 7
6, 1
6, 2
6, 4
6, 9
7, 0
7, 3
7, 5
7, 8
8, 4
8, 7
8, 10
9, 4
9, 7
9, 11
10, 5
10, 6
10, 10
11, 5
11, 6
11, 11
12, 0
12, 6
12, 8
12, 11
13, 0
13, 6
14, 1
14, 7
14, 8
14, 11
15, 1
15, 7
16, 0
16, 3
16, 8
17, 0
17, 3
17, 9
18, 1
18, 2
18, 8
19, 1
19, 2
19, 9
20, 2
20, 4
20, 9
20, 10
21, 2
21, 4
22, 3
22, 5
22, 9
22, 10
23, 3
23, 5
in2outs: 
0, 2
0, 4
0, 7
0, 12
0, 13
0, 16
0, 17
1, 3
1, 5
1, 6
1, 14
1, 15
1, 18
1, 19
2, 0
2, 5
2, 6
2, 18
2, 19
2, 20
2, 21
3, 1
3, 4
3, 7
3, 16
3, 17
3, 22
3, 23
4, 0
4, 3
4, 6
4, 8
4, 9
4, 20
4, 21
5, 1
5, 2
5, 7
5, 10
5, 11
5, 22
5, 23
6, 1
6, 2
6, 4
6, 10
6, 11
6, 12
6, 13
7, 0
7, 3
7, 5
7, 8
7, 9
7, 14
7, 15
8, 4
8, 7
8, 12
8, 14
8, 16
8, 18
9, 0
9, 6
9, 17
9, 19
9, 20
9, 22
10, 0
10, 3
10, 8
10, 10
10, 20
10, 22
11, 2
11, 4
11, 9
11, 11
11, 12
11, 14
=====================================
id: 17
type: GPE
name: GPE17
bitWidth: 0
numInputs: 16
numOutputs: 1
inputs: 
0: (15, 10)
1: (16, 20)
2: (19, 6)
3: (20, 8)
4: (15, 11)
5: (16, 21)
6: (19, 7)
7: (20, 9)
8: (15, 12)
9: (16, 22)
10: (19, 8)
11: (20, 10)
12: (15, 13)
13: (16, 23)
14: (19, 9)
15: (20, 11)
outputs: 
0: (15, 7) (16, 11) (19, 6) (20, 8) 
cfgBlkIdx: 17
operations: ACC, ADD, AND, ASHR, ASUB, BFACC16, BFADD16, BFEQ16, BFMUL16, BFOLE16, BFOLT16, BFSUB16, BFUNO16, DEINTLV2, DEINTLV3, DEINTLV4, FACC32, FADD32, FMUL32, FSUB32, INTLV2, INTLV3, INTLV4, ISEL, LSHR, MUL, OR, PASS, SEL, SHL, SLE, SLT, SUB, 
maxDelay: 10
numOperands: 4
operandInputs: 
0: 0 1 2 3 
1: 4 5 6 7 
2: 8 9 10 11 
3: 12 13 14 15 
cfgIdMap: Cycles, 12; InitVal, 9; Latency, 11; Repeats, 13; SkipFirst, 14; WI, 10; 
numRfReg: 0
=====================================
id: 18
type: GPE
name: GPE18
bitWidth: 0
numInputs: 16
numOutputs: 1
inputs: 
0: (16, 16)
1: (45, 20)
2: (20, 12)
3: (49, 8)
4: (16, 17)
5: (45, 21)
6: (20, 13)
7: (49, 9)
8: (16, 18)
9: (45, 22)
10: (20, 14)
11: (49, 10)
12: (16, 19)
13: (45, 23)
14: (20, 15)
15: (49, 11)
outputs: 
0: (16, 10) (20, 9) (45, 11) (49, 8) 
cfgBlkIdx: 18
operations: ACC, ADD, AND, ASHR, ASUB, BFACC16, BFADD16, BFEQ16, BFMUL16, BFOLE16, BFOLT16, BFSUB16, BFUNO16, DEINTLV2, DEINTLV3, DEINTLV4, FACC32, FADD32, FMUL32, FSUB32, INTLV2, INTLV3, INTLV4, ISEL, LSHR, MUL, OR, PASS, SEL, SHL, SLE, SLT, SUB, 
maxDelay: 10
numOperands: 4
operandInputs: 
0: 0 1 2 3 
1: 4 5 6 7 
2: 8 9 10 11 
3: 12 13 14 15 
cfgIdMap: Cycles, 12; InitVal, 9; Latency, 11; Repeats, 13; SkipFirst, 14; WI, 10; 
numRfReg: 0
=====================================
id: 19
type: GIB
name: GIB19
bitWidth: 0
numInputs: 8
numOutputs: 14
inputs: 
0: (15, 4)
1: (15, 5)
2: (20, 0)
3: (20, 1)
4: (23, 0)
5: (23, 1)
6: (17, 0)
7: (21, 0)
outputs: 
0: (15, 4) 
1: (15, 5) 
2: (20, 0) 
3: (20, 1) 
4: (23, 0) 
5: (23, 1) 
6: (17, 2) 
7: (17, 6) 
8: (17, 10) 
9: (17, 14) 
10: (21, 0) 
11: (21, 4) 
12: (21, 8) 
13: (21, 12) 
cfgBlkIdx: 19
trackReged: 0
outReged: 
0: 0
1: 0
2: 0
3: 0
4: 0
5: 0
6: 0
7: 0
8: 0
9: 0
10: 0
11: 0
12: 0
13: 0
out2ins: 
0, 3
0, 4
1, 2
1, 5
1, 7
2, 1
2, 4
3, 0
3, 5
4, 0
4, 2
4, 6
5, 1
5, 3
6, 4
7, 4
8, 5
9, 5
10, 1
11, 1
11, 6
12, 0
13, 0
13, 6
in2outs: 
0, 3
0, 4
0, 12
0, 13
1, 2
1, 5
1, 10
1, 11
2, 1
2, 4
3, 0
3, 5
4, 0
4, 2
4, 6
4, 7
5, 1
5, 3
5, 8
5, 9
6, 4
6, 11
6, 13
7, 1
=====================================
id: 20
type: GIB
name: GIB20
bitWidth: 0
numInputs: 12
numOutputs: 24
inputs: 
0: (19, 2)
1: (19, 3)
2: (16, 6)
3: (16, 7)
4: (49, 0)
5: (49, 1)
6: (24, 2)
7: (24, 3)
8: (17, 0)
9: (18, 0)
10: (22, 0)
11: (21, 0)
outputs: 
0: (19, 2) 
1: (19, 3) 
2: (16, 6) 
3: (16, 7) 
4: (49, 0) 
5: (49, 1) 
6: (24, 2) 
7: (24, 3) 
8: (17, 3) 
9: (17, 7) 
10: (17, 11) 
11: (17, 15) 
12: (18, 2) 
13: (18, 6) 
14: (18, 10) 
15: (18, 14) 
16: (22, 0) 
17: (22, 4) 
18: (22, 8) 
19: (22, 12) 
20: (21, 1) 
21: (21, 5) 
22: (21, 9) 
23: (21, 13) 
cfgBlkIdx: 20
trackReged: 1
outReged: 
0: 1
1: 1
2: 1
3: 1
4: 1
5: 1
6: 1
7: 1
8: 0
9: 0
10: 0
11: 0
12: 0
13: 0
14: 0
15: 0
16: 0
17: 0
18: 0
19: 0
20: 0
21: 0
22: 0
23: 0
out2ins: 
0, 2
0, 4
0, 7
0, 9
0, 10
1, 3
1, 5
1, 6
2, 0
2, 5
2, 6
2, 11
3, 1
3, 4
3, 7
3, 10
4, 0
4, 3
4, 6
4, 8
4, 11
5, 1
5, 2
5, 7
6, 1
6, 2
6, 4
6, 9
7, 0
7, 3
7, 5
7, 8
8, 4
8, 7
8, 10
9, 4
9, 7
9, 11
10, 5
10, 6
10, 10
11, 5
11, 6
11, 11
12, 0
12, 6
12, 8
12, 11
13, 0
13, 6
14, 1
14, 7
14, 8
14, 11
15, 1
15, 7
16, 0
16, 3
16, 8
17, 0
17, 3
17, 9
18, 1
18, 2
18, 8
19, 1
19, 2
19, 9
20, 2
20, 4
20, 9
20, 10
21, 2
21, 4
22, 3
22, 5
22, 9
22, 10
23, 3
23, 5
in2outs: 
0, 2
0, 4
0, 7
0, 12
0, 13
0, 16
0, 17
1, 3
1, 5
1, 6
1, 14
1, 15
1, 18
1, 19
2, 0
2, 5
2, 6
2, 18
2, 19
2, 20
2, 21
3, 1
3, 4
3, 7
3, 16
3, 17
3, 22
3, 23
4, 0
4, 3
4, 6
4, 8
4, 9
4, 20
4, 21
5, 1
5, 2
5, 7
5, 10
5, 11
5, 22
5, 23
6, 1
6, 2
6, 4
6, 10
6, 11
6, 12
6, 13
7, 0
7, 3
7, 5
7, 8
7, 9
7, 14
7, 15
8, 4
8, 7
8, 12
8, 14
8, 16
8, 18
9, 0
9, 6
9, 17
9, 19
9, 20
9, 22
10, 0
10, 3
10, 8
10, 10
10, 20
10, 22
11, 2
11, 4
11, 9
11, 11
11, 12
11, 14
=====================================
id: 21
type: GPE
name: GPE21
bitWidth: 0
numInputs: 16
numOutputs: 1
inputs: 
0: (19, 10)
1: (20, 20)
2: (23, 6)
3: (24, 8)
4: (19, 11)
5: (20, 21)
6: (23, 7)
7: (24, 9)
8: (19, 12)
9: (20, 22)
10: (23, 8)
11: (24, 10)
12: (19, 13)
13: (20, 23)
14: (23, 9)
15: (24, 11)
outputs: 
0: (19, 7) (20, 11) (23, 6) (24, 8) 
cfgBlkIdx: 21
operations: ACC, ADD, AND, ASHR, ASUB, BFACC16, BFADD16, BFEQ16, BFMUL16, BFOLE16, BFOLT16, BFSUB16, BFUNO16, DEINTLV2, DEINTLV3, DEINTLV4, FACC32, FADD32, FMUL32, FSUB32, INTLV2, INTLV3, INTLV4, ISEL, LSHR, MUL, OR, PASS, SEL, SHL, SLE, SLT, SUB, 
maxDelay: 10
numOperands: 4
operandInputs: 
0: 0 1 2 3 
1: 4 5 6 7 
2: 8 9 10 11 
3: 12 13 14 15 
cfgIdMap: Cycles, 12; InitVal, 9; Latency, 11; Repeats, 13; SkipFirst, 14; WI, 10; 
numRfReg: 0
=====================================
id: 22
type: GPE
name: GPE22
bitWidth: 0
numInputs: 16
numOutputs: 1
inputs: 
0: (20, 16)
1: (49, 20)
2: (24, 12)
3: (53, 8)
4: (20, 17)
5: (49, 21)
6: (24, 13)
7: (53, 9)
8: (20, 18)
9: (49, 22)
10: (24, 14)
11: (53, 10)
12: (20, 19)
13: (49, 23)
14: (24, 15)
15: (53, 11)
outputs: 
0: (20, 10) (24, 9) (49, 11) (53, 8) 
cfgBlkIdx: 22
operations: ACC, ADD, AND, ASHR, ASUB, BFACC16, BFADD16, BFEQ16, BFMUL16, BFOLE16, BFOLT16, BFSUB16, BFUNO16, DEINTLV2, DEINTLV3, DEINTLV4, FACC32, FADD32, FMUL32, FSUB32, INTLV2, INTLV3, INTLV4, ISEL, LSHR, MUL, OR, PASS, SEL, SHL, SLE, SLT, SUB, 
maxDelay: 10
numOperands: 4
operandInputs: 
0: 0 1 2 3 
1: 4 5 6 7 
2: 8 9 10 11 
3: 12 13 14 15 
cfgIdMap: Cycles, 12; InitVal, 9; Latency, 11; Repeats, 13; SkipFirst, 14; WI, 10; 
numRfReg: 0
=====================================
id: 23
type: GIB
name: GIB23
bitWidth: 0
numInputs: 8
numOutputs: 14
inputs: 
0: (19, 4)
1: (19, 5)
2: (24, 0)
3: (24, 1)
4: (27, 0)
5: (27, 1)
6: (21, 0)
7: (25, 0)
outputs: 
0: (19, 4) 
1: (19, 5) 
2: (24, 0) 
3: (24, 1) 
4: (27, 0) 
5: (27, 1) 
6: (21, 2) 
7: (21, 6) 
8: (21, 10) 
9: (21, 14) 
10: (25, 0) 
11: (25, 4) 
12: (25, 8) 
13: (25, 12) 
cfgBlkIdx: 23
trackReged: 1
outReged: 
0: 1
1: 1
2: 1
3: 1
4: 1
5: 1
6: 0
7: 0
8: 0
9: 0
10: 0
11: 0
12: 0
13: 0
out2ins: 
0, 3
0, 4
1, 2
1, 5
1, 7
2, 1
2, 4
3, 0
3, 5
4, 0
4, 2
4, 6
5, 1
5, 3
6, 4
7, 4
8, 5
9, 5
10, 1
11, 1
11, 6
12, 0
13, 0
13, 6
in2outs: 
0, 3
0, 4
0, 12
0, 13
1, 2
1, 5
1, 10
1, 11
2, 1
2, 4
3, 0
3, 5
4, 0
4, 2
4, 6
4, 7
5, 1
5, 3
5, 8
5, 9
6, 4
6, 11
6, 13
7, 1
=====================================
id: 24
type: GIB
name: GIB24
bitWidth: 0
numInputs: 12
numOutputs: 24
inputs: 
0: (23, 2)
1: (23, 3)
2: (20, 6)
3: (20, 7)
4: (53, 0)
5: (53, 1)
6: (28, 2)
7: (28, 3)
8: (21, 0)
9: (22, 0)
10: (26, 0)
11: (25, 0)
outputs: 
0: (23, 2) 
1: (23, 3) 
2: (20, 6) 
3: (20, 7) 
4: (53, 0) 
5: (53, 1) 
6: (28, 2) 
7: (28, 3) 
8: (21, 3) 
9: (21, 7) 
10: (21, 11) 
11: (21, 15) 
12: (22, 2) 
13: (22, 6) 
14: (22, 10) 
15: (22, 14) 
16: (26, 0) 
17: (26, 4) 
18: (26, 8) 
19: (26, 12) 
20: (25, 1) 
21: (25, 5) 
22: (25, 9) 
23: (25, 13) 
cfgBlkIdx: 24
trackReged: 0
outReged: 
0: 0
1: 0
2: 0
3: 0
4: 0
5: 0
6: 0
7: 0
8: 0
9: 0
10: 0
11: 0
12: 0
13: 0
14: 0
15: 0
16: 0
17: 0
18: 0
19: 0
20: 0
21: 0
22: 0
23: 0
out2ins: 
0, 2
0, 4
0, 7
0, 9
0, 10
1, 3
1, 5
1, 6
2, 0
2, 5
2, 6
2, 11
3, 1
3, 4
3, 7
3, 10
4, 0
4, 3
4, 6
4, 8
4, 11
5, 1
5, 2
5, 7
6, 1
6, 2
6, 4
6, 9
7, 0
7, 3
7, 5
7, 8
8, 4
8, 7
8, 10
9, 4
9, 7
9, 11
10, 5
10, 6
10, 10
11, 5
11, 6
11, 11
12, 0
12, 6
12, 8
12, 11
13, 0
13, 6
14, 1
14, 7
14, 8
14, 11
15, 1
15, 7
16, 0
16, 3
16, 8
17, 0
17, 3
17, 9
18, 1
18, 2
18, 8
19, 1
19, 2
19, 9
20, 2
20, 4
20, 9
20, 10
21, 2
21, 4
22, 3
22, 5
22, 9
22, 10
23, 3
23, 5
in2outs: 
0, 2
0, 4
0, 7
0, 12
0, 13
0, 16
0, 17
1, 3
1, 5
1, 6
1, 14
1, 15
1, 18
1, 19
2, 0
2, 5
2, 6
2, 18
2, 19
2, 20
2, 21
3, 1
3, 4
3, 7
3, 16
3, 17
3, 22
3, 23
4, 0
4, 3
4, 6
4, 8
4, 9
4, 20
4, 21
5, 1
5, 2
5, 7
5, 10
5, 11
5, 22
5, 23
6, 1
6, 2
6, 4
6, 10
6, 11
6, 12
6, 13
7, 0
7, 3
7, 5
7, 8
7, 9
7, 14
7, 15
8, 4
8, 7
8, 12
8, 14
8, 16
8, 18
9, 0
9, 6
9, 17
9, 19
9, 20
9, 22
10, 0
10, 3
10, 8
10, 10
10, 20
10, 22
11, 2
11, 4
11, 9
11, 11
11, 12
11, 14
=====================================
id: 25
type: GPE
name: GPE25
bitWidth: 0
numInputs: 16
numOutputs: 1
inputs: 
0: (23, 10)
1: (24, 20)
2: (27, 4)
3: (28, 6)
4: (23, 11)
5: (24, 21)
6: (27, 5)
7: (28, 7)
8: (23, 12)
9: (24, 22)
10: (27, 6)
11: (28, 8)
12: (23, 13)
13: (24, 23)
14: (27, 7)
15: (28, 9)
outputs: 
0: (23, 7) (24, 11) (27, 4) (28, 6) 
cfgBlkIdx: 25
operations: ACC, ADD, AND, ASHR, ASUB, BFACC16, BFADD16, BFEQ16, BFMUL16, BFOLE16, BFOLT16, BFSUB16, BFUNO16, DEINTLV2, DEINTLV3, DEINTLV4, FACC32, FADD32, FMUL32, FSUB32, INTLV2, INTLV3, INTLV4, ISEL, LSHR, MUL, OR, PASS, SEL, SHL, SLE, SLT, SUB, 
maxDelay: 10
numOperands: 4
operandInputs: 
0: 0 1 2 3 
1: 4 5 6 7 
2: 8 9 10 11 
3: 12 13 14 15 
cfgIdMap: Cycles, 12; InitVal, 9; Latency, 11; Repeats, 13; SkipFirst, 14; WI, 10; 
numRfReg: 0
=====================================
id: 26
type: GPE
name: GPE26
bitWidth: 0
numInputs: 16
numOutputs: 1
inputs: 
0: (24, 16)
1: (53, 20)
2: (28, 10)
3: (57, 6)
4: (24, 17)
5: (53, 21)
6: (28, 11)
7: (57, 7)
8: (24, 18)
9: (53, 22)
10: (28, 12)
11: (57, 8)
12: (24, 19)
13: (53, 23)
14: (28, 13)
15: (57, 9)
outputs: 
0: (24, 10) (28, 7) (53, 11) (57, 6) 
cfgBlkIdx: 26
operations: ACC, ADD, AND, ASHR, ASUB, BFACC16, BFADD16, BFEQ16, BFMUL16, BFOLE16, BFOLT16, BFSUB16, BFUNO16, DEINTLV2, DEINTLV3, DEINTLV4, FACC32, FADD32, FMUL32, FSUB32, INTLV2, INTLV3, INTLV4, ISEL, LSHR, MUL, OR, PASS, SEL, SHL, SLE, SLT, SUB, 
maxDelay: 10
numOperands: 4
operandInputs: 
0: 0 1 2 3 
1: 4 5 6 7 
2: 8 9 10 11 
3: 12 13 14 15 
cfgIdMap: Cycles, 12; InitVal, 9; Latency, 11; Repeats, 13; SkipFirst, 14; WI, 10; 
numRfReg: 0
=====================================
id: 27
type: GIB
name: GIB27
bitWidth: 0
numInputs: 6
numOutputs: 10
inputs: 
0: (23, 4)
1: (23, 5)
2: (28, 0)
3: (28, 1)
4: (25, 0)
5: (29, 0)
outputs: 
0: (23, 4) 
1: (23, 5) 
2: (28, 0) 
3: (28, 1) 
4: (25, 2) 
5: (25, 6) 
6: (25, 10) 
7: (25, 14) 
8: (29, 0) 
9: (29, 2) 
cfgBlkIdx: 27
trackReged: 0
outReged: 
0: 0
1: 0
2: 0
3: 0
4: 0
5: 0
6: 0
7: 0
8: 0
9: 0
out2ins: 
0, 3
1, 2
1, 5
2, 1
3, 0
8, 1
8, 4
9, 0
9, 4
in2outs: 
0, 3
0, 9
1, 2
1, 8
2, 1
3, 0
4, 8
4, 9
5, 1
=====================================
id: 28
type: GIB
name: GIB28
bitWidth: 0
numInputs: 10
numOutputs: 18
inputs: 
0: (27, 2)
1: (27, 3)
2: (24, 6)
3: (24, 7)
4: (57, 0)
5: (57, 1)
6: (25, 0)
7: (26, 0)
8: (30, 0)
9: (29, 0)
outputs: 
0: (27, 2) 
1: (27, 3) 
2: (24, 6) 
3: (24, 7) 
4: (57, 0) 
5: (57, 1) 
6: (25, 3) 
7: (25, 7) 
8: (25, 11) 
9: (25, 15) 
10: (26, 2) 
11: (26, 6) 
12: (26, 10) 
13: (26, 14) 
14: (30, 0) 
15: (30, 2) 
16: (29, 1) 
17: (29, 3) 
cfgBlkIdx: 28
trackReged: 1
outReged: 
0: 1
1: 1
2: 1
3: 1
4: 1
5: 1
6: 0
7: 0
8: 0
9: 0
10: 0
11: 0
12: 0
13: 0
14: 0
15: 0
16: 0
17: 0
out2ins: 
0, 2
0, 4
0, 7
0, 8
1, 3
1, 5
2, 0
2, 5
2, 9
3, 1
3, 4
3, 8
4, 0
4, 3
4, 6
4, 9
5, 1
5, 2
6, 4
6, 8
7, 4
7, 9
8, 5
8, 8
9, 5
9, 9
10, 0
10, 6
10, 9
11, 0
12, 1
12, 6
12, 9
13, 1
14, 0
14, 3
14, 6
14, 7
15, 1
15, 2
15, 6
15, 7
16, 2
16, 4
16, 7
16, 8
17, 3
17, 5
17, 7
17, 8
in2outs: 
0, 2
0, 4
0, 10
0, 11
0, 14
1, 3
1, 5
1, 12
1, 13
1, 15
2, 0
2, 5
2, 15
2, 16
3, 1
3, 4
3, 14
3, 17
4, 0
4, 3
4, 6
4, 7
4, 16
5, 1
5, 2
5, 8
5, 9
5, 17
6, 4
6, 10
6, 12
6, 14
6, 15
7, 0
7, 14
7, 15
7, 16
7, 17
8, 0
8, 3
8, 6
8, 8
8, 16
8, 17
9, 2
9, 4
9, 7
9, 9
9, 10
9, 12
=====================================
id: 29
type: IOB
name: IOB29
bitWidth: 0
numInputs: 4
numOutputs: 1
inputs: 
0: (27, 8)
1: (28, 16)
2: (27, 9)
3: (28, 17)
outputs: 
0: (27, 5) (28, 9) 
cfgBlkIdx: 29
operations: INPUT, LOAD, OUTPUT, STORE, 
maxDelay: 10
numOperands: 2
operandInputs: 
0: 0 1 
1: 2 3 
cfgIdMap: BaseAddr, 5; Cycles0, 7; Cycles1, 9; Cycles2, 11; Cycles3, 13; II, 14; IsStore, 16; Latency, 15; Stride0, 6; Stride1, 8; Stride2, 10; Stride3, 12; UseAddr, 17; 
index: 2
=====================================
id: 30
type: IOB
name: IOB30
bitWidth: 0
numInputs: 4
numOutputs: 1
inputs: 
0: (28, 14)
1: (57, 16)
2: (28, 15)
3: (57, 17)
outputs: 
0: (28, 8) (57, 9) 
cfgBlkIdx: 30
operations: INPUT, LOAD, OUTPUT, STORE, 
maxDelay: 10
numOperands: 2
operandInputs: 
0: 0 1 
1: 2 3 
cfgIdMap: BaseAddr, 5; Cycles0, 7; Cycles1, 9; Cycles2, 11; Cycles3, 13; II, 14; IsStore, 16; Latency, 15; Stride0, 6; Stride1, 8; Stride2, 10; Stride3, 12; UseAddr, 17; 
index: 3
=====================================
id: 31
type: IOB
name: IOB31
bitWidth: 0
numInputs: 4
numOutputs: 1
inputs: 
0: (33, 8)
1: (34, 6)
2: (33, 9)
3: (34, 7)
outputs: 
0: (33, 7) (34, 6) 
cfgBlkIdx: 31
operations: INPUT, LOAD, OUTPUT, STORE, 
maxDelay: 10
numOperands: 2
operandInputs: 
0: 0 1 
1: 2 3 
cfgIdMap: BaseAddr, 5; Cycles0, 7; Cycles1, 9; Cycles2, 11; Cycles3, 13; II, 14; IsStore, 16; Latency, 15; Stride0, 6; Stride1, 8; Stride2, 10; Stride3, 12; UseAddr, 17; 
index: 4
=====================================
id: 32
type: IOB
name: IOB32
bitWidth: 0
numInputs: 4
numOutputs: 1
inputs: 
0: (34, 8)
1: (63, 6)
2: (34, 9)
3: (63, 7)
outputs: 
0: (34, 7) (63, 6) 
cfgBlkIdx: 32
operations: INPUT, LOAD, OUTPUT, STORE, 
maxDelay: 10
numOperands: 2
operandInputs: 
0: 0 1 
1: 2 3 
cfgIdMap: BaseAddr, 5; Cycles0, 7; Cycles1, 9; Cycles2, 11; Cycles3, 13; II, 14; IsStore, 16; Latency, 15; Stride0, 6; Stride1, 8; Stride2, 10; Stride3, 12; UseAddr, 17; 
index: 5
=====================================
id: 33
type: GIB
name: GIB33
bitWidth: 0
numInputs: 10
numOutputs: 18
inputs: 
0: (4, 2)
1: (4, 3)
2: (34, 0)
3: (34, 1)
4: (37, 2)
5: (37, 3)
6: (2, 0)
7: (31, 0)
8: (35, 0)
9: (6, 0)
outputs: 
0: (4, 2) 
1: (4, 3) 
2: (34, 0) 
3: (34, 1) 
4: (37, 2) 
5: (37, 3) 
6: (2, 1) 
7: (2, 3) 
8: (31, 0) 
9: (31, 2) 
10: (35, 0) 
11: (35, 4) 
12: (35, 8) 
13: (35, 12) 
14: (6, 1) 
15: (6, 5) 
16: (6, 9) 
17: (6, 13) 
cfgBlkIdx: 33
trackReged: 0
outReged: 
0: 0
1: 0
2: 0
3: 0
4: 0
5: 0
6: 0
7: 0
8: 0
9: 0
10: 0
11: 0
12: 0
13: 0
14: 0
15: 0
16: 0
17: 0
out2ins: 
0, 2
0, 5
0, 7
0, 8
1, 3
1, 4
2, 0
2, 4
2, 6
2, 9
3, 1
3, 5
4, 1
4, 2
4, 7
5, 0
5, 3
5, 6
6, 2
6, 5
6, 8
6, 9
7, 3
7, 4
7, 8
7, 9
8, 0
8, 4
8, 6
8, 9
9, 1
9, 5
9, 6
9, 9
10, 0
10, 6
11, 0
11, 7
12, 1
12, 6
13, 1
13, 7
14, 2
14, 7
14, 8
15, 2
16, 3
16, 7
16, 8
17, 3
in2outs: 
0, 2
0, 5
0, 8
0, 10
0, 11
1, 3
1, 4
1, 9
1, 12
1, 13
2, 0
2, 4
2, 6
2, 14
2, 15
3, 1
3, 5
3, 7
3, 16
3, 17
4, 1
4, 2
4, 7
4, 8
5, 0
5, 3
5, 6
5, 9
6, 2
6, 5
6, 8
6, 9
6, 10
6, 12
7, 0
7, 4
7, 11
7, 13
7, 14
7, 16
8, 0
8, 6
8, 7
8, 14
8, 16
9, 2
9, 6
9, 7
9, 8
9, 9
=====================================
id: 34
type: GIB
name: GIB34
bitWidth: 0
numInputs: 10
numOutputs: 18
inputs: 
0: (33, 2)
1: (33, 3)
2: (63, 0)
3: (63, 1)
4: (38, 2)
5: (38, 3)
6: (31, 0)
7: (32, 0)
8: (36, 0)
9: (35, 0)
outputs: 
0: (33, 2) 
1: (33, 3) 
2: (63, 0) 
3: (63, 1) 
4: (38, 2) 
5: (38, 3) 
6: (31, 1) 
7: (31, 3) 
8: (32, 0) 
9: (32, 2) 
10: (36, 0) 
11: (36, 4) 
12: (36, 8) 
13: (36, 12) 
14: (35, 1) 
15: (35, 5) 
16: (35, 9) 
17: (35, 13) 
cfgBlkIdx: 34
trackReged: 1
outReged: 
0: 1
1: 1
2: 1
3: 1
4: 1
5: 1
6: 0
7: 0
8: 0
9: 0
10: 0
11: 0
12: 0
13: 0
14: 0
15: 0
16: 0
17: 0
out2ins: 
0, 2
0, 5
0, 7
0, 8
1, 3
1, 4
2, 0
2, 4
2, 6
2, 9
3, 1
3, 5
4, 1
4, 2
4, 7
5, 0
5, 3
5, 6
6, 2
6, 5
6, 8
6, 9
7, 3
7, 4
7, 8
7, 9
8, 0
8, 4
8, 6
8, 9
9, 1
9, 5
9, 6
9, 9
10, 0
10, 6
11, 0
11, 7
12, 1
12, 6
13, 1
13, 7
14, 2
14, 7
14, 8
15, 2
16, 3
16, 7
16, 8
17, 3
in2outs: 
0, 2
0, 5
0, 8
0, 10
0, 11
1, 3
1, 4
1, 9
1, 12
1, 13
2, 0
2, 4
2, 6
2, 14
2, 15
3, 1
3, 5
3, 7
3, 16
3, 17
4, 1
4, 2
4, 7
4, 8
5, 0
5, 3
5, 6
5, 9
6, 2
6, 5
6, 8
6, 9
6, 10
6, 12
7, 0
7, 4
7, 11
7, 13
7, 14
7, 16
8, 0
8, 6
8, 7
8, 14
8, 16
9, 2
9, 6
9, 7
9, 8
9, 9
=====================================
id: 35
type: GPE
name: GPE35
bitWidth: 0
numInputs: 16
numOutputs: 1
inputs: 
0: (33, 10)
1: (34, 14)
2: (37, 12)
3: (38, 8)
4: (33, 11)
5: (34, 15)
6: (37, 13)
7: (38, 9)
8: (33, 12)
9: (34, 16)
10: (37, 14)
11: (38, 10)
12: (33, 13)
13: (34, 17)
14: (37, 15)
15: (38, 11)
outputs: 
0: (33, 8) (34, 9) (37, 9) (38, 8) 
cfgBlkIdx: 35
operations: ACC, ADD, AND, ASHR, ASUB, BFACC16, BFADD16, BFEQ16, BFMUL16, BFOLE16, BFOLT16, BFSUB16, BFUNO16, DEINTLV2, DEINTLV3, DEINTLV4, FACC32, FADD32, FMUL32, FSUB32, INTLV2, INTLV3, INTLV4, ISEL, LSHR, MUL, OR, PASS, SEL, SHL, SLE, SLT, SUB, 
maxDelay: 10
numOperands: 4
operandInputs: 
0: 0 1 2 3 
1: 4 5 6 7 
2: 8 9 10 11 
3: 12 13 14 15 
cfgIdMap: Cycles, 12; InitVal, 9; Latency, 11; Repeats, 13; SkipFirst, 14; WI, 10; 
numRfReg: 0
=====================================
id: 36
type: GPE
name: GPE36
bitWidth: 0
numInputs: 16
numOutputs: 1
inputs: 
0: (34, 10)
1: (63, 14)
2: (38, 12)
3: (67, 8)
4: (34, 11)
5: (63, 15)
6: (38, 13)
7: (67, 9)
8: (34, 12)
9: (63, 16)
10: (38, 14)
11: (67, 10)
12: (34, 13)
13: (63, 17)
14: (38, 15)
15: (67, 11)
outputs: 
0: (34, 8) (38, 9) (63, 9) (67, 8) 
cfgBlkIdx: 36
operations: ACC, ADD, AND, ASHR, ASUB, BFACC16, BFADD16, BFEQ16, BFMUL16, BFOLE16, BFOLT16, BFSUB16, BFUNO16, DEINTLV2, DEINTLV3, DEINTLV4, FACC32, FADD32, FMUL32, FSUB32, INTLV2, INTLV3, INTLV4, ISEL, LSHR, MUL, OR, PASS, SEL, SHL, SLE, SLT, SUB, 
maxDelay: 10
numOperands: 4
operandInputs: 
0: 0 1 2 3 
1: 4 5 6 7 
2: 8 9 10 11 
3: 12 13 14 15 
cfgIdMap: Cycles, 12; InitVal, 9; Latency, 11; Repeats, 13; SkipFirst, 14; WI, 10; 
numRfReg: 0
=====================================
id: 37
type: GIB
name: GIB37
bitWidth: 0
numInputs: 12
numOutputs: 24
inputs: 
0: (8, 4)
1: (8, 5)
2: (33, 4)
3: (33, 5)
4: (38, 0)
5: (38, 1)
6: (41, 2)
7: (41, 3)
8: (6, 0)
9: (35, 0)
10: (39, 0)
11: (10, 0)
outputs: 
0: (8, 4) 
1: (8, 5) 
2: (33, 4) 
3: (33, 5) 
4: (38, 0) 
5: (38, 1) 
6: (41, 2) 
7: (41, 3) 
8: (6, 3) 
9: (6, 7) 
10: (6, 11) 
11: (6, 15) 
12: (35, 2) 
13: (35, 6) 
14: (35, 10) 
15: (35, 14) 
16: (39, 0) 
17: (39, 4) 
18: (39, 8) 
19: (39, 12) 
20: (10, 1) 
21: (10, 5) 
22: (10, 9) 
23: (10, 13) 
cfgBlkIdx: 37
trackReged: 1
outReged: 
0: 1
1: 1
2: 1
3: 1
4: 1
5: 1
6: 1
7: 1
8: 0
9: 0
10: 0
11: 0
12: 0
13: 0
14: 0
15: 0
16: 0
17: 0
18: 0
19: 0
20: 0
21: 0
22: 0
23: 0
out2ins: 
0, 2
0, 4
0, 7
0, 9
0, 10
1, 3
1, 5
1, 6
2, 0
2, 5
2, 6
2, 11
3, 1
3, 4
3, 7
3, 10
4, 0
4, 3
4, 6
4, 8
4, 11
5, 1
5, 2
5, 7
6, 1
6, 2
6, 4
6, 9
7, 0
7, 3
7, 5
7, 8
8, 4
8, 7
8, 10
9, 4
9, 7
9, 11
10, 5
10, 6
10, 10
11, 5
11, 6
11, 11
12, 0
12, 6
12, 8
12, 11
13, 0
13, 6
14, 1
14, 7
14, 8
14, 11
15, 1
15, 7
16, 0
16, 3
16, 8
17, 0
17, 3
17, 9
18, 1
18, 2
18, 8
19, 1
19, 2
19, 9
20, 2
20, 4
20, 9
20, 10
21, 2
21, 4
22, 3
22, 5
22, 9
22, 10
23, 3
23, 5
in2outs: 
0, 2
0, 4
0, 7
0, 12
0, 13
0, 16
0, 17
1, 3
1, 5
1, 6
1, 14
1, 15
1, 18
1, 19
2, 0
2, 5
2, 6
2, 18
2, 19
2, 20
2, 21
3, 1
3, 4
3, 7
3, 16
3, 17
3, 22
3, 23
4, 0
4, 3
4, 6
4, 8
4, 9
4, 20
4, 21
5, 1
5, 2
5, 7
5, 10
5, 11
5, 22
5, 23
6, 1
6, 2
6, 4
6, 10
6, 11
6, 12
6, 13
7, 0
7, 3
7, 5
7, 8
7, 9
7, 14
7, 15
8, 4
8, 7
8, 12
8, 14
8, 16
8, 18
9, 0
9, 6
9, 17
9, 19
9, 20
9, 22
10, 0
10, 3
10, 8
10, 10
10, 20
10, 22
11, 2
11, 4
11, 9
11, 11
11, 12
11, 14
=====================================
id: 38
type: GIB
name: GIB38
bitWidth: 0
numInputs: 12
numOutputs: 24
inputs: 
0: (37, 4)
1: (37, 5)
2: (34, 4)
3: (34, 5)
4: (67, 0)
5: (67, 1)
6: (42, 2)
7: (42, 3)
8: (35, 0)
9: (36, 0)
10: (40, 0)
11: (39, 0)
outputs: 
0: (37, 4) 
1: (37, 5) 
2: (34, 4) 
3: (34, 5) 
4: (67, 0) 
5: (67, 1) 
6: (42, 2) 
7: (42, 3) 
8: (35, 3) 
9: (35, 7) 
10: (35, 11) 
11: (35, 15) 
12: (36, 2) 
13: (36, 6) 
14: (36, 10) 
15: (36, 14) 
16: (40, 0) 
17: (40, 4) 
18: (40, 8) 
19: (40, 12) 
20: (39, 1) 
21: (39, 5) 
22: (39, 9) 
23: (39, 13) 
cfgBlkIdx: 38
trackReged: 0
outReged: 
0: 0
1: 0
2: 0
3: 0
4: 0
5: 0
6: 0
7: 0
8: 0
9: 0
10: 0
11: 0
12: 0
13: 0
14: 0
15: 0
16: 0
17: 0
18: 0
19: 0
20: 0
21: 0
22: 0
23: 0
out2ins: 
0, 2
0, 4
0, 7
0, 9
0, 10
1, 3
1, 5
1, 6
2, 0
2, 5
2, 6
2, 11
3, 1
3, 4
3, 7
3, 10
4, 0
4, 3
4, 6
4, 8
4, 11
5, 1
5, 2
5, 7
6, 1
6, 2
6, 4
6, 9
7, 0
7, 3
7, 5
7, 8
8, 4
8, 7
8, 10
9, 4
9, 7
9, 11
10, 5
10, 6
10, 10
11, 5
11, 6
11, 11
12, 0
12, 6
12, 8
12, 11
13, 0
13, 6
14, 1
14, 7
14, 8
14, 11
15, 1
15, 7
16, 0
16, 3
16, 8
17, 0
17, 3
17, 9
18, 1
18, 2
18, 8
19, 1
19, 2
19, 9
20, 2
20, 4
20, 9
20, 10
21, 2
21, 4
22, 3
22, 5
22, 9
22, 10
23, 3
23, 5
in2outs: 
0, 2
0, 4
0, 7
0, 12
0, 13
0, 16
0, 17
1, 3
1, 5
1, 6
1, 14
1, 15
1, 18
1, 19
2, 0
2, 5
2, 6
2, 18
2, 19
2, 20
2, 21
3, 1
3, 4
3, 7
3, 16
3, 17
3, 22
3, 23
4, 0
4, 3
4, 6
4, 8
4, 9
4, 20
4, 21
5, 1
5, 2
5, 7
5, 10
5, 11
5, 22
5, 23
6, 1
6, 2
6, 4
6, 10
6, 11
6, 12
6, 13
7, 0
7, 3
7, 5
7, 8
7, 9
7, 14
7, 15
8, 4
8, 7
8, 12
8, 14
8, 16
8, 18
9, 0
9, 6
9, 17
9, 19
9, 20
9, 22
10, 0
10, 3
10, 8
10, 10
10, 20
10, 22
11, 2
11, 4
11, 9
11, 11
11, 12
11, 14
=====================================
id: 39
type: GPE
name: GPE39
bitWidth: 0
numInputs: 16
numOutputs: 1
inputs: 
0: (37, 16)
1: (38, 20)
2: (41, 12)
3: (42, 8)
4: (37, 17)
5: (38, 21)
6: (41, 13)
7: (42, 9)
8: (37, 18)
9: (38, 22)
10: (41, 14)
11: (42, 10)
12: (37, 19)
13: (38, 23)
14: (41, 15)
15: (42, 11)
outputs: 
0: (37, 10) (38, 11) (41, 9) (42, 8) 
cfgBlkIdx: 39
operations: ACC, ADD, AND, ASHR, ASUB, BFACC16, BFADD16, BFEQ16, BFMUL16, BFOLE16, BFOLT16, BFSUB16, BFUNO16, DEINTLV2, DEINTLV3, DEINTLV4, FACC32, FADD32, FMUL32, FSUB32, INTLV2, INTLV3, INTLV4, ISEL, LSHR, MUL, OR, PASS, SEL, SHL, SLE, SLT, SUB, 
maxDelay: 10
numOperands: 4
operandInputs: 
0: 0 1 2 3 
1: 4 5 6 7 
2: 8 9 10 11 
3: 12 13 14 15 
cfgIdMap: Cycles, 12; InitVal, 9; Latency, 11; Repeats, 13; SkipFirst, 14; WI, 10; 
numRfReg: 0
=====================================
id: 40
type: GPE
name: GPE40
bitWidth: 0
numInputs: 16
numOutputs: 1
inputs: 
0: (38, 16)
1: (67, 20)
2: (42, 12)
3: (71, 8)
4: (38, 17)
5: (67, 21)
6: (42, 13)
7: (71, 9)
8: (38, 18)
9: (67, 22)
10: (42, 14)
11: (71, 10)
12: (38, 19)
13: (67, 23)
14: (42, 15)
15: (71, 11)
outputs: 
0: (38, 10) (42, 9) (67, 11) (71, 8) 
cfgBlkIdx: 40
operations: ACC, ADD, AND, ASHR, ASUB, BFACC16, BFADD16, BFEQ16, BFMUL16, BFOLE16, BFOLT16, BFSUB16, BFUNO16, DEINTLV2, DEINTLV3, DEINTLV4, FACC32, FADD32, FMUL32, FSUB32, INTLV2, INTLV3, INTLV4, ISEL, LSHR, MUL, OR, PASS, SEL, SHL, SLE, SLT, SUB, 
maxDelay: 10
numOperands: 4
operandInputs: 
0: 0 1 2 3 
1: 4 5 6 7 
2: 8 9 10 11 
3: 12 13 14 15 
cfgIdMap: Cycles, 12; InitVal, 9; Latency, 11; Repeats, 13; SkipFirst, 14; WI, 10; 
numRfReg: 0
=====================================
id: 41
type: GIB
name: GIB41
bitWidth: 0
numInputs: 12
numOutputs: 24
inputs: 
0: (12, 4)
1: (12, 5)
2: (37, 6)
3: (37, 7)
4: (42, 0)
5: (42, 1)
6: (45, 2)
7: (45, 3)
8: (10, 0)
9: (39, 0)
10: (43, 0)
11: (14, 0)
outputs: 
0: (12, 4) 
1: (12, 5) 
2: (37, 6) 
3: (37, 7) 
4: (42, 0) 
5: (42, 1) 
6: (45, 2) 
7: (45, 3) 
8: (10, 3) 
9: (10, 7) 
10: (10, 11) 
11: (10, 15) 
12: (39, 2) 
13: (39, 6) 
14: (39, 10) 
15: (39, 14) 
16: (43, 0) 
17: (43, 4) 
18: (43, 8) 
19: (43, 12) 
20: (14, 1) 
21: (14, 5) 
22: (14, 9) 
23: (14, 13) 
cfgBlkIdx: 41
trackReged: 0
outReged: 
0: 0
1: 0
2: 0
3: 0
4: 0
5: 0
6: 0
7: 0
8: 0
9: 0
10: 0
11: 0
12: 0
13: 0
14: 0
15: 0
16: 0
17: 0
18: 0
19: 0
20: 0
21: 0
22: 0
23: 0
out2ins: 
0, 2
0, 4
0, 7
0, 9
0, 10
1, 3
1, 5
1, 6
2, 0
2, 5
2, 6
2, 11
3, 1
3, 4
3, 7
3, 10
4, 0
4, 3
4, 6
4, 8
4, 11
5, 1
5, 2
5, 7
6, 1
6, 2
6, 4
6, 9
7, 0
7, 3
7, 5
7, 8
8, 4
8, 7
8, 10
9, 4
9, 7
9, 11
10, 5
10, 6
10, 10
11, 5
11, 6
11, 11
12, 0
12, 6
12, 8
12, 11
13, 0
13, 6
14, 1
14, 7
14, 8
14, 11
15, 1
15, 7
16, 0
16, 3
16, 8
17, 0
17, 3
17, 9
18, 1
18, 2
18, 8
19, 1
19, 2
19, 9
20, 2
20, 4
20, 9
20, 10
21, 2
21, 4
22, 3
22, 5
22, 9
22, 10
23, 3
23, 5
in2outs: 
0, 2
0, 4
0, 7
0, 12
0, 13
0, 16
0, 17
1, 3
1, 5
1, 6
1, 14
1, 15
1, 18
1, 19
2, 0
2, 5
2, 6
2, 18
2, 19
2, 20
2, 21
3, 1
3, 4
3, 7
3, 16
3, 17
3, 22
3, 23
4, 0
4, 3
4, 6
4, 8
4, 9
4, 20
4, 21
5, 1
5, 2
5, 7
5, 10
5, 11
5, 22
5, 23
6, 1
6, 2
6, 4
6, 10
6, 11
6, 12
6, 13
7, 0
7, 3
7, 5
7, 8
7, 9
7, 14
7, 15
8, 4
8, 7
8, 12
8, 14
8, 16
8, 18
9, 0
9, 6
9, 17
9, 19
9, 20
9, 22
10, 0
10, 3
10, 8
10, 10
10, 20
10, 22
11, 2
11, 4
11, 9
11, 11
11, 12
11, 14
=====================================
id: 42
type: GIB
name: GIB42
bitWidth: 0
numInputs: 12
numOutputs: 24
inputs: 
0: (41, 4)
1: (41, 5)
2: (38, 6)
3: (38, 7)
4: (71, 0)
5: (71, 1)
6: (46, 2)
7: (46, 3)
8: (39, 0)
9: (40, 0)
10: (44, 0)
11: (43, 0)
outputs: 
0: (41, 4) 
1: (41, 5) 
2: (38, 6) 
3: (38, 7) 
4: (71, 0) 
5: (71, 1) 
6: (46, 2) 
7: (46, 3) 
8: (39, 3) 
9: (39, 7) 
10: (39, 11) 
11: (39, 15) 
12: (40, 2) 
13: (40, 6) 
14: (40, 10) 
15: (40, 14) 
16: (44, 0) 
17: (44, 4) 
18: (44, 8) 
19: (44, 12) 
20: (43, 1) 
21: (43, 5) 
22: (43, 9) 
23: (43, 13) 
cfgBlkIdx: 42
trackReged: 1
outReged: 
0: 1
1: 1
2: 1
3: 1
4: 1
5: 1
6: 1
7: 1
8: 0
9: 0
10: 0
11: 0
12: 0
13: 0
14: 0
15: 0
16: 0
17: 0
18: 0
19: 0
20: 0
21: 0
22: 0
23: 0
out2ins: 
0, 2
0, 4
0, 7
0, 9
0, 10
1, 3
1, 5
1, 6
2, 0
2, 5
2, 6
2, 11
3, 1
3, 4
3, 7
3, 10
4, 0
4, 3
4, 6
4, 8
4, 11
5, 1
5, 2
5, 7
6, 1
6, 2
6, 4
6, 9
7, 0
7, 3
7, 5
7, 8
8, 4
8, 7
8, 10
9, 4
9, 7
9, 11
10, 5
10, 6
10, 10
11, 5
11, 6
11, 11
12, 0
12, 6
12, 8
12, 11
13, 0
13, 6
14, 1
14, 7
14, 8
14, 11
15, 1
15, 7
16, 0
16, 3
16, 8
17, 0
17, 3
17, 9
18, 1
18, 2
18, 8
19, 1
19, 2
19, 9
20, 2
20, 4
20, 9
20, 10
21, 2
21, 4
22, 3
22, 5
22, 9
22, 10
23, 3
23, 5
in2outs: 
0, 2
0, 4
0, 7
0, 12
0, 13
0, 16
0, 17
1, 3
1, 5
1, 6
1, 14
1, 15
1, 18
1, 19
2, 0
2, 5
2, 6
2, 18
2, 19
2, 20
2, 21
3, 1
3, 4
3, 7
3, 16
3, 17
3, 22
3, 23
4, 0
4, 3
4, 6
4, 8
4, 9
4, 20
4, 21
5, 1
5, 2
5, 7
5, 10
5, 11
5, 22
5, 23
6, 1
6, 2
6, 4
6, 10
6, 11
6, 12
6, 13
7, 0
7, 3
7, 5
7, 8
7, 9
7, 14
7, 15
8, 4
8, 7
8, 12
8, 14
8, 16
8, 18
9, 0
9, 6
9, 17
9, 19
9, 20
9, 22
10, 0
10, 3
10, 8
10, 10
10, 20
10, 22
11, 2
11, 4
11, 9
11, 11
11, 12
11, 14
=====================================
id: 43
type: GPE
name: GPE43
bitWidth: 0
numInputs: 16
numOutputs: 1
inputs: 
0: (41, 16)
1: (42, 20)
2: (45, 12)
3: (46, 8)
4: (41, 17)
5: (42, 21)
6: (45, 13)
7: (46, 9)
8: (41, 18)
9: (42, 22)
10: (45, 14)
11: (46, 10)
12: (41, 19)
13: (42, 23)
14: (45, 15)
15: (46, 11)
outputs: 
0: (41, 10) (42, 11) (45, 9) (46, 8) 
cfgBlkIdx: 43
operations: ACC, ADD, AND, ASHR, ASUB, BFACC16, BFADD16, BFEQ16, BFMUL16, BFOLE16, BFOLT16, BFSUB16, BFUNO16, DEINTLV2, DEINTLV3, DEINTLV4, FACC32, FADD32, FMUL32, FSUB32, INTLV2, INTLV3, INTLV4, ISEL, LSHR, MUL, OR, PASS, SEL, SHL, SLE, SLT, SUB, 
maxDelay: 10
numOperands: 4
operandInputs: 
0: 0 1 2 3 
1: 4 5 6 7 
2: 8 9 10 11 
3: 12 13 14 15 
cfgIdMap: Cycles, 12; InitVal, 9; Latency, 11; Repeats, 13; SkipFirst, 14; WI, 10; 
numRfReg: 0
=====================================
id: 44
type: GPE
name: GPE44
bitWidth: 0
numInputs: 16
numOutputs: 1
inputs: 
0: (42, 16)
1: (71, 20)
2: (46, 12)
3: (75, 8)
4: (42, 17)
5: (71, 21)
6: (46, 13)
7: (75, 9)
8: (42, 18)
9: (71, 22)
10: (46, 14)
11: (75, 10)
12: (42, 19)
13: (71, 23)
14: (46, 15)
15: (75, 11)
outputs: 
0: (42, 10) (46, 9) (71, 11) (75, 8) 
cfgBlkIdx: 44
operations: ACC, ADD, AND, ASHR, ASUB, BFACC16, BFADD16, BFEQ16, BFMUL16, BFOLE16, BFOLT16, BFSUB16, BFUNO16, DEINTLV2, DEINTLV3, DEINTLV4, FACC32, FADD32, FMUL32, FSUB32, INTLV2, INTLV3, INTLV4, ISEL, LSHR, MUL, OR, PASS, SEL, SHL, SLE, SLT, SUB, 
maxDelay: 10
numOperands: 4
operandInputs: 
0: 0 1 2 3 
1: 4 5 6 7 
2: 8 9 10 11 
3: 12 13 14 15 
cfgIdMap: Cycles, 12; InitVal, 9; Latency, 11; Repeats, 13; SkipFirst, 14; WI, 10; 
numRfReg: 0
=====================================
id: 45
type: GIB
name: GIB45
bitWidth: 0
numInputs: 12
numOutputs: 24
inputs: 
0: (16, 4)
1: (16, 5)
2: (41, 6)
3: (41, 7)
4: (46, 0)
5: (46, 1)
6: (49, 2)
7: (49, 3)
8: (14, 0)
9: (43, 0)
10: (47, 0)
11: (18, 0)
outputs: 
0: (16, 4) 
1: (16, 5) 
2: (41, 6) 
3: (41, 7) 
4: (46, 0) 
5: (46, 1) 
6: (49, 2) 
7: (49, 3) 
8: (14, 3) 
9: (14, 7) 
10: (14, 11) 
11: (14, 15) 
12: (43, 2) 
13: (43, 6) 
14: (43, 10) 
15: (43, 14) 
16: (47, 0) 
17: (47, 4) 
18: (47, 8) 
19: (47, 12) 
20: (18, 1) 
21: (18, 5) 
22: (18, 9) 
23: (18, 13) 
cfgBlkIdx: 45
trackReged: 1
outReged: 
0: 1
1: 1
2: 1
3: 1
4: 1
5: 1
6: 1
7: 1
8: 0
9: 0
10: 0
11: 0
12: 0
13: 0
14: 0
15: 0
16: 0
17: 0
18: 0
19: 0
20: 0
21: 0
22: 0
23: 0
out2ins: 
0, 2
0, 4
0, 7
0, 9
0, 10
1, 3
1, 5
1, 6
2, 0
2, 5
2, 6
2, 11
3, 1
3, 4
3, 7
3, 10
4, 0
4, 3
4, 6
4, 8
4, 11
5, 1
5, 2
5, 7
6, 1
6, 2
6, 4
6, 9
7, 0
7, 3
7, 5
7, 8
8, 4
8, 7
8, 10
9, 4
9, 7
9, 11
10, 5
10, 6
10, 10
11, 5
11, 6
11, 11
12, 0
12, 6
12, 8
12, 11
13, 0
13, 6
14, 1
14, 7
14, 8
14, 11
15, 1
15, 7
16, 0
16, 3
16, 8
17, 0
17, 3
17, 9
18, 1
18, 2
18, 8
19, 1
19, 2
19, 9
20, 2
20, 4
20, 9
20, 10
21, 2
21, 4
22, 3
22, 5
22, 9
22, 10
23, 3
23, 5
in2outs: 
0, 2
0, 4
0, 7
0, 12
0, 13
0, 16
0, 17
1, 3
1, 5
1, 6
1, 14
1, 15
1, 18
1, 19
2, 0
2, 5
2, 6
2, 18
2, 19
2, 20
2, 21
3, 1
3, 4
3, 7
3, 16
3, 17
3, 22
3, 23
4, 0
4, 3
4, 6
4, 8
4, 9
4, 20
4, 21
5, 1
5, 2
5, 7
5, 10
5, 11
5, 22
5, 23
6, 1
6, 2
6, 4
6, 10
6, 11
6, 12
6, 13
7, 0
7, 3
7, 5
7, 8
7, 9
7, 14
7, 15
8, 4
8, 7
8, 12
8, 14
8, 16
8, 18
9, 0
9, 6
9, 17
9, 19
9, 20
9, 22
10, 0
10, 3
10, 8
10, 10
10, 20
10, 22
11, 2
11, 4
11, 9
11, 11
11, 12
11, 14
=====================================
id: 46
type: GIB
name: GIB46
bitWidth: 0
numInputs: 12
numOutputs: 24
inputs: 
0: (45, 4)
1: (45, 5)
2: (42, 6)
3: (42, 7)
4: (75, 0)
5: (75, 1)
6: (50, 2)
7: (50, 3)
8: (43, 0)
9: (44, 0)
10: (48, 0)
11: (47, 0)
outputs: 
0: (45, 4) 
1: (45, 5) 
2: (42, 6) 
3: (42, 7) 
4: (75, 0) 
5: (75, 1) 
6: (50, 2) 
7: (50, 3) 
8: (43, 3) 
9: (43, 7) 
10: (43, 11) 
11: (43, 15) 
12: (44, 2) 
13: (44, 6) 
14: (44, 10) 
15: (44, 14) 
16: (48, 0) 
17: (48, 4) 
18: (48, 8) 
19: (48, 12) 
20: (47, 1) 
21: (47, 5) 
22: (47, 9) 
23: (47, 13) 
cfgBlkIdx: 46
trackReged: 0
outReged: 
0: 0
1: 0
2: 0
3: 0
4: 0
5: 0
6: 0
7: 0
8: 0
9: 0
10: 0
11: 0
12: 0
13: 0
14: 0
15: 0
16: 0
17: 0
18: 0
19: 0
20: 0
21: 0
22: 0
23: 0
out2ins: 
0, 2
0, 4
0, 7
0, 9
0, 10
1, 3
1, 5
1, 6
2, 0
2, 5
2, 6
2, 11
3, 1
3, 4
3, 7
3, 10
4, 0
4, 3
4, 6
4, 8
4, 11
5, 1
5, 2
5, 7
6, 1
6, 2
6, 4
6, 9
7, 0
7, 3
7, 5
7, 8
8, 4
8, 7
8, 10
9, 4
9, 7
9, 11
10, 5
10, 6
10, 10
11, 5
11, 6
11, 11
12, 0
12, 6
12, 8
12, 11
13, 0
13, 6
14, 1
14, 7
14, 8
14, 11
15, 1
15, 7
16, 0
16, 3
16, 8
17, 0
17, 3
17, 9
18, 1
18, 2
18, 8
19, 1
19, 2
19, 9
20, 2
20, 4
20, 9
20, 10
21, 2
21, 4
22, 3
22, 5
22, 9
22, 10
23, 3
23, 5
in2outs: 
0, 2
0, 4
0, 7
0, 12
0, 13
0, 16
0, 17
1, 3
1, 5
1, 6
1, 14
1, 15
1, 18
1, 19
2, 0
2, 5
2, 6
2, 18
2, 19
2, 20
2, 21
3, 1
3, 4
3, 7
3, 16
3, 17
3, 22
3, 23
4, 0
4, 3
4, 6
4, 8
4, 9
4, 20
4, 21
5, 1
5, 2
5, 7
5, 10
5, 11
5, 22
5, 23
6, 1
6, 2
6, 4
6, 10
6, 11
6, 12
6, 13
7, 0
7, 3
7, 5
7, 8
7, 9
7, 14
7, 15
8, 4
8, 7
8, 12
8, 14
8, 16
8, 18
9, 0
9, 6
9, 17
9, 19
9, 20
9, 22
10, 0
10, 3
10, 8
10, 10
10, 20
10, 22
11, 2
11, 4
11, 9
11, 11
11, 12
11, 14
=====================================
id: 47
type: GPE
name: GPE47
bitWidth: 0
numInputs: 16
numOutputs: 1
inputs: 
0: (45, 16)
1: (46, 20)
2: (49, 12)
3: (50, 8)
4: (45, 17)
5: (46, 21)
6: (49, 13)
7: (50, 9)
8: (45, 18)
9: (46, 22)
10: (49, 14)
11: (50, 10)
12: (45, 19)
13: (46, 23)
14: (49, 15)
15: (50, 11)
outputs: 
0: (45, 10) (46, 11) (49, 9) (50, 8) 
cfgBlkIdx: 47
operations: ACC, ADD, AND, ASHR, ASUB, BFACC16, BFADD16, BFEQ16, BFMUL16, BFOLE16, BFOLT16, BFSUB16, BFUNO16, DEINTLV2, DEINTLV3, DEINTLV4, FACC32, FADD32, FMUL32, FSUB32, INTLV2, INTLV3, INTLV4, ISEL, LSHR, MUL, OR, PASS, SEL, SHL, SLE, SLT, SUB, 
maxDelay: 10
numOperands: 4
operandInputs: 
0: 0 1 2 3 
1: 4 5 6 7 
2: 8 9 10 11 
3: 12 13 14 15 
cfgIdMap: Cycles, 12; InitVal, 9; Latency, 11; Repeats, 13; SkipFirst, 14; WI, 10; 
numRfReg: 0
=====================================
id: 48
type: GPE
name: GPE48
bitWidth: 0
numInputs: 16
numOutputs: 1
inputs: 
0: (46, 16)
1: (75, 20)
2: (50, 12)
3: (79, 8)
4: (46, 17)
5: (75, 21)
6: (50, 13)
7: (79, 9)
8: (46, 18)
9: (75, 22)
10: (50, 14)
11: (79, 10)
12: (46, 19)
13: (75, 23)
14: (50, 15)
15: (79, 11)
outputs: 
0: (46, 10) (50, 9) (75, 11) (79, 8) 
cfgBlkIdx: 48
operations: ACC, ADD, AND, ASHR, ASUB, BFACC16, BFADD16, BFEQ16, BFMUL16, BFOLE16, BFOLT16, BFSUB16, BFUNO16, DEINTLV2, DEINTLV3, DEINTLV4, FACC32, FADD32, FMUL32, FSUB32, INTLV2, INTLV3, INTLV4, ISEL, LSHR, MUL, OR, PASS, SEL, SHL, SLE, SLT, SUB, 
maxDelay: 10
numOperands: 4
operandInputs: 
0: 0 1 2 3 
1: 4 5 6 7 
2: 8 9 10 11 
3: 12 13 14 15 
cfgIdMap: Cycles, 12; InitVal, 9; Latency, 11; Repeats, 13; SkipFirst, 14; WI, 10; 
numRfReg: 0
=====================================
id: 49
type: GIB
name: GIB49
bitWidth: 0
numInputs: 12
numOutputs: 24
inputs: 
0: (20, 4)
1: (20, 5)
2: (45, 6)
3: (45, 7)
4: (50, 0)
5: (50, 1)
6: (53, 2)
7: (53, 3)
8: (18, 0)
9: (47, 0)
10: (51, 0)
11: (22, 0)
outputs: 
0: (20, 4) 
1: (20, 5) 
2: (45, 6) 
3: (45, 7) 
4: (50, 0) 
5: (50, 1) 
6: (53, 2) 
7: (53, 3) 
8: (18, 3) 
9: (18, 7) 
10: (18, 11) 
11: (18, 15) 
12: (47, 2) 
13: (47, 6) 
14: (47, 10) 
15: (47, 14) 
16: (51, 0) 
17: (51, 4) 
18: (51, 8) 
19: (51, 12) 
20: (22, 1) 
21: (22, 5) 
22: (22, 9) 
23: (22, 13) 
cfgBlkIdx: 49
trackReged: 0
outReged: 
0: 0
1: 0
2: 0
3: 0
4: 0
5: 0
6: 0
7: 0
8: 0
9: 0
10: 0
11: 0
12: 0
13: 0
14: 0
15: 0
16: 0
17: 0
18: 0
19: 0
20: 0
21: 0
22: 0
23: 0
out2ins: 
0, 2
0, 4
0, 7
0, 9
0, 10
1, 3
1, 5
1, 6
2, 0
2, 5
2, 6
2, 11
3, 1
3, 4
3, 7
3, 10
4, 0
4, 3
4, 6
4, 8
4, 11
5, 1
5, 2
5, 7
6, 1
6, 2
6, 4
6, 9
7, 0
7, 3
7, 5
7, 8
8, 4
8, 7
8, 10
9, 4
9, 7
9, 11
10, 5
10, 6
10, 10
11, 5
11, 6
11, 11
12, 0
12, 6
12, 8
12, 11
13, 0
13, 6
14, 1
14, 7
14, 8
14, 11
15, 1
15, 7
16, 0
16, 3
16, 8
17, 0
17, 3
17, 9
18, 1
18, 2
18, 8
19, 1
19, 2
19, 9
20, 2
20, 4
20, 9
20, 10
21, 2
21, 4
22, 3
22, 5
22, 9
22, 10
23, 3
23, 5
in2outs: 
0, 2
0, 4
0, 7
0, 12
0, 13
0, 16
0, 17
1, 3
1, 5
1, 6
1, 14
1, 15
1, 18
1, 19
2, 0
2, 5
2, 6
2, 18
2, 19
2, 20
2, 21
3, 1
3, 4
3, 7
3, 16
3, 17
3, 22
3, 23
4, 0
4, 3
4, 6
4, 8
4, 9
4, 20
4, 21
5, 1
5, 2
5, 7
5, 10
5, 11
5, 22
5, 23
6, 1
6, 2
6, 4
6, 10
6, 11
6, 12
6, 13
7, 0
7, 3
7, 5
7, 8
7, 9
7, 14
7, 15
8, 4
8, 7
8, 12
8, 14
8, 16
8, 18
9, 0
9, 6
9, 17
9, 19
9, 20
9, 22
10, 0
10, 3
10, 8
10, 10
10, 20
10, 22
11, 2
11, 4
11, 9
11, 11
11, 12
11, 14
=====================================
id: 50
type: GIB
name: GIB50
bitWidth: 0
numInputs: 12
numOutputs: 24
inputs: 
0: (49, 4)
1: (49, 5)
2: (46, 6)
3: (46, 7)
4: (79, 0)
5: (79, 1)
6: (54, 2)
7: (54, 3)
8: (47, 0)
9: (48, 0)
10: (52, 0)
11: (51, 0)
outputs: 
0: (49, 4) 
1: (49, 5) 
2: (46, 6) 
3: (46, 7) 
4: (79, 0) 
5: (79, 1) 
6: (54, 2) 
7: (54, 3) 
8: (47, 3) 
9: (47, 7) 
10: (47, 11) 
11: (47, 15) 
12: (48, 2) 
13: (48, 6) 
14: (48, 10) 
15: (48, 14) 
16: (52, 0) 
17: (52, 4) 
18: (52, 8) 
19: (52, 12) 
20: (51, 1) 
21: (51, 5) 
22: (51, 9) 
23: (51, 13) 
cfgBlkIdx: 50
trackReged: 1
outReged: 
0: 1
1: 1
2: 1
3: 1
4: 1
5: 1
6: 1
7: 1
8: 0
9: 0
10: 0
11: 0
12: 0
13: 0
14: 0
15: 0
16: 0
17: 0
18: 0
19: 0
20: 0
21: 0
22: 0
23: 0
out2ins: 
0, 2
0, 4
0, 7
0, 9
0, 10
1, 3
1, 5
1, 6
2, 0
2, 5
2, 6
2, 11
3, 1
3, 4
3, 7
3, 10
4, 0
4, 3
4, 6
4, 8
4, 11
5, 1
5, 2
5, 7
6, 1
6, 2
6, 4
6, 9
7, 0
7, 3
7, 5
7, 8
8, 4
8, 7
8, 10
9, 4
9, 7
9, 11
10, 5
10, 6
10, 10
11, 5
11, 6
11, 11
12, 0
12, 6
12, 8
12, 11
13, 0
13, 6
14, 1
14, 7
14, 8
14, 11
15, 1
15, 7
16, 0
16, 3
16, 8
17, 0
17, 3
17, 9
18, 1
18, 2
18, 8
19, 1
19, 2
19, 9
20, 2
20, 4
20, 9
20, 10
21, 2
21, 4
22, 3
22, 5
22, 9
22, 10
23, 3
23, 5
in2outs: 
0, 2
0, 4
0, 7
0, 12
0, 13
0, 16
0, 17
1, 3
1, 5
1, 6
1, 14
1, 15
1, 18
1, 19
2, 0
2, 5
2, 6
2, 18
2, 19
2, 20
2, 21
3, 1
3, 4
3, 7
3, 16
3, 17
3, 22
3, 23
4, 0
4, 3
4, 6
4, 8
4, 9
4, 20
4, 21
5, 1
5, 2
5, 7
5, 10
5, 11
5, 22
5, 23
6, 1
6, 2
6, 4
6, 10
6, 11
6, 12
6, 13
7, 0
7, 3
7, 5
7, 8
7, 9
7, 14
7, 15
8, 4
8, 7
8, 12
8, 14
8, 16
8, 18
9, 0
9, 6
9, 17
9, 19
9, 20
9, 22
10, 0
10, 3
10, 8
10, 10
10, 20
10, 22
11, 2
11, 4
11, 9
11, 11
11, 12
11, 14
=====================================
id: 51
type: GPE
name: GPE51
bitWidth: 0
numInputs: 16
numOutputs: 1
inputs: 
0: (49, 16)
1: (50, 20)
2: (53, 12)
3: (54, 8)
4: (49, 17)
5: (50, 21)
6: (53, 13)
7: (54, 9)
8: (49, 18)
9: (50, 22)
10: (53, 14)
11: (54, 10)
12: (49, 19)
13: (50, 23)
14: (53, 15)
15: (54, 11)
outputs: 
0: (49, 10) (50, 11) (53, 9) (54, 8) 
cfgBlkIdx: 51
operations: ACC, ADD, AND, ASHR, ASUB, BFACC16, BFADD16, BFEQ16, BFMUL16, BFOLE16, BFOLT16, BFSUB16, BFUNO16, DEINTLV2, DEINTLV3, DEINTLV4, FACC32, FADD32, FMUL32, FSUB32, INTLV2, INTLV3, INTLV4, ISEL, LSHR, MUL, OR, PASS, SEL, SHL, SLE, SLT, SUB, 
maxDelay: 10
numOperands: 4
operandInputs: 
0: 0 1 2 3 
1: 4 5 6 7 
2: 8 9 10 11 
3: 12 13 14 15 
cfgIdMap: Cycles, 12; InitVal, 9; Latency, 11; Repeats, 13; SkipFirst, 14; WI, 10; 
numRfReg: 0
=====================================
id: 52
type: GPE
name: GPE52
bitWidth: 0
numInputs: 16
numOutputs: 1
inputs: 
0: (50, 16)
1: (79, 20)
2: (54, 12)
3: (83, 8)
4: (50, 17)
5: (79, 21)
6: (54, 13)
7: (83, 9)
8: (50, 18)
9: (79, 22)
10: (54, 14)
11: (83, 10)
12: (50, 19)
13: (79, 23)
14: (54, 15)
15: (83, 11)
outputs: 
0: (50, 10) (54, 9) (79, 11) (83, 8) 
cfgBlkIdx: 52
operations: ACC, ADD, AND, ASHR, ASUB, BFACC16, BFADD16, BFEQ16, BFMUL16, BFOLE16, BFOLT16, BFSUB16, BFUNO16, DEINTLV2, DEINTLV3, DEINTLV4, FACC32, FADD32, FMUL32, FSUB32, INTLV2, INTLV3, INTLV4, ISEL, LSHR, MUL, OR, PASS, SEL, SHL, SLE, SLT, SUB, 
maxDelay: 10
numOperands: 4
operandInputs: 
0: 0 1 2 3 
1: 4 5 6 7 
2: 8 9 10 11 
3: 12 13 14 15 
cfgIdMap: Cycles, 12; InitVal, 9; Latency, 11; Repeats, 13; SkipFirst, 14; WI, 10; 
numRfReg: 0
=====================================
id: 53
type: GIB
name: GIB53
bitWidth: 0
numInputs: 12
numOutputs: 24
inputs: 
0: (24, 4)
1: (24, 5)
2: (49, 6)
3: (49, 7)
4: (54, 0)
5: (54, 1)
6: (57, 2)
7: (57, 3)
8: (22, 0)
9: (51, 0)
10: (55, 0)
11: (26, 0)
outputs: 
0: (24, 4) 
1: (24, 5) 
2: (49, 6) 
3: (49, 7) 
4: (54, 0) 
5: (54, 1) 
6: (57, 2) 
7: (57, 3) 
8: (22, 3) 
9: (22, 7) 
10: (22, 11) 
11: (22, 15) 
12: (51, 2) 
13: (51, 6) 
14: (51, 10) 
15: (51, 14) 
16: (55, 0) 
17: (55, 4) 
18: (55, 8) 
19: (55, 12) 
20: (26, 1) 
21: (26, 5) 
22: (26, 9) 
23: (26, 13) 
cfgBlkIdx: 53
trackReged: 1
outReged: 
0: 1
1: 1
2: 1
3: 1
4: 1
5: 1
6: 1
7: 1
8: 0
9: 0
10: 0
11: 0
12: 0
13: 0
14: 0
15: 0
16: 0
17: 0
18: 0
19: 0
20: 0
21: 0
22: 0
23: 0
out2ins: 
0, 2
0, 4
0, 7
0, 9
0, 10
1, 3
1, 5
1, 6
2, 0
2, 5
2, 6
2, 11
3, 1
3, 4
3, 7
3, 10
4, 0
4, 3
4, 6
4, 8
4, 11
5, 1
5, 2
5, 7
6, 1
6, 2
6, 4
6, 9
7, 0
7, 3
7, 5
7, 8
8, 4
8, 7
8, 10
9, 4
9, 7
9, 11
10, 5
10, 6
10, 10
11, 5
11, 6
11, 11
12, 0
12, 6
12, 8
12, 11
13, 0
13, 6
14, 1
14, 7
14, 8
14, 11
15, 1
15, 7
16, 0
16, 3
16, 8
17, 0
17, 3
17, 9
18, 1
18, 2
18, 8
19, 1
19, 2
19, 9
20, 2
20, 4
20, 9
20, 10
21, 2
21, 4
22, 3
22, 5
22, 9
22, 10
23, 3
23, 5
in2outs: 
0, 2
0, 4
0, 7
0, 12
0, 13
0, 16
0, 17
1, 3
1, 5
1, 6
1, 14
1, 15
1, 18
1, 19
2, 0
2, 5
2, 6
2, 18
2, 19
2, 20
2, 21
3, 1
3, 4
3, 7
3, 16
3, 17
3, 22
3, 23
4, 0
4, 3
4, 6
4, 8
4, 9
4, 20
4, 21
5, 1
5, 2
5, 7
5, 10
5, 11
5, 22
5, 23
6, 1
6, 2
6, 4
6, 10
6, 11
6, 12
6, 13
7, 0
7, 3
7, 5
7, 8
7, 9
7, 14
7, 15
8, 4
8, 7
8, 12
8, 14
8, 16
8, 18
9, 0
9, 6
9, 17
9, 19
9, 20
9, 22
10, 0
10, 3
10, 8
10, 10
10, 20
10, 22
11, 2
11, 4
11, 9
11, 11
11, 12
11, 14
=====================================
id: 54
type: GIB
name: GIB54
bitWidth: 0
numInputs: 12
numOutputs: 24
inputs: 
0: (53, 4)
1: (53, 5)
2: (50, 6)
3: (50, 7)
4: (83, 0)
5: (83, 1)
6: (58, 2)
7: (58, 3)
8: (51, 0)
9: (52, 0)
10: (56, 0)
11: (55, 0)
outputs: 
0: (53, 4) 
1: (53, 5) 
2: (50, 6) 
3: (50, 7) 
4: (83, 0) 
5: (83, 1) 
6: (58, 2) 
7: (58, 3) 
8: (51, 3) 
9: (51, 7) 
10: (51, 11) 
11: (51, 15) 
12: (52, 2) 
13: (52, 6) 
14: (52, 10) 
15: (52, 14) 
16: (56, 0) 
17: (56, 4) 
18: (56, 8) 
19: (56, 12) 
20: (55, 1) 
21: (55, 5) 
22: (55, 9) 
23: (55, 13) 
cfgBlkIdx: 54
trackReged: 0
outReged: 
0: 0
1: 0
2: 0
3: 0
4: 0
5: 0
6: 0
7: 0
8: 0
9: 0
10: 0
11: 0
12: 0
13: 0
14: 0
15: 0
16: 0
17: 0
18: 0
19: 0
20: 0
21: 0
22: 0
23: 0
out2ins: 
0, 2
0, 4
0, 7
0, 9
0, 10
1, 3
1, 5
1, 6
2, 0
2, 5
2, 6
2, 11
3, 1
3, 4
3, 7
3, 10
4, 0
4, 3
4, 6
4, 8
4, 11
5, 1
5, 2
5, 7
6, 1
6, 2
6, 4
6, 9
7, 0
7, 3
7, 5
7, 8
8, 4
8, 7
8, 10
9, 4
9, 7
9, 11
10, 5
10, 6
10, 10
11, 5
11, 6
11, 11
12, 0
12, 6
12, 8
12, 11
13, 0
13, 6
14, 1
14, 7
14, 8
14, 11
15, 1
15, 7
16, 0
16, 3
16, 8
17, 0
17, 3
17, 9
18, 1
18, 2
18, 8
19, 1
19, 2
19, 9
20, 2
20, 4
20, 9
20, 10
21, 2
21, 4
22, 3
22, 5
22, 9
22, 10
23, 3
23, 5
in2outs: 
0, 2
0, 4
0, 7
0, 12
0, 13
0, 16
0, 17
1, 3
1, 5
1, 6
1, 14
1, 15
1, 18
1, 19
2, 0
2, 5
2, 6
2, 18
2, 19
2, 20
2, 21
3, 1
3, 4
3, 7
3, 16
3, 17
3, 22
3, 23
4, 0
4, 3
4, 6
4, 8
4, 9
4, 20
4, 21
5, 1
5, 2
5, 7
5, 10
5, 11
5, 22
5, 23
6, 1
6, 2
6, 4
6, 10
6, 11
6, 12
6, 13
7, 0
7, 3
7, 5
7, 8
7, 9
7, 14
7, 15
8, 4
8, 7
8, 12
8, 14
8, 16
8, 18
9, 0
9, 6
9, 17
9, 19
9, 20
9, 22
10, 0
10, 3
10, 8
10, 10
10, 20
10, 22
11, 2
11, 4
11, 9
11, 11
11, 12
11, 14
=====================================
id: 55
type: GPE
name: GPE55
bitWidth: 0
numInputs: 16
numOutputs: 1
inputs: 
0: (53, 16)
1: (54, 20)
2: (57, 10)
3: (58, 6)
4: (53, 17)
5: (54, 21)
6: (57, 11)
7: (58, 7)
8: (53, 18)
9: (54, 22)
10: (57, 12)
11: (58, 8)
12: (53, 19)
13: (54, 23)
14: (57, 13)
15: (58, 9)
outputs: 
0: (53, 10) (54, 11) (57, 7) (58, 6) 
cfgBlkIdx: 55
operations: ACC, ADD, AND, ASHR, ASUB, BFACC16, BFADD16, BFEQ16, BFMUL16, BFOLE16, BFOLT16, BFSUB16, BFUNO16, DEINTLV2, DEINTLV3, DEINTLV4, FACC32, FADD32, FMUL32, FSUB32, INTLV2, INTLV3, INTLV4, ISEL, LSHR, MUL, OR, PASS, SEL, SHL, SLE, SLT, SUB, 
maxDelay: 10
numOperands: 4
operandInputs: 
0: 0 1 2 3 
1: 4 5 6 7 
2: 8 9 10 11 
3: 12 13 14 15 
cfgIdMap: Cycles, 12; InitVal, 9; Latency, 11; Repeats, 13; SkipFirst, 14; WI, 10; 
numRfReg: 0
=====================================
id: 56
type: GPE
name: GPE56
bitWidth: 0
numInputs: 16
numOutputs: 1
inputs: 
0: (54, 16)
1: (83, 20)
2: (58, 10)
3: (87, 6)
4: (54, 17)
5: (83, 21)
6: (58, 11)
7: (87, 7)
8: (54, 18)
9: (83, 22)
10: (58, 12)
11: (87, 8)
12: (54, 19)
13: (83, 23)
14: (58, 13)
15: (87, 9)
outputs: 
0: (54, 10) (58, 7) (83, 11) (87, 6) 
cfgBlkIdx: 56
operations: ACC, ADD, AND, ASHR, ASUB, BFACC16, BFADD16, BFEQ16, BFMUL16, BFOLE16, BFOLT16, BFSUB16, BFUNO16, DEINTLV2, DEINTLV3, DEINTLV4, FACC32, FADD32, FMUL32, FSUB32, INTLV2, INTLV3, INTLV4, ISEL, LSHR, MUL, OR, PASS, SEL, SHL, SLE, SLT, SUB, 
maxDelay: 10
numOperands: 4
operandInputs: 
0: 0 1 2 3 
1: 4 5 6 7 
2: 8 9 10 11 
3: 12 13 14 15 
cfgIdMap: Cycles, 12; InitVal, 9; Latency, 11; Repeats, 13; SkipFirst, 14; WI, 10; 
numRfReg: 0
=====================================
id: 57
type: GIB
name: GIB57
bitWidth: 0
numInputs: 10
numOutputs: 18
inputs: 
0: (28, 4)
1: (28, 5)
2: (53, 6)
3: (53, 7)
4: (58, 0)
5: (58, 1)
6: (26, 0)
7: (55, 0)
8: (59, 0)
9: (30, 0)
outputs: 
0: (28, 4) 
1: (28, 5) 
2: (53, 6) 
3: (53, 7) 
4: (58, 0) 
5: (58, 1) 
6: (26, 3) 
7: (26, 7) 
8: (26, 11) 
9: (26, 15) 
10: (55, 2) 
11: (55, 6) 
12: (55, 10) 
13: (55, 14) 
14: (59, 0) 
15: (59, 2) 
16: (30, 1) 
17: (30, 3) 
cfgBlkIdx: 57
trackReged: 0
outReged: 
0: 0
1: 0
2: 0
3: 0
4: 0
5: 0
6: 0
7: 0
8: 0
9: 0
10: 0
11: 0
12: 0
13: 0
14: 0
15: 0
16: 0
17: 0
out2ins: 
0, 2
0, 4
0, 7
0, 8
1, 3
1, 5
2, 0
2, 5
2, 9
3, 1
3, 4
3, 8
4, 0
4, 3
4, 6
4, 9
5, 1
5, 2
6, 4
6, 8
7, 4
7, 9
8, 5
8, 8
9, 5
9, 9
10, 0
10, 6
10, 9
11, 0
12, 1
12, 6
12, 9
13, 1
14, 0
14, 3
14, 6
14, 7
15, 1
15, 2
15, 6
15, 7
16, 2
16, 4
16, 7
16, 8
17, 3
17, 5
17, 7
17, 8
in2outs: 
0, 2
0, 4
0, 10
0, 11
0, 14
1, 3
1, 5
1, 12
1, 13
1, 15
2, 0
2, 5
2, 15
2, 16
3, 1
3, 4
3, 14
3, 17
4, 0
4, 3
4, 6
4, 7
4, 16
5, 1
5, 2
5, 8
5, 9
5, 17
6, 4
6, 10
6, 12
6, 14
6, 15
7, 0
7, 14
7, 15
7, 16
7, 17
8, 0
8, 3
8, 6
8, 8
8, 16
8, 17
9, 2
9, 4
9, 7
9, 9
9, 10
9, 12
=====================================
id: 58
type: GIB
name: GIB58
bitWidth: 0
numInputs: 10
numOutputs: 18
inputs: 
0: (57, 4)
1: (57, 5)
2: (54, 6)
3: (54, 7)
4: (87, 0)
5: (87, 1)
6: (55, 0)
7: (56, 0)
8: (60, 0)
9: (59, 0)
outputs: 
0: (57, 4) 
1: (57, 5) 
2: (54, 6) 
3: (54, 7) 
4: (87, 0) 
5: (87, 1) 
6: (55, 3) 
7: (55, 7) 
8: (55, 11) 
9: (55, 15) 
10: (56, 2) 
11: (56, 6) 
12: (56, 10) 
13: (56, 14) 
14: (60, 0) 
15: (60, 2) 
16: (59, 1) 
17: (59, 3) 
cfgBlkIdx: 58
trackReged: 1
outReged: 
0: 1
1: 1
2: 1
3: 1
4: 1
5: 1
6: 0
7: 0
8: 0
9: 0
10: 0
11: 0
12: 0
13: 0
14: 0
15: 0
16: 0
17: 0
out2ins: 
0, 2
0, 4
0, 7
0, 8
1, 3
1, 5
2, 0
2, 5
2, 9
3, 1
3, 4
3, 8
4, 0
4, 3
4, 6
4, 9
5, 1
5, 2
6, 4
6, 8
7, 4
7, 9
8, 5
8, 8
9, 5
9, 9
10, 0
10, 6
10, 9
11, 0
12, 1
12, 6
12, 9
13, 1
14, 0
14, 3
14, 6
14, 7
15, 1
15, 2
15, 6
15, 7
16, 2
16, 4
16, 7
16, 8
17, 3
17, 5
17, 7
17, 8
in2outs: 
0, 2
0, 4
0, 10
0, 11
0, 14
1, 3
1, 5
1, 12
1, 13
1, 15
2, 0
2, 5
2, 15
2, 16
3, 1
3, 4
3, 14
3, 17
4, 0
4, 3
4, 6
4, 7
4, 16
5, 1
5, 2
5, 8
5, 9
5, 17
6, 4
6, 10
6, 12
6, 14
6, 15
7, 0
7, 14
7, 15
7, 16
7, 17
8, 0
8, 3
8, 6
8, 8
8, 16
8, 17
9, 2
9, 4
9, 7
9, 9
9, 10
9, 12
=====================================
id: 59
type: IOB
name: IOB59
bitWidth: 0
numInputs: 4
numOutputs: 1
inputs: 
0: (57, 14)
1: (58, 16)
2: (57, 15)
3: (58, 17)
outputs: 
0: (57, 8) (58, 9) 
cfgBlkIdx: 59
operations: INPUT, LOAD, OUTPUT, STORE, 
maxDelay: 10
numOperands: 2
operandInputs: 
0: 0 1 
1: 2 3 
cfgIdMap: BaseAddr, 5; Cycles0, 7; Cycles1, 9; Cycles2, 11; Cycles3, 13; II, 14; IsStore, 16; Latency, 15; Stride0, 6; Stride1, 8; Stride2, 10; Stride3, 12; UseAddr, 17; 
index: 6
=====================================
id: 60
type: IOB
name: IOB60
bitWidth: 0
numInputs: 4
numOutputs: 1
inputs: 
0: (58, 14)
1: (87, 16)
2: (58, 15)
3: (87, 17)
outputs: 
0: (58, 8) (87, 9) 
cfgBlkIdx: 60
operations: INPUT, LOAD, OUTPUT, STORE, 
maxDelay: 10
numOperands: 2
operandInputs: 
0: 0 1 
1: 2 3 
cfgIdMap: BaseAddr, 5; Cycles0, 7; Cycles1, 9; Cycles2, 11; Cycles3, 13; II, 14; IsStore, 16; Latency, 15; Stride0, 6; Stride1, 8; Stride2, 10; Stride3, 12; UseAddr, 17; 
index: 7
=====================================
id: 61
type: IOB
name: IOB61
bitWidth: 0
numInputs: 4
numOutputs: 1
inputs: 
0: (63, 8)
1: (64, 6)
2: (63, 9)
3: (64, 7)
outputs: 
0: (63, 7) (64, 6) 
cfgBlkIdx: 61
operations: INPUT, LOAD, OUTPUT, STORE, 
maxDelay: 10
numOperands: 2
operandInputs: 
0: 0 1 
1: 2 3 
cfgIdMap: BaseAddr, 5; Cycles0, 7; Cycles1, 9; Cycles2, 11; Cycles3, 13; II, 14; IsStore, 16; Latency, 15; Stride0, 6; Stride1, 8; Stride2, 10; Stride3, 12; UseAddr, 17; 
index: 8
=====================================
id: 62
type: IOB
name: IOB62
bitWidth: 0
numInputs: 4
numOutputs: 1
inputs: 
0: (64, 8)
1: (93, 6)
2: (64, 9)
3: (93, 7)
outputs: 
0: (64, 7) (93, 6) 
cfgBlkIdx: 62
operations: INPUT, LOAD, OUTPUT, STORE, 
maxDelay: 10
numOperands: 2
operandInputs: 
0: 0 1 
1: 2 3 
cfgIdMap: BaseAddr, 5; Cycles0, 7; Cycles1, 9; Cycles2, 11; Cycles3, 13; II, 14; IsStore, 16; Latency, 15; Stride0, 6; Stride1, 8; Stride2, 10; Stride3, 12; UseAddr, 17; 
index: 9
=====================================
id: 63
type: GIB
name: GIB63
bitWidth: 0
numInputs: 10
numOutputs: 18
inputs: 
0: (34, 2)
1: (34, 3)
2: (64, 0)
3: (64, 1)
4: (67, 2)
5: (67, 3)
6: (32, 0)
7: (61, 0)
8: (65, 0)
9: (36, 0)
outputs: 
0: (34, 2) 
1: (34, 3) 
2: (64, 0) 
3: (64, 1) 
4: (67, 2) 
5: (67, 3) 
6: (32, 1) 
7: (32, 3) 
8: (61, 0) 
9: (61, 2) 
10: (65, 0) 
11: (65, 4) 
12: (65, 8) 
13: (65, 12) 
14: (36, 1) 
15: (36, 5) 
16: (36, 9) 
17: (36, 13) 
cfgBlkIdx: 63
trackReged: 0
outReged: 
0: 0
1: 0
2: 0
3: 0
4: 0
5: 0
6: 0
7: 0
8: 0
9: 0
10: 0
11: 0
12: 0
13: 0
14: 0
15: 0
16: 0
17: 0
out2ins: 
0, 2
0, 5
0, 7
0, 8
1, 3
1, 4
2, 0
2, 4
2, 6
2, 9
3, 1
3, 5
4, 1
4, 2
4, 7
5, 0
5, 3
5, 6
6, 2
6, 5
6, 8
6, 9
7, 3
7, 4
7, 8
7, 9
8, 0
8, 4
8, 6
8, 9
9, 1
9, 5
9, 6
9, 9
10, 0
10, 6
11, 0
11, 7
12, 1
12, 6
13, 1
13, 7
14, 2
14, 7
14, 8
15, 2
16, 3
16, 7
16, 8
17, 3
in2outs: 
0, 2
0, 5
0, 8
0, 10
0, 11
1, 3
1, 4
1, 9
1, 12
1, 13
2, 0
2, 4
2, 6
2, 14
2, 15
3, 1
3, 5
3, 7
3, 16
3, 17
4, 1
4, 2
4, 7
4, 8
5, 0
5, 3
5, 6
5, 9
6, 2
6, 5
6, 8
6, 9
6, 10
6, 12
7, 0
7, 4
7, 11
7, 13
7, 14
7, 16
8, 0
8, 6
8, 7
8, 14
8, 16
9, 2
9, 6
9, 7
9, 8
9, 9
=====================================
id: 64
type: GIB
name: GIB64
bitWidth: 0
numInputs: 10
numOutputs: 18
inputs: 
0: (63, 2)
1: (63, 3)
2: (93, 0)
3: (93, 1)
4: (68, 2)
5: (68, 3)
6: (61, 0)
7: (62, 0)
8: (66, 0)
9: (65, 0)
outputs: 
0: (63, 2) 
1: (63, 3) 
2: (93, 0) 
3: (93, 1) 
4: (68, 2) 
5: (68, 3) 
6: (61, 1) 
7: (61, 3) 
8: (62, 0) 
9: (62, 2) 
10: (66, 0) 
11: (66, 4) 
12: (66, 8) 
13: (66, 12) 
14: (65, 1) 
15: (65, 5) 
16: (65, 9) 
17: (65, 13) 
cfgBlkIdx: 64
trackReged: 1
outReged: 
0: 1
1: 1
2: 1
3: 1
4: 1
5: 1
6: 0
7: 0
8: 0
9: 0
10: 0
11: 0
12: 0
13: 0
14: 0
15: 0
16: 0
17: 0
out2ins: 
0, 2
0, 5
0, 7
0, 8
1, 3
1, 4
2, 0
2, 4
2, 6
2, 9
3, 1
3, 5
4, 1
4, 2
4, 7
5, 0
5, 3
5, 6
6, 2
6, 5
6, 8
6, 9
7, 3
7, 4
7, 8
7, 9
8, 0
8, 4
8, 6
8, 9
9, 1
9, 5
9, 6
9, 9
10, 0
10, 6
11, 0
11, 7
12, 1
12, 6
13, 1
13, 7
14, 2
14, 7
14, 8
15, 2
16, 3
16, 7
16, 8
17, 3
in2outs: 
0, 2
0, 5
0, 8
0, 10
0, 11
1, 3
1, 4
1, 9
1, 12
1, 13
2, 0
2, 4
2, 6
2, 14
2, 15
3, 1
3, 5
3, 7
3, 16
3, 17
4, 1
4, 2
4, 7
4, 8
5, 0
5, 3
5, 6
5, 9
6, 2
6, 5
6, 8
6, 9
6, 10
6, 12
7, 0
7, 4
7, 11
7, 13
7, 14
7, 16
8, 0
8, 6
8, 7
8, 14
8, 16
9, 2
9, 6
9, 7
9, 8
9, 9
=====================================
id: 65
type: GPE
name: GPE65
bitWidth: 0
numInputs: 16
numOutputs: 1
inputs: 
0: (63, 10)
1: (64, 14)
2: (67, 12)
3: (68, 8)
4: (63, 11)
5: (64, 15)
6: (67, 13)
7: (68, 9)
8: (63, 12)
9: (64, 16)
10: (67, 14)
11: (68, 10)
12: (63, 13)
13: (64, 17)
14: (67, 15)
15: (68, 11)
outputs: 
0: (63, 8) (64, 9) (67, 9) (68, 8) 
cfgBlkIdx: 65
operations: ACC, ADD, AND, ASHR, ASUB, BFACC16, BFADD16, BFEQ16, BFMUL16, BFOLE16, BFOLT16, BFSUB16, BFUNO16, DEINTLV2, DEINTLV3, DEINTLV4, FACC32, FADD32, FMUL32, FSUB32, INTLV2, INTLV3, INTLV4, ISEL, LSHR, MUL, OR, PASS, SEL, SHL, SLE, SLT, SUB, 
maxDelay: 10
numOperands: 4
operandInputs: 
0: 0 1 2 3 
1: 4 5 6 7 
2: 8 9 10 11 
3: 12 13 14 15 
cfgIdMap: Cycles, 12; InitVal, 9; Latency, 11; Repeats, 13; SkipFirst, 14; WI, 10; 
numRfReg: 0
=====================================
id: 66
type: GPE
name: GPE66
bitWidth: 0
numInputs: 16
numOutputs: 1
inputs: 
0: (64, 10)
1: (93, 14)
2: (68, 12)
3: (97, 8)
4: (64, 11)
5: (93, 15)
6: (68, 13)
7: (97, 9)
8: (64, 12)
9: (93, 16)
10: (68, 14)
11: (97, 10)
12: (64, 13)
13: (93, 17)
14: (68, 15)
15: (97, 11)
outputs: 
0: (64, 8) (68, 9) (93, 9) (97, 8) 
cfgBlkIdx: 66
operations: ACC, ADD, AND, ASHR, ASUB, BFACC16, BFADD16, BFEQ16, BFMUL16, BFOLE16, BFOLT16, BFSUB16, BFUNO16, DEINTLV2, DEINTLV3, DEINTLV4, FACC32, FADD32, FMUL32, FSUB32, INTLV2, INTLV3, INTLV4, ISEL, LSHR, MUL, OR, PASS, SEL, SHL, SLE, SLT, SUB, 
maxDelay: 10
numOperands: 4
operandInputs: 
0: 0 1 2 3 
1: 4 5 6 7 
2: 8 9 10 11 
3: 12 13 14 15 
cfgIdMap: Cycles, 12; InitVal, 9; Latency, 11; Repeats, 13; SkipFirst, 14; WI, 10; 
numRfReg: 0
=====================================
id: 67
type: GIB
name: GIB67
bitWidth: 0
numInputs: 12
numOutputs: 24
inputs: 
0: (38, 4)
1: (38, 5)
2: (63, 4)
3: (63, 5)
4: (68, 0)
5: (68, 1)
6: (71, 2)
7: (71, 3)
8: (36, 0)
9: (65, 0)
10: (69, 0)
11: (40, 0)
outputs: 
0: (38, 4) 
1: (38, 5) 
2: (63, 4) 
3: (63, 5) 
4: (68, 0) 
5: (68, 1) 
6: (71, 2) 
7: (71, 3) 
8: (36, 3) 
9: (36, 7) 
10: (36, 11) 
11: (36, 15) 
12: (65, 2) 
13: (65, 6) 
14: (65, 10) 
15: (65, 14) 
16: (69, 0) 
17: (69, 4) 
18: (69, 8) 
19: (69, 12) 
20: (40, 1) 
21: (40, 5) 
22: (40, 9) 
23: (40, 13) 
cfgBlkIdx: 67
trackReged: 1
outReged: 
0: 1
1: 1
2: 1
3: 1
4: 1
5: 1
6: 1
7: 1
8: 0
9: 0
10: 0
11: 0
12: 0
13: 0
14: 0
15: 0
16: 0
17: 0
18: 0
19: 0
20: 0
21: 0
22: 0
23: 0
out2ins: 
0, 2
0, 4
0, 7
0, 9
0, 10
1, 3
1, 5
1, 6
2, 0
2, 5
2, 6
2, 11
3, 1
3, 4
3, 7
3, 10
4, 0
4, 3
4, 6
4, 8
4, 11
5, 1
5, 2
5, 7
6, 1
6, 2
6, 4
6, 9
7, 0
7, 3
7, 5
7, 8
8, 4
8, 7
8, 10
9, 4
9, 7
9, 11
10, 5
10, 6
10, 10
11, 5
11, 6
11, 11
12, 0
12, 6
12, 8
12, 11
13, 0
13, 6
14, 1
14, 7
14, 8
14, 11
15, 1
15, 7
16, 0
16, 3
16, 8
17, 0
17, 3
17, 9
18, 1
18, 2
18, 8
19, 1
19, 2
19, 9
20, 2
20, 4
20, 9
20, 10
21, 2
21, 4
22, 3
22, 5
22, 9
22, 10
23, 3
23, 5
in2outs: 
0, 2
0, 4
0, 7
0, 12
0, 13
0, 16
0, 17
1, 3
1, 5
1, 6
1, 14
1, 15
1, 18
1, 19
2, 0
2, 5
2, 6
2, 18
2, 19
2, 20
2, 21
3, 1
3, 4
3, 7
3, 16
3, 17
3, 22
3, 23
4, 0
4, 3
4, 6
4, 8
4, 9
4, 20
4, 21
5, 1
5, 2
5, 7
5, 10
5, 11
5, 22
5, 23
6, 1
6, 2
6, 4
6, 10
6, 11
6, 12
6, 13
7, 0
7, 3
7, 5
7, 8
7, 9
7, 14
7, 15
8, 4
8, 7
8, 12
8, 14
8, 16
8, 18
9, 0
9, 6
9, 17
9, 19
9, 20
9, 22
10, 0
10, 3
10, 8
10, 10
10, 20
10, 22
11, 2
11, 4
11, 9
11, 11
11, 12
11, 14
=====================================
id: 68
type: GIB
name: GIB68
bitWidth: 0
numInputs: 12
numOutputs: 24
inputs: 
0: (67, 4)
1: (67, 5)
2: (64, 4)
3: (64, 5)
4: (97, 0)
5: (97, 1)
6: (72, 2)
7: (72, 3)
8: (65, 0)
9: (66, 0)
10: (70, 0)
11: (69, 0)
outputs: 
0: (67, 4) 
1: (67, 5) 
2: (64, 4) 
3: (64, 5) 
4: (97, 0) 
5: (97, 1) 
6: (72, 2) 
7: (72, 3) 
8: (65, 3) 
9: (65, 7) 
10: (65, 11) 
11: (65, 15) 
12: (66, 2) 
13: (66, 6) 
14: (66, 10) 
15: (66, 14) 
16: (70, 0) 
17: (70, 4) 
18: (70, 8) 
19: (70, 12) 
20: (69, 1) 
21: (69, 5) 
22: (69, 9) 
23: (69, 13) 
cfgBlkIdx: 68
trackReged: 0
outReged: 
0: 0
1: 0
2: 0
3: 0
4: 0
5: 0
6: 0
7: 0
8: 0
9: 0
10: 0
11: 0
12: 0
13: 0
14: 0
15: 0
16: 0
17: 0
18: 0
19: 0
20: 0
21: 0
22: 0
23: 0
out2ins: 
0, 2
0, 4
0, 7
0, 9
0, 10
1, 3
1, 5
1, 6
2, 0
2, 5
2, 6
2, 11
3, 1
3, 4
3, 7
3, 10
4, 0
4, 3
4, 6
4, 8
4, 11
5, 1
5, 2
5, 7
6, 1
6, 2
6, 4
6, 9
7, 0
7, 3
7, 5
7, 8
8, 4
8, 7
8, 10
9, 4
9, 7
9, 11
10, 5
10, 6
10, 10
11, 5
11, 6
11, 11
12, 0
12, 6
12, 8
12, 11
13, 0
13, 6
14, 1
14, 7
14, 8
14, 11
15, 1
15, 7
16, 0
16, 3
16, 8
17, 0
17, 3
17, 9
18, 1
18, 2
18, 8
19, 1
19, 2
19, 9
20, 2
20, 4
20, 9
20, 10
21, 2
21, 4
22, 3
22, 5
22, 9
22, 10
23, 3
23, 5
in2outs: 
0, 2
0, 4
0, 7
0, 12
0, 13
0, 16
0, 17
1, 3
1, 5
1, 6
1, 14
1, 15
1, 18
1, 19
2, 0
2, 5
2, 6
2, 18
2, 19
2, 20
2, 21
3, 1
3, 4
3, 7
3, 16
3, 17
3, 22
3, 23
4, 0
4, 3
4, 6
4, 8
4, 9
4, 20
4, 21
5, 1
5, 2
5, 7
5, 10
5, 11
5, 22
5, 23
6, 1
6, 2
6, 4
6, 10
6, 11
6, 12
6, 13
7, 0
7, 3
7, 5
7, 8
7, 9
7, 14
7, 15
8, 4
8, 7
8, 12
8, 14
8, 16
8, 18
9, 0
9, 6
9, 17
9, 19
9, 20
9, 22
10, 0
10, 3
10, 8
10, 10
10, 20
10, 22
11, 2
11, 4
11, 9
11, 11
11, 12
11, 14
=====================================
id: 69
type: GPE
name: GPE69
bitWidth: 0
numInputs: 16
numOutputs: 1
inputs: 
0: (67, 16)
1: (68, 20)
2: (71, 12)
3: (72, 8)
4: (67, 17)
5: (68, 21)
6: (71, 13)
7: (72, 9)
8: (67, 18)
9: (68, 22)
10: (71, 14)
11: (72, 10)
12: (67, 19)
13: (68, 23)
14: (71, 15)
15: (72, 11)
outputs: 
0: (67, 10) (68, 11) (71, 9) (72, 8) 
cfgBlkIdx: 69
operations: ACC, ADD, AND, ASHR, ASUB, BFACC16, BFADD16, BFEQ16, BFMUL16, BFOLE16, BFOLT16, BFSUB16, BFUNO16, DEINTLV2, DEINTLV3, DEINTLV4, FACC32, FADD32, FMUL32, FSUB32, INTLV2, INTLV3, INTLV4, ISEL, LSHR, MUL, OR, PASS, SEL, SHL, SLE, SLT, SUB, 
maxDelay: 10
numOperands: 4
operandInputs: 
0: 0 1 2 3 
1: 4 5 6 7 
2: 8 9 10 11 
3: 12 13 14 15 
cfgIdMap: Cycles, 12; InitVal, 9; Latency, 11; Repeats, 13; SkipFirst, 14; WI, 10; 
numRfReg: 0
=====================================
id: 70
type: GPE
name: GPE70
bitWidth: 0
numInputs: 16
numOutputs: 1
inputs: 
0: (68, 16)
1: (97, 20)
2: (72, 12)
3: (101, 8)
4: (68, 17)
5: (97, 21)
6: (72, 13)
7: (101, 9)
8: (68, 18)
9: (97, 22)
10: (72, 14)
11: (101, 10)
12: (68, 19)
13: (97, 23)
14: (72, 15)
15: (101, 11)
outputs: 
0: (68, 10) (72, 9) (97, 11) (101, 8) 
cfgBlkIdx: 70
operations: ACC, ADD, AND, ASHR, ASUB, BFACC16, BFADD16, BFEQ16, BFMUL16, BFOLE16, BFOLT16, BFSUB16, BFUNO16, DEINTLV2, DEINTLV3, DEINTLV4, FACC32, FADD32, FMUL32, FSUB32, INTLV2, INTLV3, INTLV4, ISEL, LSHR, MUL, OR, PASS, SEL, SHL, SLE, SLT, SUB, 
maxDelay: 10
numOperands: 4
operandInputs: 
0: 0 1 2 3 
1: 4 5 6 7 
2: 8 9 10 11 
3: 12 13 14 15 
cfgIdMap: Cycles, 12; InitVal, 9; Latency, 11; Repeats, 13; SkipFirst, 14; WI, 10; 
numRfReg: 0
=====================================
id: 71
type: GIB
name: GIB71
bitWidth: 0
numInputs: 12
numOutputs: 24
inputs: 
0: (42, 4)
1: (42, 5)
2: (67, 6)
3: (67, 7)
4: (72, 0)
5: (72, 1)
6: (75, 2)
7: (75, 3)
8: (40, 0)
9: (69, 0)
10: (73, 0)
11: (44, 0)
outputs: 
0: (42, 4) 
1: (42, 5) 
2: (67, 6) 
3: (67, 7) 
4: (72, 0) 
5: (72, 1) 
6: (75, 2) 
7: (75, 3) 
8: (40, 3) 
9: (40, 7) 
10: (40, 11) 
11: (40, 15) 
12: (69, 2) 
13: (69, 6) 
14: (69, 10) 
15: (69, 14) 
16: (73, 0) 
17: (73, 4) 
18: (73, 8) 
19: (73, 12) 
20: (44, 1) 
21: (44, 5) 
22: (44, 9) 
23: (44, 13) 
cfgBlkIdx: 71
trackReged: 0
outReged: 
0: 0
1: 0
2: 0
3: 0
4: 0
5: 0
6: 0
7: 0
8: 0
9: 0
10: 0
11: 0
12: 0
13: 0
14: 0
15: 0
16: 0
17: 0
18: 0
19: 0
20: 0
21: 0
22: 0
23: 0
out2ins: 
0, 2
0, 4
0, 7
0, 9
0, 10
1, 3
1, 5
1, 6
2, 0
2, 5
2, 6
2, 11
3, 1
3, 4
3, 7
3, 10
4, 0
4, 3
4, 6
4, 8
4, 11
5, 1
5, 2
5, 7
6, 1
6, 2
6, 4
6, 9
7, 0
7, 3
7, 5
7, 8
8, 4
8, 7
8, 10
9, 4
9, 7
9, 11
10, 5
10, 6
10, 10
11, 5
11, 6
11, 11
12, 0
12, 6
12, 8
12, 11
13, 0
13, 6
14, 1
14, 7
14, 8
14, 11
15, 1
15, 7
16, 0
16, 3
16, 8
17, 0
17, 3
17, 9
18, 1
18, 2
18, 8
19, 1
19, 2
19, 9
20, 2
20, 4
20, 9
20, 10
21, 2
21, 4
22, 3
22, 5
22, 9
22, 10
23, 3
23, 5
in2outs: 
0, 2
0, 4
0, 7
0, 12
0, 13
0, 16
0, 17
1, 3
1, 5
1, 6
1, 14
1, 15
1, 18
1, 19
2, 0
2, 5
2, 6
2, 18
2, 19
2, 20
2, 21
3, 1
3, 4
3, 7
3, 16
3, 17
3, 22
3, 23
4, 0
4, 3
4, 6
4, 8
4, 9
4, 20
4, 21
5, 1
5, 2
5, 7
5, 10
5, 11
5, 22
5, 23
6, 1
6, 2
6, 4
6, 10
6, 11
6, 12
6, 13
7, 0
7, 3
7, 5
7, 8
7, 9
7, 14
7, 15
8, 4
8, 7
8, 12
8, 14
8, 16
8, 18
9, 0
9, 6
9, 17
9, 19
9, 20
9, 22
10, 0
10, 3
10, 8
10, 10
10, 20
10, 22
11, 2
11, 4
11, 9
11, 11
11, 12
11, 14
=====================================
id: 72
type: GIB
name: GIB72
bitWidth: 0
numInputs: 12
numOutputs: 24
inputs: 
0: (71, 4)
1: (71, 5)
2: (68, 6)
3: (68, 7)
4: (101, 0)
5: (101, 1)
6: (76, 2)
7: (76, 3)
8: (69, 0)
9: (70, 0)
10: (74, 0)
11: (73, 0)
outputs: 
0: (71, 4) 
1: (71, 5) 
2: (68, 6) 
3: (68, 7) 
4: (101, 0) 
5: (101, 1) 
6: (76, 2) 
7: (76, 3) 
8: (69, 3) 
9: (69, 7) 
10: (69, 11) 
11: (69, 15) 
12: (70, 2) 
13: (70, 6) 
14: (70, 10) 
15: (70, 14) 
16: (74, 0) 
17: (74, 4) 
18: (74, 8) 
19: (74, 12) 
20: (73, 1) 
21: (73, 5) 
22: (73, 9) 
23: (73, 13) 
cfgBlkIdx: 72
trackReged: 1
outReged: 
0: 1
1: 1
2: 1
3: 1
4: 1
5: 1
6: 1
7: 1
8: 0
9: 0
10: 0
11: 0
12: 0
13: 0
14: 0
15: 0
16: 0
17: 0
18: 0
19: 0
20: 0
21: 0
22: 0
23: 0
out2ins: 
0, 2
0, 4
0, 7
0, 9
0, 10
1, 3
1, 5
1, 6
2, 0
2, 5
2, 6
2, 11
3, 1
3, 4
3, 7
3, 10
4, 0
4, 3
4, 6
4, 8
4, 11
5, 1
5, 2
5, 7
6, 1
6, 2
6, 4
6, 9
7, 0
7, 3
7, 5
7, 8
8, 4
8, 7
8, 10
9, 4
9, 7
9, 11
10, 5
10, 6
10, 10
11, 5
11, 6
11, 11
12, 0
12, 6
12, 8
12, 11
13, 0
13, 6
14, 1
14, 7
14, 8
14, 11
15, 1
15, 7
16, 0
16, 3
16, 8
17, 0
17, 3
17, 9
18, 1
18, 2
18, 8
19, 1
19, 2
19, 9
20, 2
20, 4
20, 9
20, 10
21, 2
21, 4
22, 3
22, 5
22, 9
22, 10
23, 3
23, 5
in2outs: 
0, 2
0, 4
0, 7
0, 12
0, 13
0, 16
0, 17
1, 3
1, 5
1, 6
1, 14
1, 15
1, 18
1, 19
2, 0
2, 5
2, 6
2, 18
2, 19
2, 20
2, 21
3, 1
3, 4
3, 7
3, 16
3, 17
3, 22
3, 23
4, 0
4, 3
4, 6
4, 8
4, 9
4, 20
4, 21
5, 1
5, 2
5, 7
5, 10
5, 11
5, 22
5, 23
6, 1
6, 2
6, 4
6, 10
6, 11
6, 12
6, 13
7, 0
7, 3
7, 5
7, 8
7, 9
7, 14
7, 15
8, 4
8, 7
8, 12
8, 14
8, 16
8, 18
9, 0
9, 6
9, 17
9, 19
9, 20
9, 22
10, 0
10, 3
10, 8
10, 10
10, 20
10, 22
11, 2
11, 4
11, 9
11, 11
11, 12
11, 14
=====================================
id: 73
type: GPE
name: GPE73
bitWidth: 0
numInputs: 16
numOutputs: 1
inputs: 
0: (71, 16)
1: (72, 20)
2: (75, 12)
3: (76, 8)
4: (71, 17)
5: (72, 21)
6: (75, 13)
7: (76, 9)
8: (71, 18)
9: (72, 22)
10: (75, 14)
11: (76, 10)
12: (71, 19)
13: (72, 23)
14: (75, 15)
15: (76, 11)
outputs: 
0: (71, 10) (72, 11) (75, 9) (76, 8) 
cfgBlkIdx: 73
operations: ACC, ADD, AND, ASHR, ASUB, BFACC16, BFADD16, BFEQ16, BFMUL16, BFOLE16, BFOLT16, BFSUB16, BFUNO16, DEINTLV2, DEINTLV3, DEINTLV4, FACC32, FADD32, FMUL32, FSUB32, INTLV2, INTLV3, INTLV4, ISEL, LSHR, MUL, OR, PASS, SEL, SHL, SLE, SLT, SUB, 
maxDelay: 10
numOperands: 4
operandInputs: 
0: 0 1 2 3 
1: 4 5 6 7 
2: 8 9 10 11 
3: 12 13 14 15 
cfgIdMap: Cycles, 12; InitVal, 9; Latency, 11; Repeats, 13; SkipFirst, 14; WI, 10; 
numRfReg: 0
=====================================
id: 74
type: GPE
name: GPE74
bitWidth: 0
numInputs: 16
numOutputs: 1
inputs: 
0: (72, 16)
1: (101, 20)
2: (76, 12)
3: (105, 8)
4: (72, 17)
5: (101, 21)
6: (76, 13)
7: (105, 9)
8: (72, 18)
9: (101, 22)
10: (76, 14)
11: (105, 10)
12: (72, 19)
13: (101, 23)
14: (76, 15)
15: (105, 11)
outputs: 
0: (72, 10) (76, 9) (101, 11) (105, 8) 
cfgBlkIdx: 74
operations: ACC, ADD, AND, ASHR, ASUB, BFACC16, BFADD16, BFEQ16, BFMUL16, BFOLE16, BFOLT16, BFSUB16, BFUNO16, DEINTLV2, DEINTLV3, DEINTLV4, FACC32, FADD32, FMUL32, FSUB32, INTLV2, INTLV3, INTLV4, ISEL, LSHR, MUL, OR, PASS, SEL, SHL, SLE, SLT, SUB, 
maxDelay: 10
numOperands: 4
operandInputs: 
0: 0 1 2 3 
1: 4 5 6 7 
2: 8 9 10 11 
3: 12 13 14 15 
cfgIdMap: Cycles, 12; InitVal, 9; Latency, 11; Repeats, 13; SkipFirst, 14; WI, 10; 
numRfReg: 0
=====================================
id: 75
type: GIB
name: GIB75
bitWidth: 0
numInputs: 12
numOutputs: 24
inputs: 
0: (46, 4)
1: (46, 5)
2: (71, 6)
3: (71, 7)
4: (76, 0)
5: (76, 1)
6: (79, 2)
7: (79, 3)
8: (44, 0)
9: (73, 0)
10: (77, 0)
11: (48, 0)
outputs: 
0: (46, 4) 
1: (46, 5) 
2: (71, 6) 
3: (71, 7) 
4: (76, 0) 
5: (76, 1) 
6: (79, 2) 
7: (79, 3) 
8: (44, 3) 
9: (44, 7) 
10: (44, 11) 
11: (44, 15) 
12: (73, 2) 
13: (73, 6) 
14: (73, 10) 
15: (73, 14) 
16: (77, 0) 
17: (77, 4) 
18: (77, 8) 
19: (77, 12) 
20: (48, 1) 
21: (48, 5) 
22: (48, 9) 
23: (48, 13) 
cfgBlkIdx: 75
trackReged: 1
outReged: 
0: 1
1: 1
2: 1
3: 1
4: 1
5: 1
6: 1
7: 1
8: 0
9: 0
10: 0
11: 0
12: 0
13: 0
14: 0
15: 0
16: 0
17: 0
18: 0
19: 0
20: 0
21: 0
22: 0
23: 0
out2ins: 
0, 2
0, 4
0, 7
0, 9
0, 10
1, 3
1, 5
1, 6
2, 0
2, 5
2, 6
2, 11
3, 1
3, 4
3, 7
3, 10
4, 0
4, 3
4, 6
4, 8
4, 11
5, 1
5, 2
5, 7
6, 1
6, 2
6, 4
6, 9
7, 0
7, 3
7, 5
7, 8
8, 4
8, 7
8, 10
9, 4
9, 7
9, 11
10, 5
10, 6
10, 10
11, 5
11, 6
11, 11
12, 0
12, 6
12, 8
12, 11
13, 0
13, 6
14, 1
14, 7
14, 8
14, 11
15, 1
15, 7
16, 0
16, 3
16, 8
17, 0
17, 3
17, 9
18, 1
18, 2
18, 8
19, 1
19, 2
19, 9
20, 2
20, 4
20, 9
20, 10
21, 2
21, 4
22, 3
22, 5
22, 9
22, 10
23, 3
23, 5
in2outs: 
0, 2
0, 4
0, 7
0, 12
0, 13
0, 16
0, 17
1, 3
1, 5
1, 6
1, 14
1, 15
1, 18
1, 19
2, 0
2, 5
2, 6
2, 18
2, 19
2, 20
2, 21
3, 1
3, 4
3, 7
3, 16
3, 17
3, 22
3, 23
4, 0
4, 3
4, 6
4, 8
4, 9
4, 20
4, 21
5, 1
5, 2
5, 7
5, 10
5, 11
5, 22
5, 23
6, 1
6, 2
6, 4
6, 10
6, 11
6, 12
6, 13
7, 0
7, 3
7, 5
7, 8
7, 9
7, 14
7, 15
8, 4
8, 7
8, 12
8, 14
8, 16
8, 18
9, 0
9, 6
9, 17
9, 19
9, 20
9, 22
10, 0
10, 3
10, 8
10, 10
10, 20
10, 22
11, 2
11, 4
11, 9
11, 11
11, 12
11, 14
=====================================
id: 76
type: GIB
name: GIB76
bitWidth: 0
numInputs: 12
numOutputs: 24
inputs: 
0: (75, 4)
1: (75, 5)
2: (72, 6)
3: (72, 7)
4: (105, 0)
5: (105, 1)
6: (80, 2)
7: (80, 3)
8: (73, 0)
9: (74, 0)
10: (78, 0)
11: (77, 0)
outputs: 
0: (75, 4) 
1: (75, 5) 
2: (72, 6) 
3: (72, 7) 
4: (105, 0) 
5: (105, 1) 
6: (80, 2) 
7: (80, 3) 
8: (73, 3) 
9: (73, 7) 
10: (73, 11) 
11: (73, 15) 
12: (74, 2) 
13: (74, 6) 
14: (74, 10) 
15: (74, 14) 
16: (78, 0) 
17: (78, 4) 
18: (78, 8) 
19: (78, 12) 
20: (77, 1) 
21: (77, 5) 
22: (77, 9) 
23: (77, 13) 
cfgBlkIdx: 76
trackReged: 0
outReged: 
0: 0
1: 0
2: 0
3: 0
4: 0
5: 0
6: 0
7: 0
8: 0
9: 0
10: 0
11: 0
12: 0
13: 0
14: 0
15: 0
16: 0
17: 0
18: 0
19: 0
20: 0
21: 0
22: 0
23: 0
out2ins: 
0, 2
0, 4
0, 7
0, 9
0, 10
1, 3
1, 5
1, 6
2, 0
2, 5
2, 6
2, 11
3, 1
3, 4
3, 7
3, 10
4, 0
4, 3
4, 6
4, 8
4, 11
5, 1
5, 2
5, 7
6, 1
6, 2
6, 4
6, 9
7, 0
7, 3
7, 5
7, 8
8, 4
8, 7
8, 10
9, 4
9, 7
9, 11
10, 5
10, 6
10, 10
11, 5
11, 6
11, 11
12, 0
12, 6
12, 8
12, 11
13, 0
13, 6
14, 1
14, 7
14, 8
14, 11
15, 1
15, 7
16, 0
16, 3
16, 8
17, 0
17, 3
17, 9
18, 1
18, 2
18, 8
19, 1
19, 2
19, 9
20, 2
20, 4
20, 9
20, 10
21, 2
21, 4
22, 3
22, 5
22, 9
22, 10
23, 3
23, 5
in2outs: 
0, 2
0, 4
0, 7
0, 12
0, 13
0, 16
0, 17
1, 3
1, 5
1, 6
1, 14
1, 15
1, 18
1, 19
2, 0
2, 5
2, 6
2, 18
2, 19
2, 20
2, 21
3, 1
3, 4
3, 7
3, 16
3, 17
3, 22
3, 23
4, 0
4, 3
4, 6
4, 8
4, 9
4, 20
4, 21
5, 1
5, 2
5, 7
5, 10
5, 11
5, 22
5, 23
6, 1
6, 2
6, 4
6, 10
6, 11
6, 12
6, 13
7, 0
7, 3
7, 5
7, 8
7, 9
7, 14
7, 15
8, 4
8, 7
8, 12
8, 14
8, 16
8, 18
9, 0
9, 6
9, 17
9, 19
9, 20
9, 22
10, 0
10, 3
10, 8
10, 10
10, 20
10, 22
11, 2
11, 4
11, 9
11, 11
11, 12
11, 14
=====================================
id: 77
type: GPE
name: GPE77
bitWidth: 0
numInputs: 16
numOutputs: 1
inputs: 
0: (75, 16)
1: (76, 20)
2: (79, 12)
3: (80, 8)
4: (75, 17)
5: (76, 21)
6: (79, 13)
7: (80, 9)
8: (75, 18)
9: (76, 22)
10: (79, 14)
11: (80, 10)
12: (75, 19)
13: (76, 23)
14: (79, 15)
15: (80, 11)
outputs: 
0: (75, 10) (76, 11) (79, 9) (80, 8) 
cfgBlkIdx: 77
operations: ACC, ADD, AND, ASHR, ASUB, BFACC16, BFADD16, BFEQ16, BFMUL16, BFOLE16, BFOLT16, BFSUB16, BFUNO16, DEINTLV2, DEINTLV3, DEINTLV4, FACC32, FADD32, FMUL32, FSUB32, INTLV2, INTLV3, INTLV4, ISEL, LSHR, MUL, OR, PASS, SEL, SHL, SLE, SLT, SUB, 
maxDelay: 10
numOperands: 4
operandInputs: 
0: 0 1 2 3 
1: 4 5 6 7 
2: 8 9 10 11 
3: 12 13 14 15 
cfgIdMap: Cycles, 12; InitVal, 9; Latency, 11; Repeats, 13; SkipFirst, 14; WI, 10; 
numRfReg: 0
=====================================
id: 78
type: GPE
name: GPE78
bitWidth: 0
numInputs: 16
numOutputs: 1
inputs: 
0: (76, 16)
1: (105, 20)
2: (80, 12)
3: (109, 8)
4: (76, 17)
5: (105, 21)
6: (80, 13)
7: (109, 9)
8: (76, 18)
9: (105, 22)
10: (80, 14)
11: (109, 10)
12: (76, 19)
13: (105, 23)
14: (80, 15)
15: (109, 11)
outputs: 
0: (76, 10) (80, 9) (105, 11) (109, 8) 
cfgBlkIdx: 78
operations: ACC, ADD, AND, ASHR, ASUB, BFACC16, BFADD16, BFEQ16, BFMUL16, BFOLE16, BFOLT16, BFSUB16, BFUNO16, DEINTLV2, DEINTLV3, DEINTLV4, FACC32, FADD32, FMUL32, FSUB32, INTLV2, INTLV3, INTLV4, ISEL, LSHR, MUL, OR, PASS, SEL, SHL, SLE, SLT, SUB, 
maxDelay: 10
numOperands: 4
operandInputs: 
0: 0 1 2 3 
1: 4 5 6 7 
2: 8 9 10 11 
3: 12 13 14 15 
cfgIdMap: Cycles, 12; InitVal, 9; Latency, 11; Repeats, 13; SkipFirst, 14; WI, 10; 
numRfReg: 0
=====================================
id: 79
type: GIB
name: GIB79
bitWidth: 0
numInputs: 12
numOutputs: 24
inputs: 
0: (50, 4)
1: (50, 5)
2: (75, 6)
3: (75, 7)
4: (80, 0)
5: (80, 1)
6: (83, 2)
7: (83, 3)
8: (48, 0)
9: (77, 0)
10: (81, 0)
11: (52, 0)
outputs: 
0: (50, 4) 
1: (50, 5) 
2: (75, 6) 
3: (75, 7) 
4: (80, 0) 
5: (80, 1) 
6: (83, 2) 
7: (83, 3) 
8: (48, 3) 
9: (48, 7) 
10: (48, 11) 
11: (48, 15) 
12: (77, 2) 
13: (77, 6) 
14: (77, 10) 
15: (77, 14) 
16: (81, 0) 
17: (81, 4) 
18: (81, 8) 
19: (81, 12) 
20: (52, 1) 
21: (52, 5) 
22: (52, 9) 
23: (52, 13) 
cfgBlkIdx: 79
trackReged: 0
outReged: 
0: 0
1: 0
2: 0
3: 0
4: 0
5: 0
6: 0
7: 0
8: 0
9: 0
10: 0
11: 0
12: 0
13: 0
14: 0
15: 0
16: 0
17: 0
18: 0
19: 0
20: 0
21: 0
22: 0
23: 0
out2ins: 
0, 2
0, 4
0, 7
0, 9
0, 10
1, 3
1, 5
1, 6
2, 0
2, 5
2, 6
2, 11
3, 1
3, 4
3, 7
3, 10
4, 0
4, 3
4, 6
4, 8
4, 11
5, 1
5, 2
5, 7
6, 1
6, 2
6, 4
6, 9
7, 0
7, 3
7, 5
7, 8
8, 4
8, 7
8, 10
9, 4
9, 7
9, 11
10, 5
10, 6
10, 10
11, 5
11, 6
11, 11
12, 0
12, 6
12, 8
12, 11
13, 0
13, 6
14, 1
14, 7
14, 8
14, 11
15, 1
15, 7
16, 0
16, 3
16, 8
17, 0
17, 3
17, 9
18, 1
18, 2
18, 8
19, 1
19, 2
19, 9
20, 2
20, 4
20, 9
20, 10
21, 2
21, 4
22, 3
22, 5
22, 9
22, 10
23, 3
23, 5
in2outs: 
0, 2
0, 4
0, 7
0, 12
0, 13
0, 16
0, 17
1, 3
1, 5
1, 6
1, 14
1, 15
1, 18
1, 19
2, 0
2, 5
2, 6
2, 18
2, 19
2, 20
2, 21
3, 1
3, 4
3, 7
3, 16
3, 17
3, 22
3, 23
4, 0
4, 3
4, 6
4, 8
4, 9
4, 20
4, 21
5, 1
5, 2
5, 7
5, 10
5, 11
5, 22
5, 23
6, 1
6, 2
6, 4
6, 10
6, 11
6, 12
6, 13
7, 0
7, 3
7, 5
7, 8
7, 9
7, 14
7, 15
8, 4
8, 7
8, 12
8, 14
8, 16
8, 18
9, 0
9, 6
9, 17
9, 19
9, 20
9, 22
10, 0
10, 3
10, 8
10, 10
10, 20
10, 22
11, 2
11, 4
11, 9
11, 11
11, 12
11, 14
=====================================
id: 80
type: GIB
name: GIB80
bitWidth: 0
numInputs: 12
numOutputs: 24
inputs: 
0: (79, 4)
1: (79, 5)
2: (76, 6)
3: (76, 7)
4: (109, 0)
5: (109, 1)
6: (84, 2)
7: (84, 3)
8: (77, 0)
9: (78, 0)
10: (82, 0)
11: (81, 0)
outputs: 
0: (79, 4) 
1: (79, 5) 
2: (76, 6) 
3: (76, 7) 
4: (109, 0) 
5: (109, 1) 
6: (84, 2) 
7: (84, 3) 
8: (77, 3) 
9: (77, 7) 
10: (77, 11) 
11: (77, 15) 
12: (78, 2) 
13: (78, 6) 
14: (78, 10) 
15: (78, 14) 
16: (82, 0) 
17: (82, 4) 
18: (82, 8) 
19: (82, 12) 
20: (81, 1) 
21: (81, 5) 
22: (81, 9) 
23: (81, 13) 
cfgBlkIdx: 80
trackReged: 1
outReged: 
0: 1
1: 1
2: 1
3: 1
4: 1
5: 1
6: 1
7: 1
8: 0
9: 0
10: 0
11: 0
12: 0
13: 0
14: 0
15: 0
16: 0
17: 0
18: 0
19: 0
20: 0
21: 0
22: 0
23: 0
out2ins: 
0, 2
0, 4
0, 7
0, 9
0, 10
1, 3
1, 5
1, 6
2, 0
2, 5
2, 6
2, 11
3, 1
3, 4
3, 7
3, 10
4, 0
4, 3
4, 6
4, 8
4, 11
5, 1
5, 2
5, 7
6, 1
6, 2
6, 4
6, 9
7, 0
7, 3
7, 5
7, 8
8, 4
8, 7
8, 10
9, 4
9, 7
9, 11
10, 5
10, 6
10, 10
11, 5
11, 6
11, 11
12, 0
12, 6
12, 8
12, 11
13, 0
13, 6
14, 1
14, 7
14, 8
14, 11
15, 1
15, 7
16, 0
16, 3
16, 8
17, 0
17, 3
17, 9
18, 1
18, 2
18, 8
19, 1
19, 2
19, 9
20, 2
20, 4
20, 9
20, 10
21, 2
21, 4
22, 3
22, 5
22, 9
22, 10
23, 3
23, 5
in2outs: 
0, 2
0, 4
0, 7
0, 12
0, 13
0, 16
0, 17
1, 3
1, 5
1, 6
1, 14
1, 15
1, 18
1, 19
2, 0
2, 5
2, 6
2, 18
2, 19
2, 20
2, 21
3, 1
3, 4
3, 7
3, 16
3, 17
3, 22
3, 23
4, 0
4, 3
4, 6
4, 8
4, 9
4, 20
4, 21
5, 1
5, 2
5, 7
5, 10
5, 11
5, 22
5, 23
6, 1
6, 2
6, 4
6, 10
6, 11
6, 12
6, 13
7, 0
7, 3
7, 5
7, 8
7, 9
7, 14
7, 15
8, 4
8, 7
8, 12
8, 14
8, 16
8, 18
9, 0
9, 6
9, 17
9, 19
9, 20
9, 22
10, 0
10, 3
10, 8
10, 10
10, 20
10, 22
11, 2
11, 4
11, 9
11, 11
11, 12
11, 14
=====================================
id: 81
type: GPE
name: GPE81
bitWidth: 0
numInputs: 16
numOutputs: 1
inputs: 
0: (79, 16)
1: (80, 20)
2: (83, 12)
3: (84, 8)
4: (79, 17)
5: (80, 21)
6: (83, 13)
7: (84, 9)
8: (79, 18)
9: (80, 22)
10: (83, 14)
11: (84, 10)
12: (79, 19)
13: (80, 23)
14: (83, 15)
15: (84, 11)
outputs: 
0: (79, 10) (80, 11) (83, 9) (84, 8) 
cfgBlkIdx: 81
operations: ACC, ADD, AND, ASHR, ASUB, BFACC16, BFADD16, BFEQ16, BFMUL16, BFOLE16, BFOLT16, BFSUB16, BFUNO16, DEINTLV2, DEINTLV3, DEINTLV4, FACC32, FADD32, FMUL32, FSUB32, INTLV2, INTLV3, INTLV4, ISEL, LSHR, MUL, OR, PASS, SEL, SHL, SLE, SLT, SUB, 
maxDelay: 10
numOperands: 4
operandInputs: 
0: 0 1 2 3 
1: 4 5 6 7 
2: 8 9 10 11 
3: 12 13 14 15 
cfgIdMap: Cycles, 12; InitVal, 9; Latency, 11; Repeats, 13; SkipFirst, 14; WI, 10; 
numRfReg: 0
=====================================
id: 82
type: GPE
name: GPE82
bitWidth: 0
numInputs: 16
numOutputs: 1
inputs: 
0: (80, 16)
1: (109, 20)
2: (84, 12)
3: (113, 8)
4: (80, 17)
5: (109, 21)
6: (84, 13)
7: (113, 9)
8: (80, 18)
9: (109, 22)
10: (84, 14)
11: (113, 10)
12: (80, 19)
13: (109, 23)
14: (84, 15)
15: (113, 11)
outputs: 
0: (80, 10) (84, 9) (109, 11) (113, 8) 
cfgBlkIdx: 82
operations: ACC, ADD, AND, ASHR, ASUB, BFACC16, BFADD16, BFEQ16, BFMUL16, BFOLE16, BFOLT16, BFSUB16, BFUNO16, DEINTLV2, DEINTLV3, DEINTLV4, FACC32, FADD32, FMUL32, FSUB32, INTLV2, INTLV3, INTLV4, ISEL, LSHR, MUL, OR, PASS, SEL, SHL, SLE, SLT, SUB, 
maxDelay: 10
numOperands: 4
operandInputs: 
0: 0 1 2 3 
1: 4 5 6 7 
2: 8 9 10 11 
3: 12 13 14 15 
cfgIdMap: Cycles, 12; InitVal, 9; Latency, 11; Repeats, 13; SkipFirst, 14; WI, 10; 
numRfReg: 0
=====================================
id: 83
type: GIB
name: GIB83
bitWidth: 0
numInputs: 12
numOutputs: 24
inputs: 
0: (54, 4)
1: (54, 5)
2: (79, 6)
3: (79, 7)
4: (84, 0)
5: (84, 1)
6: (87, 2)
7: (87, 3)
8: (52, 0)
9: (81, 0)
10: (85, 0)
11: (56, 0)
outputs: 
0: (54, 4) 
1: (54, 5) 
2: (79, 6) 
3: (79, 7) 
4: (84, 0) 
5: (84, 1) 
6: (87, 2) 
7: (87, 3) 
8: (52, 3) 
9: (52, 7) 
10: (52, 11) 
11: (52, 15) 
12: (81, 2) 
13: (81, 6) 
14: (81, 10) 
15: (81, 14) 
16: (85, 0) 
17: (85, 4) 
18: (85, 8) 
19: (85, 12) 
20: (56, 1) 
21: (56, 5) 
22: (56, 9) 
23: (56, 13) 
cfgBlkIdx: 83
trackReged: 1
outReged: 
0: 1
1: 1
2: 1
3: 1
4: 1
5: 1
6: 1
7: 1
8: 0
9: 0
10: 0
11: 0
12: 0
13: 0
14: 0
15: 0
16: 0
17: 0
18: 0
19: 0
20: 0
21: 0
22: 0
23: 0
out2ins: 
0, 2
0, 4
0, 7
0, 9
0, 10
1, 3
1, 5
1, 6
2, 0
2, 5
2, 6
2, 11
3, 1
3, 4
3, 7
3, 10
4, 0
4, 3
4, 6
4, 8
4, 11
5, 1
5, 2
5, 7
6, 1
6, 2
6, 4
6, 9
7, 0
7, 3
7, 5
7, 8
8, 4
8, 7
8, 10
9, 4
9, 7
9, 11
10, 5
10, 6
10, 10
11, 5
11, 6
11, 11
12, 0
12, 6
12, 8
12, 11
13, 0
13, 6
14, 1
14, 7
14, 8
14, 11
15, 1
15, 7
16, 0
16, 3
16, 8
17, 0
17, 3
17, 9
18, 1
18, 2
18, 8
19, 1
19, 2
19, 9
20, 2
20, 4
20, 9
20, 10
21, 2
21, 4
22, 3
22, 5
22, 9
22, 10
23, 3
23, 5
in2outs: 
0, 2
0, 4
0, 7
0, 12
0, 13
0, 16
0, 17
1, 3
1, 5
1, 6
1, 14
1, 15
1, 18
1, 19
2, 0
2, 5
2, 6
2, 18
2, 19
2, 20
2, 21
3, 1
3, 4
3, 7
3, 16
3, 17
3, 22
3, 23
4, 0
4, 3
4, 6
4, 8
4, 9
4, 20
4, 21
5, 1
5, 2
5, 7
5, 10
5, 11
5, 22
5, 23
6, 1
6, 2
6, 4
6, 10
6, 11
6, 12
6, 13
7, 0
7, 3
7, 5
7, 8
7, 9
7, 14
7, 15
8, 4
8, 7
8, 12
8, 14
8, 16
8, 18
9, 0
9, 6
9, 17
9, 19
9, 20
9, 22
10, 0
10, 3
10, 8
10, 10
10, 20
10, 22
11, 2
11, 4
11, 9
11, 11
11, 12
11, 14
=====================================
id: 84
type: GIB
name: GIB84
bitWidth: 0
numInputs: 12
numOutputs: 24
inputs: 
0: (83, 4)
1: (83, 5)
2: (80, 6)
3: (80, 7)
4: (113, 0)
5: (113, 1)
6: (88, 2)
7: (88, 3)
8: (81, 0)
9: (82, 0)
10: (86, 0)
11: (85, 0)
outputs: 
0: (83, 4) 
1: (83, 5) 
2: (80, 6) 
3: (80, 7) 
4: (113, 0) 
5: (113, 1) 
6: (88, 2) 
7: (88, 3) 
8: (81, 3) 
9: (81, 7) 
10: (81, 11) 
11: (81, 15) 
12: (82, 2) 
13: (82, 6) 
14: (82, 10) 
15: (82, 14) 
16: (86, 0) 
17: (86, 4) 
18: (86, 8) 
19: (86, 12) 
20: (85, 1) 
21: (85, 5) 
22: (85, 9) 
23: (85, 13) 
cfgBlkIdx: 84
trackReged: 0
outReged: 
0: 0
1: 0
2: 0
3: 0
4: 0
5: 0
6: 0
7: 0
8: 0
9: 0
10: 0
11: 0
12: 0
13: 0
14: 0
15: 0
16: 0
17: 0
18: 0
19: 0
20: 0
21: 0
22: 0
23: 0
out2ins: 
0, 2
0, 4
0, 7
0, 9
0, 10
1, 3
1, 5
1, 6
2, 0
2, 5
2, 6
2, 11
3, 1
3, 4
3, 7
3, 10
4, 0
4, 3
4, 6
4, 8
4, 11
5, 1
5, 2
5, 7
6, 1
6, 2
6, 4
6, 9
7, 0
7, 3
7, 5
7, 8
8, 4
8, 7
8, 10
9, 4
9, 7
9, 11
10, 5
10, 6
10, 10
11, 5
11, 6
11, 11
12, 0
12, 6
12, 8
12, 11
13, 0
13, 6
14, 1
14, 7
14, 8
14, 11
15, 1
15, 7
16, 0
16, 3
16, 8
17, 0
17, 3
17, 9
18, 1
18, 2
18, 8
19, 1
19, 2
19, 9
20, 2
20, 4
20, 9
20, 10
21, 2
21, 4
22, 3
22, 5
22, 9
22, 10
23, 3
23, 5
in2outs: 
0, 2
0, 4
0, 7
0, 12
0, 13
0, 16
0, 17
1, 3
1, 5
1, 6
1, 14
1, 15
1, 18
1, 19
2, 0
2, 5
2, 6
2, 18
2, 19
2, 20
2, 21
3, 1
3, 4
3, 7
3, 16
3, 17
3, 22
3, 23
4, 0
4, 3
4, 6
4, 8
4, 9
4, 20
4, 21
5, 1
5, 2
5, 7
5, 10
5, 11
5, 22
5, 23
6, 1
6, 2
6, 4
6, 10
6, 11
6, 12
6, 13
7, 0
7, 3
7, 5
7, 8
7, 9
7, 14
7, 15
8, 4
8, 7
8, 12
8, 14
8, 16
8, 18
9, 0
9, 6
9, 17
9, 19
9, 20
9, 22
10, 0
10, 3
10, 8
10, 10
10, 20
10, 22
11, 2
11, 4
11, 9
11, 11
11, 12
11, 14
=====================================
id: 85
type: GPE
name: GPE85
bitWidth: 0
numInputs: 16
numOutputs: 1
inputs: 
0: (83, 16)
1: (84, 20)
2: (87, 10)
3: (88, 6)
4: (83, 17)
5: (84, 21)
6: (87, 11)
7: (88, 7)
8: (83, 18)
9: (84, 22)
10: (87, 12)
11: (88, 8)
12: (83, 19)
13: (84, 23)
14: (87, 13)
15: (88, 9)
outputs: 
0: (83, 10) (84, 11) (87, 7) (88, 6) 
cfgBlkIdx: 85
operations: ACC, ADD, AND, ASHR, ASUB, BFACC16, BFADD16, BFEQ16, BFMUL16, BFOLE16, BFOLT16, BFSUB16, BFUNO16, DEINTLV2, DEINTLV3, DEINTLV4, FACC32, FADD32, FMUL32, FSUB32, INTLV2, INTLV3, INTLV4, ISEL, LSHR, MUL, OR, PASS, SEL, SHL, SLE, SLT, SUB, 
maxDelay: 10
numOperands: 4
operandInputs: 
0: 0 1 2 3 
1: 4 5 6 7 
2: 8 9 10 11 
3: 12 13 14 15 
cfgIdMap: Cycles, 12; InitVal, 9; Latency, 11; Repeats, 13; SkipFirst, 14; WI, 10; 
numRfReg: 0
=====================================
id: 86
type: GPE
name: GPE86
bitWidth: 0
numInputs: 16
numOutputs: 1
inputs: 
0: (84, 16)
1: (113, 20)
2: (88, 10)
3: (117, 6)
4: (84, 17)
5: (113, 21)
6: (88, 11)
7: (117, 7)
8: (84, 18)
9: (113, 22)
10: (88, 12)
11: (117, 8)
12: (84, 19)
13: (113, 23)
14: (88, 13)
15: (117, 9)
outputs: 
0: (84, 10) (88, 7) (113, 11) (117, 6) 
cfgBlkIdx: 86
operations: ACC, ADD, AND, ASHR, ASUB, BFACC16, BFADD16, BFEQ16, BFMUL16, BFOLE16, BFOLT16, BFSUB16, BFUNO16, DEINTLV2, DEINTLV3, DEINTLV4, FACC32, FADD32, FMUL32, FSUB32, INTLV2, INTLV3, INTLV4, ISEL, LSHR, MUL, OR, PASS, SEL, SHL, SLE, SLT, SUB, 
maxDelay: 10
numOperands: 4
operandInputs: 
0: 0 1 2 3 
1: 4 5 6 7 
2: 8 9 10 11 
3: 12 13 14 15 
cfgIdMap: Cycles, 12; InitVal, 9; Latency, 11; Repeats, 13; SkipFirst, 14; WI, 10; 
numRfReg: 0
=====================================
id: 87
type: GIB
name: GIB87
bitWidth: 0
numInputs: 10
numOutputs: 18
inputs: 
0: (58, 4)
1: (58, 5)
2: (83, 6)
3: (83, 7)
4: (88, 0)
5: (88, 1)
6: (56, 0)
7: (85, 0)
8: (89, 0)
9: (60, 0)
outputs: 
0: (58, 4) 
1: (58, 5) 
2: (83, 6) 
3: (83, 7) 
4: (88, 0) 
5: (88, 1) 
6: (56, 3) 
7: (56, 7) 
8: (56, 11) 
9: (56, 15) 
10: (85, 2) 
11: (85, 6) 
12: (85, 10) 
13: (85, 14) 
14: (89, 0) 
15: (89, 2) 
16: (60, 1) 
17: (60, 3) 
cfgBlkIdx: 87
trackReged: 0
outReged: 
0: 0
1: 0
2: 0
3: 0
4: 0
5: 0
6: 0
7: 0
8: 0
9: 0
10: 0
11: 0
12: 0
13: 0
14: 0
15: 0
16: 0
17: 0
out2ins: 
0, 2
0, 4
0, 7
0, 8
1, 3
1, 5
2, 0
2, 5
2, 9
3, 1
3, 4
3, 8
4, 0
4, 3
4, 6
4, 9
5, 1
5, 2
6, 4
6, 8
7, 4
7, 9
8, 5
8, 8
9, 5
9, 9
10, 0
10, 6
10, 9
11, 0
12, 1
12, 6
12, 9
13, 1
14, 0
14, 3
14, 6
14, 7
15, 1
15, 2
15, 6
15, 7
16, 2
16, 4
16, 7
16, 8
17, 3
17, 5
17, 7
17, 8
in2outs: 
0, 2
0, 4
0, 10
0, 11
0, 14
1, 3
1, 5
1, 12
1, 13
1, 15
2, 0
2, 5
2, 15
2, 16
3, 1
3, 4
3, 14
3, 17
4, 0
4, 3
4, 6
4, 7
4, 16
5, 1
5, 2
5, 8
5, 9
5, 17
6, 4
6, 10
6, 12
6, 14
6, 15
7, 0
7, 14
7, 15
7, 16
7, 17
8, 0
8, 3
8, 6
8, 8
8, 16
8, 17
9, 2
9, 4
9, 7
9, 9
9, 10
9, 12
=====================================
id: 88
type: GIB
name: GIB88
bitWidth: 0
numInputs: 10
numOutputs: 18
inputs: 
0: (87, 4)
1: (87, 5)
2: (84, 6)
3: (84, 7)
4: (117, 0)
5: (117, 1)
6: (85, 0)
7: (86, 0)
8: (90, 0)
9: (89, 0)
outputs: 
0: (87, 4) 
1: (87, 5) 
2: (84, 6) 
3: (84, 7) 
4: (117, 0) 
5: (117, 1) 
6: (85, 3) 
7: (85, 7) 
8: (85, 11) 
9: (85, 15) 
10: (86, 2) 
11: (86, 6) 
12: (86, 10) 
13: (86, 14) 
14: (90, 0) 
15: (90, 2) 
16: (89, 1) 
17: (89, 3) 
cfgBlkIdx: 88
trackReged: 1
outReged: 
0: 1
1: 1
2: 1
3: 1
4: 1
5: 1
6: 0
7: 0
8: 0
9: 0
10: 0
11: 0
12: 0
13: 0
14: 0
15: 0
16: 0
17: 0
out2ins: 
0, 2
0, 4
0, 7
0, 8
1, 3
1, 5
2, 0
2, 5
2, 9
3, 1
3, 4
3, 8
4, 0
4, 3
4, 6
4, 9
5, 1
5, 2
6, 4
6, 8
7, 4
7, 9
8, 5
8, 8
9, 5
9, 9
10, 0
10, 6
10, 9
11, 0
12, 1
12, 6
12, 9
13, 1
14, 0
14, 3
14, 6
14, 7
15, 1
15, 2
15, 6
15, 7
16, 2
16, 4
16, 7
16, 8
17, 3
17, 5
17, 7
17, 8
in2outs: 
0, 2
0, 4
0, 10
0, 11
0, 14
1, 3
1, 5
1, 12
1, 13
1, 15
2, 0
2, 5
2, 15
2, 16
3, 1
3, 4
3, 14
3, 17
4, 0
4, 3
4, 6
4, 7
4, 16
5, 1
5, 2
5, 8
5, 9
5, 17
6, 4
6, 10
6, 12
6, 14
6, 15
7, 0
7, 14
7, 15
7, 16
7, 17
8, 0
8, 3
8, 6
8, 8
8, 16
8, 17
9, 2
9, 4
9, 7
9, 9
9, 10
9, 12
=====================================
id: 89
type: IOB
name: IOB89
bitWidth: 0
numInputs: 4
numOutputs: 1
inputs: 
0: (87, 14)
1: (88, 16)
2: (87, 15)
3: (88, 17)
outputs: 
0: (87, 8) (88, 9) 
cfgBlkIdx: 89
operations: INPUT, LOAD, OUTPUT, STORE, 
maxDelay: 10
numOperands: 2
operandInputs: 
0: 0 1 
1: 2 3 
cfgIdMap: BaseAddr, 5; Cycles0, 7; Cycles1, 9; Cycles2, 11; Cycles3, 13; II, 14; IsStore, 16; Latency, 15; Stride0, 6; Stride1, 8; Stride2, 10; Stride3, 12; UseAddr, 17; 
index: 10
=====================================
id: 90
type: IOB
name: IOB90
bitWidth: 0
numInputs: 4
numOutputs: 1
inputs: 
0: (88, 14)
1: (117, 16)
2: (88, 15)
3: (117, 17)
outputs: 
0: (88, 8) (117, 9) 
cfgBlkIdx: 90
operations: INPUT, LOAD, OUTPUT, STORE, 
maxDelay: 10
numOperands: 2
operandInputs: 
0: 0 1 
1: 2 3 
cfgIdMap: BaseAddr, 5; Cycles0, 7; Cycles1, 9; Cycles2, 11; Cycles3, 13; II, 14; IsStore, 16; Latency, 15; Stride0, 6; Stride1, 8; Stride2, 10; Stride3, 12; UseAddr, 17; 
index: 11
=====================================
id: 91
type: IOB
name: IOB91
bitWidth: 0
numInputs: 4
numOutputs: 1
inputs: 
0: (93, 8)
1: (94, 6)
2: (93, 9)
3: (94, 7)
outputs: 
0: (93, 7) (94, 6) 
cfgBlkIdx: 91
operations: INPUT, LOAD, OUTPUT, STORE, 
maxDelay: 10
numOperands: 2
operandInputs: 
0: 0 1 
1: 2 3 
cfgIdMap: BaseAddr, 5; Cycles0, 7; Cycles1, 9; Cycles2, 11; Cycles3, 13; II, 14; IsStore, 16; Latency, 15; Stride0, 6; Stride1, 8; Stride2, 10; Stride3, 12; UseAddr, 17; 
index: 12
=====================================
id: 92
type: IOB
name: IOB92
bitWidth: 0
numInputs: 4
numOutputs: 1
inputs: 
0: (94, 8)
1: (123, 6)
2: (94, 9)
3: (123, 7)
outputs: 
0: (94, 7) (123, 6) 
cfgBlkIdx: 92
operations: INPUT, LOAD, OUTPUT, STORE, 
maxDelay: 10
numOperands: 2
operandInputs: 
0: 0 1 
1: 2 3 
cfgIdMap: BaseAddr, 5; Cycles0, 7; Cycles1, 9; Cycles2, 11; Cycles3, 13; II, 14; IsStore, 16; Latency, 15; Stride0, 6; Stride1, 8; Stride2, 10; Stride3, 12; UseAddr, 17; 
index: 13
=====================================
id: 93
type: GIB
name: GIB93
bitWidth: 0
numInputs: 10
numOutputs: 18
inputs: 
0: (64, 2)
1: (64, 3)
2: (94, 0)
3: (94, 1)
4: (97, 2)
5: (97, 3)
6: (62, 0)
7: (91, 0)
8: (95, 0)
9: (66, 0)
outputs: 
0: (64, 2) 
1: (64, 3) 
2: (94, 0) 
3: (94, 1) 
4: (97, 2) 
5: (97, 3) 
6: (62, 1) 
7: (62, 3) 
8: (91, 0) 
9: (91, 2) 
10: (95, 0) 
11: (95, 4) 
12: (95, 8) 
13: (95, 12) 
14: (66, 1) 
15: (66, 5) 
16: (66, 9) 
17: (66, 13) 
cfgBlkIdx: 93
trackReged: 0
outReged: 
0: 0
1: 0
2: 0
3: 0
4: 0
5: 0
6: 0
7: 0
8: 0
9: 0
10: 0
11: 0
12: 0
13: 0
14: 0
15: 0
16: 0
17: 0
out2ins: 
0, 2
0, 5
0, 7
0, 8
1, 3
1, 4
2, 0
2, 4
2, 6
2, 9
3, 1
3, 5
4, 1
4, 2
4, 7
5, 0
5, 3
5, 6
6, 2
6, 5
6, 8
6, 9
7, 3
7, 4
7, 8
7, 9
8, 0
8, 4
8, 6
8, 9
9, 1
9, 5
9, 6
9, 9
10, 0
10, 6
11, 0
11, 7
12, 1
12, 6
13, 1
13, 7
14, 2
14, 7
14, 8
15, 2
16, 3
16, 7
16, 8
17, 3
in2outs: 
0, 2
0, 5
0, 8
0, 10
0, 11
1, 3
1, 4
1, 9
1, 12
1, 13
2, 0
2, 4
2, 6
2, 14
2, 15
3, 1
3, 5
3, 7
3, 16
3, 17
4, 1
4, 2
4, 7
4, 8
5, 0
5, 3
5, 6
5, 9
6, 2
6, 5
6, 8
6, 9
6, 10
6, 12
7, 0
7, 4
7, 11
7, 13
7, 14
7, 16
8, 0
8, 6
8, 7
8, 14
8, 16
9, 2
9, 6
9, 7
9, 8
9, 9
=====================================
id: 94
type: GIB
name: GIB94
bitWidth: 0
numInputs: 10
numOutputs: 18
inputs: 
0: (93, 2)
1: (93, 3)
2: (123, 0)
3: (123, 1)
4: (98, 2)
5: (98, 3)
6: (91, 0)
7: (92, 0)
8: (96, 0)
9: (95, 0)
outputs: 
0: (93, 2) 
1: (93, 3) 
2: (123, 0) 
3: (123, 1) 
4: (98, 2) 
5: (98, 3) 
6: (91, 1) 
7: (91, 3) 
8: (92, 0) 
9: (92, 2) 
10: (96, 0) 
11: (96, 4) 
12: (96, 8) 
13: (96, 12) 
14: (95, 1) 
15: (95, 5) 
16: (95, 9) 
17: (95, 13) 
cfgBlkIdx: 94
trackReged: 1
outReged: 
0: 1
1: 1
2: 1
3: 1
4: 1
5: 1
6: 0
7: 0
8: 0
9: 0
10: 0
11: 0
12: 0
13: 0
14: 0
15: 0
16: 0
17: 0
out2ins: 
0, 2
0, 5
0, 7
0, 8
1, 3
1, 4
2, 0
2, 4
2, 6
2, 9
3, 1
3, 5
4, 1
4, 2
4, 7
5, 0
5, 3
5, 6
6, 2
6, 5
6, 8
6, 9
7, 3
7, 4
7, 8
7, 9
8, 0
8, 4
8, 6
8, 9
9, 1
9, 5
9, 6
9, 9
10, 0
10, 6
11, 0
11, 7
12, 1
12, 6
13, 1
13, 7
14, 2
14, 7
14, 8
15, 2
16, 3
16, 7
16, 8
17, 3
in2outs: 
0, 2
0, 5
0, 8
0, 10
0, 11
1, 3
1, 4
1, 9
1, 12
1, 13
2, 0
2, 4
2, 6
2, 14
2, 15
3, 1
3, 5
3, 7
3, 16
3, 17
4, 1
4, 2
4, 7
4, 8
5, 0
5, 3
5, 6
5, 9
6, 2
6, 5
6, 8
6, 9
6, 10
6, 12
7, 0
7, 4
7, 11
7, 13
7, 14
7, 16
8, 0
8, 6
8, 7
8, 14
8, 16
9, 2
9, 6
9, 7
9, 8
9, 9
=====================================
id: 95
type: GPE
name: GPE95
bitWidth: 0
numInputs: 16
numOutputs: 1
inputs: 
0: (93, 10)
1: (94, 14)
2: (97, 12)
3: (98, 8)
4: (93, 11)
5: (94, 15)
6: (97, 13)
7: (98, 9)
8: (93, 12)
9: (94, 16)
10: (97, 14)
11: (98, 10)
12: (93, 13)
13: (94, 17)
14: (97, 15)
15: (98, 11)
outputs: 
0: (93, 8) (94, 9) (97, 9) (98, 8) 
cfgBlkIdx: 95
operations: ACC, ADD, AND, ASHR, ASUB, BFACC16, BFADD16, BFEQ16, BFMUL16, BFOLE16, BFOLT16, BFSUB16, BFUNO16, DEINTLV2, DEINTLV3, DEINTLV4, FACC32, FADD32, FMUL32, FSUB32, INTLV2, INTLV3, INTLV4, ISEL, LSHR, MUL, OR, PASS, SEL, SHL, SLE, SLT, SUB, 
maxDelay: 10
numOperands: 4
operandInputs: 
0: 0 1 2 3 
1: 4 5 6 7 
2: 8 9 10 11 
3: 12 13 14 15 
cfgIdMap: Cycles, 12; InitVal, 9; Latency, 11; Repeats, 13; SkipFirst, 14; WI, 10; 
numRfReg: 0
=====================================
id: 96
type: GPE
name: GPE96
bitWidth: 0
numInputs: 16
numOutputs: 1
inputs: 
0: (94, 10)
1: (123, 14)
2: (98, 12)
3: (127, 8)
4: (94, 11)
5: (123, 15)
6: (98, 13)
7: (127, 9)
8: (94, 12)
9: (123, 16)
10: (98, 14)
11: (127, 10)
12: (94, 13)
13: (123, 17)
14: (98, 15)
15: (127, 11)
outputs: 
0: (94, 8) (98, 9) (123, 9) (127, 8) 
cfgBlkIdx: 96
operations: ACC, ADD, AND, ASHR, ASUB, BFACC16, BFADD16, BFEQ16, BFMUL16, BFOLE16, BFOLT16, BFSUB16, BFUNO16, DEINTLV2, DEINTLV3, DEINTLV4, FACC32, FADD32, FMUL32, FSUB32, INTLV2, INTLV3, INTLV4, ISEL, LSHR, MUL, OR, PASS, SEL, SHL, SLE, SLT, SUB, 
maxDelay: 10
numOperands: 4
operandInputs: 
0: 0 1 2 3 
1: 4 5 6 7 
2: 8 9 10 11 
3: 12 13 14 15 
cfgIdMap: Cycles, 12; InitVal, 9; Latency, 11; Repeats, 13; SkipFirst, 14; WI, 10; 
numRfReg: 0
=====================================
id: 97
type: GIB
name: GIB97
bitWidth: 0
numInputs: 12
numOutputs: 24
inputs: 
0: (68, 4)
1: (68, 5)
2: (93, 4)
3: (93, 5)
4: (98, 0)
5: (98, 1)
6: (101, 2)
7: (101, 3)
8: (66, 0)
9: (95, 0)
10: (99, 0)
11: (70, 0)
outputs: 
0: (68, 4) 
1: (68, 5) 
2: (93, 4) 
3: (93, 5) 
4: (98, 0) 
5: (98, 1) 
6: (101, 2) 
7: (101, 3) 
8: (66, 3) 
9: (66, 7) 
10: (66, 11) 
11: (66, 15) 
12: (95, 2) 
13: (95, 6) 
14: (95, 10) 
15: (95, 14) 
16: (99, 0) 
17: (99, 4) 
18: (99, 8) 
19: (99, 12) 
20: (70, 1) 
21: (70, 5) 
22: (70, 9) 
23: (70, 13) 
cfgBlkIdx: 97
trackReged: 1
outReged: 
0: 1
1: 1
2: 1
3: 1
4: 1
5: 1
6: 1
7: 1
8: 0
9: 0
10: 0
11: 0
12: 0
13: 0
14: 0
15: 0
16: 0
17: 0
18: 0
19: 0
20: 0
21: 0
22: 0
23: 0
out2ins: 
0, 2
0, 4
0, 7
0, 9
0, 10
1, 3
1, 5
1, 6
2, 0
2, 5
2, 6
2, 11
3, 1
3, 4
3, 7
3, 10
4, 0
4, 3
4, 6
4, 8
4, 11
5, 1
5, 2
5, 7
6, 1
6, 2
6, 4
6, 9
7, 0
7, 3
7, 5
7, 8
8, 4
8, 7
8, 10
9, 4
9, 7
9, 11
10, 5
10, 6
10, 10
11, 5
11, 6
11, 11
12, 0
12, 6
12, 8
12, 11
13, 0
13, 6
14, 1
14, 7
14, 8
14, 11
15, 1
15, 7
16, 0
16, 3
16, 8
17, 0
17, 3
17, 9
18, 1
18, 2
18, 8
19, 1
19, 2
19, 9
20, 2
20, 4
20, 9
20, 10
21, 2
21, 4
22, 3
22, 5
22, 9
22, 10
23, 3
23, 5
in2outs: 
0, 2
0, 4
0, 7
0, 12
0, 13
0, 16
0, 17
1, 3
1, 5
1, 6
1, 14
1, 15
1, 18
1, 19
2, 0
2, 5
2, 6
2, 18
2, 19
2, 20
2, 21
3, 1
3, 4
3, 7
3, 16
3, 17
3, 22
3, 23
4, 0
4, 3
4, 6
4, 8
4, 9
4, 20
4, 21
5, 1
5, 2
5, 7
5, 10
5, 11
5, 22
5, 23
6, 1
6, 2
6, 4
6, 10
6, 11
6, 12
6, 13
7, 0
7, 3
7, 5
7, 8
7, 9
7, 14
7, 15
8, 4
8, 7
8, 12
8, 14
8, 16
8, 18
9, 0
9, 6
9, 17
9, 19
9, 20
9, 22
10, 0
10, 3
10, 8
10, 10
10, 20
10, 22
11, 2
11, 4
11, 9
11, 11
11, 12
11, 14
=====================================
id: 98
type: GIB
name: GIB98
bitWidth: 0
numInputs: 12
numOutputs: 24
inputs: 
0: (97, 4)
1: (97, 5)
2: (94, 4)
3: (94, 5)
4: (127, 0)
5: (127, 1)
6: (102, 2)
7: (102, 3)
8: (95, 0)
9: (96, 0)
10: (100, 0)
11: (99, 0)
outputs: 
0: (97, 4) 
1: (97, 5) 
2: (94, 4) 
3: (94, 5) 
4: (127, 0) 
5: (127, 1) 
6: (102, 2) 
7: (102, 3) 
8: (95, 3) 
9: (95, 7) 
10: (95, 11) 
11: (95, 15) 
12: (96, 2) 
13: (96, 6) 
14: (96, 10) 
15: (96, 14) 
16: (100, 0) 
17: (100, 4) 
18: (100, 8) 
19: (100, 12) 
20: (99, 1) 
21: (99, 5) 
22: (99, 9) 
23: (99, 13) 
cfgBlkIdx: 98
trackReged: 0
outReged: 
0: 0
1: 0
2: 0
3: 0
4: 0
5: 0
6: 0
7: 0
8: 0
9: 0
10: 0
11: 0
12: 0
13: 0
14: 0
15: 0
16: 0
17: 0
18: 0
19: 0
20: 0
21: 0
22: 0
23: 0
out2ins: 
0, 2
0, 4
0, 7
0, 9
0, 10
1, 3
1, 5
1, 6
2, 0
2, 5
2, 6
2, 11
3, 1
3, 4
3, 7
3, 10
4, 0
4, 3
4, 6
4, 8
4, 11
5, 1
5, 2
5, 7
6, 1
6, 2
6, 4
6, 9
7, 0
7, 3
7, 5
7, 8
8, 4
8, 7
8, 10
9, 4
9, 7
9, 11
10, 5
10, 6
10, 10
11, 5
11, 6
11, 11
12, 0
12, 6
12, 8
12, 11
13, 0
13, 6
14, 1
14, 7
14, 8
14, 11
15, 1
15, 7
16, 0
16, 3
16, 8
17, 0
17, 3
17, 9
18, 1
18, 2
18, 8
19, 1
19, 2
19, 9
20, 2
20, 4
20, 9
20, 10
21, 2
21, 4
22, 3
22, 5
22, 9
22, 10
23, 3
23, 5
in2outs: 
0, 2
0, 4
0, 7
0, 12
0, 13
0, 16
0, 17
1, 3
1, 5
1, 6
1, 14
1, 15
1, 18
1, 19
2, 0
2, 5
2, 6
2, 18
2, 19
2, 20
2, 21
3, 1
3, 4
3, 7
3, 16
3, 17
3, 22
3, 23
4, 0
4, 3
4, 6
4, 8
4, 9
4, 20
4, 21
5, 1
5, 2
5, 7
5, 10
5, 11
5, 22
5, 23
6, 1
6, 2
6, 4
6, 10
6, 11
6, 12
6, 13
7, 0
7, 3
7, 5
7, 8
7, 9
7, 14
7, 15
8, 4
8, 7
8, 12
8, 14
8, 16
8, 18
9, 0
9, 6
9, 17
9, 19
9, 20
9, 22
10, 0
10, 3
10, 8
10, 10
10, 20
10, 22
11, 2
11, 4
11, 9
11, 11
11, 12
11, 14
=====================================
id: 99
type: GPE
name: GPE99
bitWidth: 0
numInputs: 16
numOutputs: 1
inputs: 
0: (97, 16)
1: (98, 20)
2: (101, 12)
3: (102, 8)
4: (97, 17)
5: (98, 21)
6: (101, 13)
7: (102, 9)
8: (97, 18)
9: (98, 22)
10: (101, 14)
11: (102, 10)
12: (97, 19)
13: (98, 23)
14: (101, 15)
15: (102, 11)
outputs: 
0: (97, 10) (98, 11) (101, 9) (102, 8) 
cfgBlkIdx: 99
operations: ACC, ADD, AND, ASHR, ASUB, BFACC16, BFADD16, BFEQ16, BFMUL16, BFOLE16, BFOLT16, BFSUB16, BFUNO16, DEINTLV2, DEINTLV3, DEINTLV4, FACC32, FADD32, FMUL32, FSUB32, INTLV2, INTLV3, INTLV4, ISEL, LSHR, MUL, OR, PASS, SEL, SHL, SLE, SLT, SUB, 
maxDelay: 10
numOperands: 4
operandInputs: 
0: 0 1 2 3 
1: 4 5 6 7 
2: 8 9 10 11 
3: 12 13 14 15 
cfgIdMap: Cycles, 12; InitVal, 9; Latency, 11; Repeats, 13; SkipFirst, 14; WI, 10; 
numRfReg: 0
=====================================
id: 100
type: GPE
name: GPE100
bitWidth: 0
numInputs: 16
numOutputs: 1
inputs: 
0: (98, 16)
1: (127, 20)
2: (102, 12)
3: (131, 8)
4: (98, 17)
5: (127, 21)
6: (102, 13)
7: (131, 9)
8: (98, 18)
9: (127, 22)
10: (102, 14)
11: (131, 10)
12: (98, 19)
13: (127, 23)
14: (102, 15)
15: (131, 11)
outputs: 
0: (98, 10) (102, 9) (127, 11) (131, 8) 
cfgBlkIdx: 100
operations: ACC, ADD, AND, ASHR, ASUB, BFACC16, BFADD16, BFEQ16, BFMUL16, BFOLE16, BFOLT16, BFSUB16, BFUNO16, DEINTLV2, DEINTLV3, DEINTLV4, FACC32, FADD32, FMUL32, FSUB32, INTLV2, INTLV3, INTLV4, ISEL, LSHR, MUL, OR, PASS, SEL, SHL, SLE, SLT, SUB, 
maxDelay: 10
numOperands: 4
operandInputs: 
0: 0 1 2 3 
1: 4 5 6 7 
2: 8 9 10 11 
3: 12 13 14 15 
cfgIdMap: Cycles, 12; InitVal, 9; Latency, 11; Repeats, 13; SkipFirst, 14; WI, 10; 
numRfReg: 0
=====================================
id: 101
type: GIB
name: GIB101
bitWidth: 0
numInputs: 12
numOutputs: 24
inputs: 
0: (72, 4)
1: (72, 5)
2: (97, 6)
3: (97, 7)
4: (102, 0)
5: (102, 1)
6: (105, 2)
7: (105, 3)
8: (70, 0)
9: (99, 0)
10: (103, 0)
11: (74, 0)
outputs: 
0: (72, 4) 
1: (72, 5) 
2: (97, 6) 
3: (97, 7) 
4: (102, 0) 
5: (102, 1) 
6: (105, 2) 
7: (105, 3) 
8: (70, 3) 
9: (70, 7) 
10: (70, 11) 
11: (70, 15) 
12: (99, 2) 
13: (99, 6) 
14: (99, 10) 
15: (99, 14) 
16: (103, 0) 
17: (103, 4) 
18: (103, 8) 
19: (103, 12) 
20: (74, 1) 
21: (74, 5) 
22: (74, 9) 
23: (74, 13) 
cfgBlkIdx: 101
trackReged: 0
outReged: 
0: 0
1: 0
2: 0
3: 0
4: 0
5: 0
6: 0
7: 0
8: 0
9: 0
10: 0
11: 0
12: 0
13: 0
14: 0
15: 0
16: 0
17: 0
18: 0
19: 0
20: 0
21: 0
22: 0
23: 0
out2ins: 
0, 2
0, 4
0, 7
0, 9
0, 10
1, 3
1, 5
1, 6
2, 0
2, 5
2, 6
2, 11
3, 1
3, 4
3, 7
3, 10
4, 0
4, 3
4, 6
4, 8
4, 11
5, 1
5, 2
5, 7
6, 1
6, 2
6, 4
6, 9
7, 0
7, 3
7, 5
7, 8
8, 4
8, 7
8, 10
9, 4
9, 7
9, 11
10, 5
10, 6
10, 10
11, 5
11, 6
11, 11
12, 0
12, 6
12, 8
12, 11
13, 0
13, 6
14, 1
14, 7
14, 8
14, 11
15, 1
15, 7
16, 0
16, 3
16, 8
17, 0
17, 3
17, 9
18, 1
18, 2
18, 8
19, 1
19, 2
19, 9
20, 2
20, 4
20, 9
20, 10
21, 2
21, 4
22, 3
22, 5
22, 9
22, 10
23, 3
23, 5
in2outs: 
0, 2
0, 4
0, 7
0, 12
0, 13
0, 16
0, 17
1, 3
1, 5
1, 6
1, 14
1, 15
1, 18
1, 19
2, 0
2, 5
2, 6
2, 18
2, 19
2, 20
2, 21
3, 1
3, 4
3, 7
3, 16
3, 17
3, 22
3, 23
4, 0
4, 3
4, 6
4, 8
4, 9
4, 20
4, 21
5, 1
5, 2
5, 7
5, 10
5, 11
5, 22
5, 23
6, 1
6, 2
6, 4
6, 10
6, 11
6, 12
6, 13
7, 0
7, 3
7, 5
7, 8
7, 9
7, 14
7, 15
8, 4
8, 7
8, 12
8, 14
8, 16
8, 18
9, 0
9, 6
9, 17
9, 19
9, 20
9, 22
10, 0
10, 3
10, 8
10, 10
10, 20
10, 22
11, 2
11, 4
11, 9
11, 11
11, 12
11, 14
=====================================
id: 102
type: GIB
name: GIB102
bitWidth: 0
numInputs: 12
numOutputs: 24
inputs: 
0: (101, 4)
1: (101, 5)
2: (98, 6)
3: (98, 7)
4: (131, 0)
5: (131, 1)
6: (106, 2)
7: (106, 3)
8: (99, 0)
9: (100, 0)
10: (104, 0)
11: (103, 0)
outputs: 
0: (101, 4) 
1: (101, 5) 
2: (98, 6) 
3: (98, 7) 
4: (131, 0) 
5: (131, 1) 
6: (106, 2) 
7: (106, 3) 
8: (99, 3) 
9: (99, 7) 
10: (99, 11) 
11: (99, 15) 
12: (100, 2) 
13: (100, 6) 
14: (100, 10) 
15: (100, 14) 
16: (104, 0) 
17: (104, 4) 
18: (104, 8) 
19: (104, 12) 
20: (103, 1) 
21: (103, 5) 
22: (103, 9) 
23: (103, 13) 
cfgBlkIdx: 102
trackReged: 1
outReged: 
0: 1
1: 1
2: 1
3: 1
4: 1
5: 1
6: 1
7: 1
8: 0
9: 0
10: 0
11: 0
12: 0
13: 0
14: 0
15: 0
16: 0
17: 0
18: 0
19: 0
20: 0
21: 0
22: 0
23: 0
out2ins: 
0, 2
0, 4
0, 7
0, 9
0, 10
1, 3
1, 5
1, 6
2, 0
2, 5
2, 6
2, 11
3, 1
3, 4
3, 7
3, 10
4, 0
4, 3
4, 6
4, 8
4, 11
5, 1
5, 2
5, 7
6, 1
6, 2
6, 4
6, 9
7, 0
7, 3
7, 5
7, 8
8, 4
8, 7
8, 10
9, 4
9, 7
9, 11
10, 5
10, 6
10, 10
11, 5
11, 6
11, 11
12, 0
12, 6
12, 8
12, 11
13, 0
13, 6
14, 1
14, 7
14, 8
14, 11
15, 1
15, 7
16, 0
16, 3
16, 8
17, 0
17, 3
17, 9
18, 1
18, 2
18, 8
19, 1
19, 2
19, 9
20, 2
20, 4
20, 9
20, 10
21, 2
21, 4
22, 3
22, 5
22, 9
22, 10
23, 3
23, 5
in2outs: 
0, 2
0, 4
0, 7
0, 12
0, 13
0, 16
0, 17
1, 3
1, 5
1, 6
1, 14
1, 15
1, 18
1, 19
2, 0
2, 5
2, 6
2, 18
2, 19
2, 20
2, 21
3, 1
3, 4
3, 7
3, 16
3, 17
3, 22
3, 23
4, 0
4, 3
4, 6
4, 8
4, 9
4, 20
4, 21
5, 1
5, 2
5, 7
5, 10
5, 11
5, 22
5, 23
6, 1
6, 2
6, 4
6, 10
6, 11
6, 12
6, 13
7, 0
7, 3
7, 5
7, 8
7, 9
7, 14
7, 15
8, 4
8, 7
8, 12
8, 14
8, 16
8, 18
9, 0
9, 6
9, 17
9, 19
9, 20
9, 22
10, 0
10, 3
10, 8
10, 10
10, 20
10, 22
11, 2
11, 4
11, 9
11, 11
11, 12
11, 14
=====================================
id: 103
type: GPE
name: GPE103
bitWidth: 0
numInputs: 16
numOutputs: 1
inputs: 
0: (101, 16)
1: (102, 20)
2: (105, 12)
3: (106, 8)
4: (101, 17)
5: (102, 21)
6: (105, 13)
7: (106, 9)
8: (101, 18)
9: (102, 22)
10: (105, 14)
11: (106, 10)
12: (101, 19)
13: (102, 23)
14: (105, 15)
15: (106, 11)
outputs: 
0: (101, 10) (102, 11) (105, 9) (106, 8) 
cfgBlkIdx: 103
operations: ACC, ADD, AND, ASHR, ASUB, BFACC16, BFADD16, BFEQ16, BFMUL16, BFOLE16, BFOLT16, BFSUB16, BFUNO16, DEINTLV2, DEINTLV3, DEINTLV4, FACC32, FADD32, FMUL32, FSUB32, INTLV2, INTLV3, INTLV4, ISEL, LSHR, MUL, OR, PASS, SEL, SHL, SLE, SLT, SUB, 
maxDelay: 10
numOperands: 4
operandInputs: 
0: 0 1 2 3 
1: 4 5 6 7 
2: 8 9 10 11 
3: 12 13 14 15 
cfgIdMap: Cycles, 12; InitVal, 9; Latency, 11; Repeats, 13; SkipFirst, 14; WI, 10; 
numRfReg: 0
=====================================
id: 104
type: GPE
name: GPE104
bitWidth: 0
numInputs: 16
numOutputs: 1
inputs: 
0: (102, 16)
1: (131, 20)
2: (106, 12)
3: (135, 8)
4: (102, 17)
5: (131, 21)
6: (106, 13)
7: (135, 9)
8: (102, 18)
9: (131, 22)
10: (106, 14)
11: (135, 10)
12: (102, 19)
13: (131, 23)
14: (106, 15)
15: (135, 11)
outputs: 
0: (102, 10) (106, 9) (131, 11) (135, 8) 
cfgBlkIdx: 104
operations: ACC, ADD, AND, ASHR, ASUB, BFACC16, BFADD16, BFEQ16, BFMUL16, BFOLE16, BFOLT16, BFSUB16, BFUNO16, DEINTLV2, DEINTLV3, DEINTLV4, FACC32, FADD32, FMUL32, FSUB32, INTLV2, INTLV3, INTLV4, ISEL, LSHR, MUL, OR, PASS, SEL, SHL, SLE, SLT, SUB, 
maxDelay: 10
numOperands: 4
operandInputs: 
0: 0 1 2 3 
1: 4 5 6 7 
2: 8 9 10 11 
3: 12 13 14 15 
cfgIdMap: Cycles, 12; InitVal, 9; Latency, 11; Repeats, 13; SkipFirst, 14; WI, 10; 
numRfReg: 0
=====================================
id: 105
type: GIB
name: GIB105
bitWidth: 0
numInputs: 12
numOutputs: 24
inputs: 
0: (76, 4)
1: (76, 5)
2: (101, 6)
3: (101, 7)
4: (106, 0)
5: (106, 1)
6: (109, 2)
7: (109, 3)
8: (74, 0)
9: (103, 0)
10: (107, 0)
11: (78, 0)
outputs: 
0: (76, 4) 
1: (76, 5) 
2: (101, 6) 
3: (101, 7) 
4: (106, 0) 
5: (106, 1) 
6: (109, 2) 
7: (109, 3) 
8: (74, 3) 
9: (74, 7) 
10: (74, 11) 
11: (74, 15) 
12: (103, 2) 
13: (103, 6) 
14: (103, 10) 
15: (103, 14) 
16: (107, 0) 
17: (107, 4) 
18: (107, 8) 
19: (107, 12) 
20: (78, 1) 
21: (78, 5) 
22: (78, 9) 
23: (78, 13) 
cfgBlkIdx: 105
trackReged: 1
outReged: 
0: 1
1: 1
2: 1
3: 1
4: 1
5: 1
6: 1
7: 1
8: 0
9: 0
10: 0
11: 0
12: 0
13: 0
14: 0
15: 0
16: 0
17: 0
18: 0
19: 0
20: 0
21: 0
22: 0
23: 0
out2ins: 
0, 2
0, 4
0, 7
0, 9
0, 10
1, 3
1, 5
1, 6
2, 0
2, 5
2, 6
2, 11
3, 1
3, 4
3, 7
3, 10
4, 0
4, 3
4, 6
4, 8
4, 11
5, 1
5, 2
5, 7
6, 1
6, 2
6, 4
6, 9
7, 0
7, 3
7, 5
7, 8
8, 4
8, 7
8, 10
9, 4
9, 7
9, 11
10, 5
10, 6
10, 10
11, 5
11, 6
11, 11
12, 0
12, 6
12, 8
12, 11
13, 0
13, 6
14, 1
14, 7
14, 8
14, 11
15, 1
15, 7
16, 0
16, 3
16, 8
17, 0
17, 3
17, 9
18, 1
18, 2
18, 8
19, 1
19, 2
19, 9
20, 2
20, 4
20, 9
20, 10
21, 2
21, 4
22, 3
22, 5
22, 9
22, 10
23, 3
23, 5
in2outs: 
0, 2
0, 4
0, 7
0, 12
0, 13
0, 16
0, 17
1, 3
1, 5
1, 6
1, 14
1, 15
1, 18
1, 19
2, 0
2, 5
2, 6
2, 18
2, 19
2, 20
2, 21
3, 1
3, 4
3, 7
3, 16
3, 17
3, 22
3, 23
4, 0
4, 3
4, 6
4, 8
4, 9
4, 20
4, 21
5, 1
5, 2
5, 7
5, 10
5, 11
5, 22
5, 23
6, 1
6, 2
6, 4
6, 10
6, 11
6, 12
6, 13
7, 0
7, 3
7, 5
7, 8
7, 9
7, 14
7, 15
8, 4
8, 7
8, 12
8, 14
8, 16
8, 18
9, 0
9, 6
9, 17
9, 19
9, 20
9, 22
10, 0
10, 3
10, 8
10, 10
10, 20
10, 22
11, 2
11, 4
11, 9
11, 11
11, 12
11, 14
=====================================
id: 106
type: GIB
name: GIB106
bitWidth: 0
numInputs: 12
numOutputs: 24
inputs: 
0: (105, 4)
1: (105, 5)
2: (102, 6)
3: (102, 7)
4: (135, 0)
5: (135, 1)
6: (110, 2)
7: (110, 3)
8: (103, 0)
9: (104, 0)
10: (108, 0)
11: (107, 0)
outputs: 
0: (105, 4) 
1: (105, 5) 
2: (102, 6) 
3: (102, 7) 
4: (135, 0) 
5: (135, 1) 
6: (110, 2) 
7: (110, 3) 
8: (103, 3) 
9: (103, 7) 
10: (103, 11) 
11: (103, 15) 
12: (104, 2) 
13: (104, 6) 
14: (104, 10) 
15: (104, 14) 
16: (108, 0) 
17: (108, 4) 
18: (108, 8) 
19: (108, 12) 
20: (107, 1) 
21: (107, 5) 
22: (107, 9) 
23: (107, 13) 
cfgBlkIdx: 106
trackReged: 0
outReged: 
0: 0
1: 0
2: 0
3: 0
4: 0
5: 0
6: 0
7: 0
8: 0
9: 0
10: 0
11: 0
12: 0
13: 0
14: 0
15: 0
16: 0
17: 0
18: 0
19: 0
20: 0
21: 0
22: 0
23: 0
out2ins: 
0, 2
0, 4
0, 7
0, 9
0, 10
1, 3
1, 5
1, 6
2, 0
2, 5
2, 6
2, 11
3, 1
3, 4
3, 7
3, 10
4, 0
4, 3
4, 6
4, 8
4, 11
5, 1
5, 2
5, 7
6, 1
6, 2
6, 4
6, 9
7, 0
7, 3
7, 5
7, 8
8, 4
8, 7
8, 10
9, 4
9, 7
9, 11
10, 5
10, 6
10, 10
11, 5
11, 6
11, 11
12, 0
12, 6
12, 8
12, 11
13, 0
13, 6
14, 1
14, 7
14, 8
14, 11
15, 1
15, 7
16, 0
16, 3
16, 8
17, 0
17, 3
17, 9
18, 1
18, 2
18, 8
19, 1
19, 2
19, 9
20, 2
20, 4
20, 9
20, 10
21, 2
21, 4
22, 3
22, 5
22, 9
22, 10
23, 3
23, 5
in2outs: 
0, 2
0, 4
0, 7
0, 12
0, 13
0, 16
0, 17
1, 3
1, 5
1, 6
1, 14
1, 15
1, 18
1, 19
2, 0
2, 5
2, 6
2, 18
2, 19
2, 20
2, 21
3, 1
3, 4
3, 7
3, 16
3, 17
3, 22
3, 23
4, 0
4, 3
4, 6
4, 8
4, 9
4, 20
4, 21
5, 1
5, 2
5, 7
5, 10
5, 11
5, 22
5, 23
6, 1
6, 2
6, 4
6, 10
6, 11
6, 12
6, 13
7, 0
7, 3
7, 5
7, 8
7, 9
7, 14
7, 15
8, 4
8, 7
8, 12
8, 14
8, 16
8, 18
9, 0
9, 6
9, 17
9, 19
9, 20
9, 22
10, 0
10, 3
10, 8
10, 10
10, 20
10, 22
11, 2
11, 4
11, 9
11, 11
11, 12
11, 14
=====================================
id: 107
type: GPE
name: GPE107
bitWidth: 0
numInputs: 16
numOutputs: 1
inputs: 
0: (105, 16)
1: (106, 20)
2: (109, 12)
3: (110, 8)
4: (105, 17)
5: (106, 21)
6: (109, 13)
7: (110, 9)
8: (105, 18)
9: (106, 22)
10: (109, 14)
11: (110, 10)
12: (105, 19)
13: (106, 23)
14: (109, 15)
15: (110, 11)
outputs: 
0: (105, 10) (106, 11) (109, 9) (110, 8) 
cfgBlkIdx: 107
operations: ACC, ADD, AND, ASHR, ASUB, BFACC16, BFADD16, BFEQ16, BFMUL16, BFOLE16, BFOLT16, BFSUB16, BFUNO16, DEINTLV2, DEINTLV3, DEINTLV4, FACC32, FADD32, FMUL32, FSUB32, INTLV2, INTLV3, INTLV4, ISEL, LSHR, MUL, OR, PASS, SEL, SHL, SLE, SLT, SUB, 
maxDelay: 10
numOperands: 4
operandInputs: 
0: 0 1 2 3 
1: 4 5 6 7 
2: 8 9 10 11 
3: 12 13 14 15 
cfgIdMap: Cycles, 12; InitVal, 9; Latency, 11; Repeats, 13; SkipFirst, 14; WI, 10; 
numRfReg: 0
=====================================
id: 108
type: GPE
name: GPE108
bitWidth: 0
numInputs: 16
numOutputs: 1
inputs: 
0: (106, 16)
1: (135, 20)
2: (110, 12)
3: (139, 8)
4: (106, 17)
5: (135, 21)
6: (110, 13)
7: (139, 9)
8: (106, 18)
9: (135, 22)
10: (110, 14)
11: (139, 10)
12: (106, 19)
13: (135, 23)
14: (110, 15)
15: (139, 11)
outputs: 
0: (106, 10) (110, 9) (135, 11) (139, 8) 
cfgBlkIdx: 108
operations: ACC, ADD, AND, ASHR, ASUB, BFACC16, BFADD16, BFEQ16, BFMUL16, BFOLE16, BFOLT16, BFSUB16, BFUNO16, DEINTLV2, DEINTLV3, DEINTLV4, FACC32, FADD32, FMUL32, FSUB32, INTLV2, INTLV3, INTLV4, ISEL, LSHR, MUL, OR, PASS, SEL, SHL, SLE, SLT, SUB, 
maxDelay: 10
numOperands: 4
operandInputs: 
0: 0 1 2 3 
1: 4 5 6 7 
2: 8 9 10 11 
3: 12 13 14 15 
cfgIdMap: Cycles, 12; InitVal, 9; Latency, 11; Repeats, 13; SkipFirst, 14; WI, 10; 
numRfReg: 0
=====================================
id: 109
type: GIB
name: GIB109
bitWidth: 0
numInputs: 12
numOutputs: 24
inputs: 
0: (80, 4)
1: (80, 5)
2: (105, 6)
3: (105, 7)
4: (110, 0)
5: (110, 1)
6: (113, 2)
7: (113, 3)
8: (78, 0)
9: (107, 0)
10: (111, 0)
11: (82, 0)
outputs: 
0: (80, 4) 
1: (80, 5) 
2: (105, 6) 
3: (105, 7) 
4: (110, 0) 
5: (110, 1) 
6: (113, 2) 
7: (113, 3) 
8: (78, 3) 
9: (78, 7) 
10: (78, 11) 
11: (78, 15) 
12: (107, 2) 
13: (107, 6) 
14: (107, 10) 
15: (107, 14) 
16: (111, 0) 
17: (111, 4) 
18: (111, 8) 
19: (111, 12) 
20: (82, 1) 
21: (82, 5) 
22: (82, 9) 
23: (82, 13) 
cfgBlkIdx: 109
trackReged: 0
outReged: 
0: 0
1: 0
2: 0
3: 0
4: 0
5: 0
6: 0
7: 0
8: 0
9: 0
10: 0
11: 0
12: 0
13: 0
14: 0
15: 0
16: 0
17: 0
18: 0
19: 0
20: 0
21: 0
22: 0
23: 0
out2ins: 
0, 2
0, 4
0, 7
0, 9
0, 10
1, 3
1, 5
1, 6
2, 0
2, 5
2, 6
2, 11
3, 1
3, 4
3, 7
3, 10
4, 0
4, 3
4, 6
4, 8
4, 11
5, 1
5, 2
5, 7
6, 1
6, 2
6, 4
6, 9
7, 0
7, 3
7, 5
7, 8
8, 4
8, 7
8, 10
9, 4
9, 7
9, 11
10, 5
10, 6
10, 10
11, 5
11, 6
11, 11
12, 0
12, 6
12, 8
12, 11
13, 0
13, 6
14, 1
14, 7
14, 8
14, 11
15, 1
15, 7
16, 0
16, 3
16, 8
17, 0
17, 3
17, 9
18, 1
18, 2
18, 8
19, 1
19, 2
19, 9
20, 2
20, 4
20, 9
20, 10
21, 2
21, 4
22, 3
22, 5
22, 9
22, 10
23, 3
23, 5
in2outs: 
0, 2
0, 4
0, 7
0, 12
0, 13
0, 16
0, 17
1, 3
1, 5
1, 6
1, 14
1, 15
1, 18
1, 19
2, 0
2, 5
2, 6
2, 18
2, 19
2, 20
2, 21
3, 1
3, 4
3, 7
3, 16
3, 17
3, 22
3, 23
4, 0
4, 3
4, 6
4, 8
4, 9
4, 20
4, 21
5, 1
5, 2
5, 7
5, 10
5, 11
5, 22
5, 23
6, 1
6, 2
6, 4
6, 10
6, 11
6, 12
6, 13
7, 0
7, 3
7, 5
7, 8
7, 9
7, 14
7, 15
8, 4
8, 7
8, 12
8, 14
8, 16
8, 18
9, 0
9, 6
9, 17
9, 19
9, 20
9, 22
10, 0
10, 3
10, 8
10, 10
10, 20
10, 22
11, 2
11, 4
11, 9
11, 11
11, 12
11, 14
=====================================
id: 110
type: GIB
name: GIB110
bitWidth: 0
numInputs: 12
numOutputs: 24
inputs: 
0: (109, 4)
1: (109, 5)
2: (106, 6)
3: (106, 7)
4: (139, 0)
5: (139, 1)
6: (114, 2)
7: (114, 3)
8: (107, 0)
9: (108, 0)
10: (112, 0)
11: (111, 0)
outputs: 
0: (109, 4) 
1: (109, 5) 
2: (106, 6) 
3: (106, 7) 
4: (139, 0) 
5: (139, 1) 
6: (114, 2) 
7: (114, 3) 
8: (107, 3) 
9: (107, 7) 
10: (107, 11) 
11: (107, 15) 
12: (108, 2) 
13: (108, 6) 
14: (108, 10) 
15: (108, 14) 
16: (112, 0) 
17: (112, 4) 
18: (112, 8) 
19: (112, 12) 
20: (111, 1) 
21: (111, 5) 
22: (111, 9) 
23: (111, 13) 
cfgBlkIdx: 110
trackReged: 1
outReged: 
0: 1
1: 1
2: 1
3: 1
4: 1
5: 1
6: 1
7: 1
8: 0
9: 0
10: 0
11: 0
12: 0
13: 0
14: 0
15: 0
16: 0
17: 0
18: 0
19: 0
20: 0
21: 0
22: 0
23: 0
out2ins: 
0, 2
0, 4
0, 7
0, 9
0, 10
1, 3
1, 5
1, 6
2, 0
2, 5
2, 6
2, 11
3, 1
3, 4
3, 7
3, 10
4, 0
4, 3
4, 6
4, 8
4, 11
5, 1
5, 2
5, 7
6, 1
6, 2
6, 4
6, 9
7, 0
7, 3
7, 5
7, 8
8, 4
8, 7
8, 10
9, 4
9, 7
9, 11
10, 5
10, 6
10, 10
11, 5
11, 6
11, 11
12, 0
12, 6
12, 8
12, 11
13, 0
13, 6
14, 1
14, 7
14, 8
14, 11
15, 1
15, 7
16, 0
16, 3
16, 8
17, 0
17, 3
17, 9
18, 1
18, 2
18, 8
19, 1
19, 2
19, 9
20, 2
20, 4
20, 9
20, 10
21, 2
21, 4
22, 3
22, 5
22, 9
22, 10
23, 3
23, 5
in2outs: 
0, 2
0, 4
0, 7
0, 12
0, 13
0, 16
0, 17
1, 3
1, 5
1, 6
1, 14
1, 15
1, 18
1, 19
2, 0
2, 5
2, 6
2, 18
2, 19
2, 20
2, 21
3, 1
3, 4
3, 7
3, 16
3, 17
3, 22
3, 23
4, 0
4, 3
4, 6
4, 8
4, 9
4, 20
4, 21
5, 1
5, 2
5, 7
5, 10
5, 11
5, 22
5, 23
6, 1
6, 2
6, 4
6, 10
6, 11
6, 12
6, 13
7, 0
7, 3
7, 5
7, 8
7, 9
7, 14
7, 15
8, 4
8, 7
8, 12
8, 14
8, 16
8, 18
9, 0
9, 6
9, 17
9, 19
9, 20
9, 22
10, 0
10, 3
10, 8
10, 10
10, 20
10, 22
11, 2
11, 4
11, 9
11, 11
11, 12
11, 14
=====================================
id: 111
type: GPE
name: GPE111
bitWidth: 0
numInputs: 16
numOutputs: 1
inputs: 
0: (109, 16)
1: (110, 20)
2: (113, 12)
3: (114, 8)
4: (109, 17)
5: (110, 21)
6: (113, 13)
7: (114, 9)
8: (109, 18)
9: (110, 22)
10: (113, 14)
11: (114, 10)
12: (109, 19)
13: (110, 23)
14: (113, 15)
15: (114, 11)
outputs: 
0: (109, 10) (110, 11) (113, 9) (114, 8) 
cfgBlkIdx: 111
operations: ACC, ADD, AND, ASHR, ASUB, BFACC16, BFADD16, BFEQ16, BFMUL16, BFOLE16, BFOLT16, BFSUB16, BFUNO16, DEINTLV2, DEINTLV3, DEINTLV4, FACC32, FADD32, FMUL32, FSUB32, INTLV2, INTLV3, INTLV4, ISEL, LSHR, MUL, OR, PASS, SEL, SHL, SLE, SLT, SUB, 
maxDelay: 10
numOperands: 4
operandInputs: 
0: 0 1 2 3 
1: 4 5 6 7 
2: 8 9 10 11 
3: 12 13 14 15 
cfgIdMap: Cycles, 12; InitVal, 9; Latency, 11; Repeats, 13; SkipFirst, 14; WI, 10; 
numRfReg: 0
=====================================
id: 112
type: GPE
name: GPE112
bitWidth: 0
numInputs: 16
numOutputs: 1
inputs: 
0: (110, 16)
1: (139, 20)
2: (114, 12)
3: (143, 8)
4: (110, 17)
5: (139, 21)
6: (114, 13)
7: (143, 9)
8: (110, 18)
9: (139, 22)
10: (114, 14)
11: (143, 10)
12: (110, 19)
13: (139, 23)
14: (114, 15)
15: (143, 11)
outputs: 
0: (110, 10) (114, 9) (139, 11) (143, 8) 
cfgBlkIdx: 112
operations: ACC, ADD, AND, ASHR, ASUB, BFACC16, BFADD16, BFEQ16, BFMUL16, BFOLE16, BFOLT16, BFSUB16, BFUNO16, DEINTLV2, DEINTLV3, DEINTLV4, FACC32, FADD32, FMUL32, FSUB32, INTLV2, INTLV3, INTLV4, ISEL, LSHR, MUL, OR, PASS, SEL, SHL, SLE, SLT, SUB, 
maxDelay: 10
numOperands: 4
operandInputs: 
0: 0 1 2 3 
1: 4 5 6 7 
2: 8 9 10 11 
3: 12 13 14 15 
cfgIdMap: Cycles, 12; InitVal, 9; Latency, 11; Repeats, 13; SkipFirst, 14; WI, 10; 
numRfReg: 0
=====================================
id: 113
type: GIB
name: GIB113
bitWidth: 0
numInputs: 12
numOutputs: 24
inputs: 
0: (84, 4)
1: (84, 5)
2: (109, 6)
3: (109, 7)
4: (114, 0)
5: (114, 1)
6: (117, 2)
7: (117, 3)
8: (82, 0)
9: (111, 0)
10: (115, 0)
11: (86, 0)
outputs: 
0: (84, 4) 
1: (84, 5) 
2: (109, 6) 
3: (109, 7) 
4: (114, 0) 
5: (114, 1) 
6: (117, 2) 
7: (117, 3) 
8: (82, 3) 
9: (82, 7) 
10: (82, 11) 
11: (82, 15) 
12: (111, 2) 
13: (111, 6) 
14: (111, 10) 
15: (111, 14) 
16: (115, 0) 
17: (115, 4) 
18: (115, 8) 
19: (115, 12) 
20: (86, 1) 
21: (86, 5) 
22: (86, 9) 
23: (86, 13) 
cfgBlkIdx: 113
trackReged: 1
outReged: 
0: 1
1: 1
2: 1
3: 1
4: 1
5: 1
6: 1
7: 1
8: 0
9: 0
10: 0
11: 0
12: 0
13: 0
14: 0
15: 0
16: 0
17: 0
18: 0
19: 0
20: 0
21: 0
22: 0
23: 0
out2ins: 
0, 2
0, 4
0, 7
0, 9
0, 10
1, 3
1, 5
1, 6
2, 0
2, 5
2, 6
2, 11
3, 1
3, 4
3, 7
3, 10
4, 0
4, 3
4, 6
4, 8
4, 11
5, 1
5, 2
5, 7
6, 1
6, 2
6, 4
6, 9
7, 0
7, 3
7, 5
7, 8
8, 4
8, 7
8, 10
9, 4
9, 7
9, 11
10, 5
10, 6
10, 10
11, 5
11, 6
11, 11
12, 0
12, 6
12, 8
12, 11
13, 0
13, 6
14, 1
14, 7
14, 8
14, 11
15, 1
15, 7
16, 0
16, 3
16, 8
17, 0
17, 3
17, 9
18, 1
18, 2
18, 8
19, 1
19, 2
19, 9
20, 2
20, 4
20, 9
20, 10
21, 2
21, 4
22, 3
22, 5
22, 9
22, 10
23, 3
23, 5
in2outs: 
0, 2
0, 4
0, 7
0, 12
0, 13
0, 16
0, 17
1, 3
1, 5
1, 6
1, 14
1, 15
1, 18
1, 19
2, 0
2, 5
2, 6
2, 18
2, 19
2, 20
2, 21
3, 1
3, 4
3, 7
3, 16
3, 17
3, 22
3, 23
4, 0
4, 3
4, 6
4, 8
4, 9
4, 20
4, 21
5, 1
5, 2
5, 7
5, 10
5, 11
5, 22
5, 23
6, 1
6, 2
6, 4
6, 10
6, 11
6, 12
6, 13
7, 0
7, 3
7, 5
7, 8
7, 9
7, 14
7, 15
8, 4
8, 7
8, 12
8, 14
8, 16
8, 18
9, 0
9, 6
9, 17
9, 19
9, 20
9, 22
10, 0
10, 3
10, 8
10, 10
10, 20
10, 22
11, 2
11, 4
11, 9
11, 11
11, 12
11, 14
=====================================
id: 114
type: GIB
name: GIB114
bitWidth: 0
numInputs: 12
numOutputs: 24
inputs: 
0: (113, 4)
1: (113, 5)
2: (110, 6)
3: (110, 7)
4: (143, 0)
5: (143, 1)
6: (118, 2)
7: (118, 3)
8: (111, 0)
9: (112, 0)
10: (116, 0)
11: (115, 0)
outputs: 
0: (113, 4) 
1: (113, 5) 
2: (110, 6) 
3: (110, 7) 
4: (143, 0) 
5: (143, 1) 
6: (118, 2) 
7: (118, 3) 
8: (111, 3) 
9: (111, 7) 
10: (111, 11) 
11: (111, 15) 
12: (112, 2) 
13: (112, 6) 
14: (112, 10) 
15: (112, 14) 
16: (116, 0) 
17: (116, 4) 
18: (116, 8) 
19: (116, 12) 
20: (115, 1) 
21: (115, 5) 
22: (115, 9) 
23: (115, 13) 
cfgBlkIdx: 114
trackReged: 0
outReged: 
0: 0
1: 0
2: 0
3: 0
4: 0
5: 0
6: 0
7: 0
8: 0
9: 0
10: 0
11: 0
12: 0
13: 0
14: 0
15: 0
16: 0
17: 0
18: 0
19: 0
20: 0
21: 0
22: 0
23: 0
out2ins: 
0, 2
0, 4
0, 7
0, 9
0, 10
1, 3
1, 5
1, 6
2, 0
2, 5
2, 6
2, 11
3, 1
3, 4
3, 7
3, 10
4, 0
4, 3
4, 6
4, 8
4, 11
5, 1
5, 2
5, 7
6, 1
6, 2
6, 4
6, 9
7, 0
7, 3
7, 5
7, 8
8, 4
8, 7
8, 10
9, 4
9, 7
9, 11
10, 5
10, 6
10, 10
11, 5
11, 6
11, 11
12, 0
12, 6
12, 8
12, 11
13, 0
13, 6
14, 1
14, 7
14, 8
14, 11
15, 1
15, 7
16, 0
16, 3
16, 8
17, 0
17, 3
17, 9
18, 1
18, 2
18, 8
19, 1
19, 2
19, 9
20, 2
20, 4
20, 9
20, 10
21, 2
21, 4
22, 3
22, 5
22, 9
22, 10
23, 3
23, 5
in2outs: 
0, 2
0, 4
0, 7
0, 12
0, 13
0, 16
0, 17
1, 3
1, 5
1, 6
1, 14
1, 15
1, 18
1, 19
2, 0
2, 5
2, 6
2, 18
2, 19
2, 20
2, 21
3, 1
3, 4
3, 7
3, 16
3, 17
3, 22
3, 23
4, 0
4, 3
4, 6
4, 8
4, 9
4, 20
4, 21
5, 1
5, 2
5, 7
5, 10
5, 11
5, 22
5, 23
6, 1
6, 2
6, 4
6, 10
6, 11
6, 12
6, 13
7, 0
7, 3
7, 5
7, 8
7, 9
7, 14
7, 15
8, 4
8, 7
8, 12
8, 14
8, 16
8, 18
9, 0
9, 6
9, 17
9, 19
9, 20
9, 22
10, 0
10, 3
10, 8
10, 10
10, 20
10, 22
11, 2
11, 4
11, 9
11, 11
11, 12
11, 14
=====================================
id: 115
type: GPE
name: GPE115
bitWidth: 0
numInputs: 16
numOutputs: 1
inputs: 
0: (113, 16)
1: (114, 20)
2: (117, 10)
3: (118, 6)
4: (113, 17)
5: (114, 21)
6: (117, 11)
7: (118, 7)
8: (113, 18)
9: (114, 22)
10: (117, 12)
11: (118, 8)
12: (113, 19)
13: (114, 23)
14: (117, 13)
15: (118, 9)
outputs: 
0: (113, 10) (114, 11) (117, 7) (118, 6) 
cfgBlkIdx: 115
operations: ACC, ADD, AND, ASHR, ASUB, BFACC16, BFADD16, BFEQ16, BFMUL16, BFOLE16, BFOLT16, BFSUB16, BFUNO16, DEINTLV2, DEINTLV3, DEINTLV4, FACC32, FADD32, FMUL32, FSUB32, INTLV2, INTLV3, INTLV4, ISEL, LSHR, MUL, OR, PASS, SEL, SHL, SLE, SLT, SUB, 
maxDelay: 10
numOperands: 4
operandInputs: 
0: 0 1 2 3 
1: 4 5 6 7 
2: 8 9 10 11 
3: 12 13 14 15 
cfgIdMap: Cycles, 12; InitVal, 9; Latency, 11; Repeats, 13; SkipFirst, 14; WI, 10; 
numRfReg: 0
=====================================
id: 116
type: GPE
name: GPE116
bitWidth: 0
numInputs: 16
numOutputs: 1
inputs: 
0: (114, 16)
1: (143, 20)
2: (118, 10)
3: (147, 6)
4: (114, 17)
5: (143, 21)
6: (118, 11)
7: (147, 7)
8: (114, 18)
9: (143, 22)
10: (118, 12)
11: (147, 8)
12: (114, 19)
13: (143, 23)
14: (118, 13)
15: (147, 9)
outputs: 
0: (114, 10) (118, 7) (143, 11) (147, 6) 
cfgBlkIdx: 116
operations: ACC, ADD, AND, ASHR, ASUB, BFACC16, BFADD16, BFEQ16, BFMUL16, BFOLE16, BFOLT16, BFSUB16, BFUNO16, DEINTLV2, DEINTLV3, DEINTLV4, FACC32, FADD32, FMUL32, FSUB32, INTLV2, INTLV3, INTLV4, ISEL, LSHR, MUL, OR, PASS, SEL, SHL, SLE, SLT, SUB, 
maxDelay: 10
numOperands: 4
operandInputs: 
0: 0 1 2 3 
1: 4 5 6 7 
2: 8 9 10 11 
3: 12 13 14 15 
cfgIdMap: Cycles, 12; InitVal, 9; Latency, 11; Repeats, 13; SkipFirst, 14; WI, 10; 
numRfReg: 0
=====================================
id: 117
type: GIB
name: GIB117
bitWidth: 0
numInputs: 10
numOutputs: 18
inputs: 
0: (88, 4)
1: (88, 5)
2: (113, 6)
3: (113, 7)
4: (118, 0)
5: (118, 1)
6: (86, 0)
7: (115, 0)
8: (119, 0)
9: (90, 0)
outputs: 
0: (88, 4) 
1: (88, 5) 
2: (113, 6) 
3: (113, 7) 
4: (118, 0) 
5: (118, 1) 
6: (86, 3) 
7: (86, 7) 
8: (86, 11) 
9: (86, 15) 
10: (115, 2) 
11: (115, 6) 
12: (115, 10) 
13: (115, 14) 
14: (119, 0) 
15: (119, 2) 
16: (90, 1) 
17: (90, 3) 
cfgBlkIdx: 117
trackReged: 0
outReged: 
0: 0
1: 0
2: 0
3: 0
4: 0
5: 0
6: 0
7: 0
8: 0
9: 0
10: 0
11: 0
12: 0
13: 0
14: 0
15: 0
16: 0
17: 0
out2ins: 
0, 2
0, 4
0, 7
0, 8
1, 3
1, 5
2, 0
2, 5
2, 9
3, 1
3, 4
3, 8
4, 0
4, 3
4, 6
4, 9
5, 1
5, 2
6, 4
6, 8
7, 4
7, 9
8, 5
8, 8
9, 5
9, 9
10, 0
10, 6
10, 9
11, 0
12, 1
12, 6
12, 9
13, 1
14, 0
14, 3
14, 6
14, 7
15, 1
15, 2
15, 6
15, 7
16, 2
16, 4
16, 7
16, 8
17, 3
17, 5
17, 7
17, 8
in2outs: 
0, 2
0, 4
0, 10
0, 11
0, 14
1, 3
1, 5
1, 12
1, 13
1, 15
2, 0
2, 5
2, 15
2, 16
3, 1
3, 4
3, 14
3, 17
4, 0
4, 3
4, 6
4, 7
4, 16
5, 1
5, 2
5, 8
5, 9
5, 17
6, 4
6, 10
6, 12
6, 14
6, 15
7, 0
7, 14
7, 15
7, 16
7, 17
8, 0
8, 3
8, 6
8, 8
8, 16
8, 17
9, 2
9, 4
9, 7
9, 9
9, 10
9, 12
=====================================
id: 118
type: GIB
name: GIB118
bitWidth: 0
numInputs: 10
numOutputs: 18
inputs: 
0: (117, 4)
1: (117, 5)
2: (114, 6)
3: (114, 7)
4: (147, 0)
5: (147, 1)
6: (115, 0)
7: (116, 0)
8: (120, 0)
9: (119, 0)
outputs: 
0: (117, 4) 
1: (117, 5) 
2: (114, 6) 
3: (114, 7) 
4: (147, 0) 
5: (147, 1) 
6: (115, 3) 
7: (115, 7) 
8: (115, 11) 
9: (115, 15) 
10: (116, 2) 
11: (116, 6) 
12: (116, 10) 
13: (116, 14) 
14: (120, 0) 
15: (120, 2) 
16: (119, 1) 
17: (119, 3) 
cfgBlkIdx: 118
trackReged: 1
outReged: 
0: 1
1: 1
2: 1
3: 1
4: 1
5: 1
6: 0
7: 0
8: 0
9: 0
10: 0
11: 0
12: 0
13: 0
14: 0
15: 0
16: 0
17: 0
out2ins: 
0, 2
0, 4
0, 7
0, 8
1, 3
1, 5
2, 0
2, 5
2, 9
3, 1
3, 4
3, 8
4, 0
4, 3
4, 6
4, 9
5, 1
5, 2
6, 4
6, 8
7, 4
7, 9
8, 5
8, 8
9, 5
9, 9
10, 0
10, 6
10, 9
11, 0
12, 1
12, 6
12, 9
13, 1
14, 0
14, 3
14, 6
14, 7
15, 1
15, 2
15, 6
15, 7
16, 2
16, 4
16, 7
16, 8
17, 3
17, 5
17, 7
17, 8
in2outs: 
0, 2
0, 4
0, 10
0, 11
0, 14
1, 3
1, 5
1, 12
1, 13
1, 15
2, 0
2, 5
2, 15
2, 16
3, 1
3, 4
3, 14
3, 17
4, 0
4, 3
4, 6
4, 7
4, 16
5, 1
5, 2
5, 8
5, 9
5, 17
6, 4
6, 10
6, 12
6, 14
6, 15
7, 0
7, 14
7, 15
7, 16
7, 17
8, 0
8, 3
8, 6
8, 8
8, 16
8, 17
9, 2
9, 4
9, 7
9, 9
9, 10
9, 12
=====================================
id: 119
type: IOB
name: IOB119
bitWidth: 0
numInputs: 4
numOutputs: 1
inputs: 
0: (117, 14)
1: (118, 16)
2: (117, 15)
3: (118, 17)
outputs: 
0: (117, 8) (118, 9) 
cfgBlkIdx: 119
operations: INPUT, LOAD, OUTPUT, STORE, 
maxDelay: 10
numOperands: 2
operandInputs: 
0: 0 1 
1: 2 3 
cfgIdMap: BaseAddr, 5; Cycles0, 7; Cycles1, 9; Cycles2, 11; Cycles3, 13; II, 14; IsStore, 16; Latency, 15; Stride0, 6; Stride1, 8; Stride2, 10; Stride3, 12; UseAddr, 17; 
index: 14
=====================================
id: 120
type: IOB
name: IOB120
bitWidth: 0
numInputs: 4
numOutputs: 1
inputs: 
0: (118, 14)
1: (147, 16)
2: (118, 15)
3: (147, 17)
outputs: 
0: (118, 8) (147, 9) 
cfgBlkIdx: 120
operations: INPUT, LOAD, OUTPUT, STORE, 
maxDelay: 10
numOperands: 2
operandInputs: 
0: 0 1 
1: 2 3 
cfgIdMap: BaseAddr, 5; Cycles0, 7; Cycles1, 9; Cycles2, 11; Cycles3, 13; II, 14; IsStore, 16; Latency, 15; Stride0, 6; Stride1, 8; Stride2, 10; Stride3, 12; UseAddr, 17; 
index: 15
=====================================
id: 121
type: IOB
name: IOB121
bitWidth: 0
numInputs: 4
numOutputs: 1
inputs: 
0: (123, 8)
1: (124, 6)
2: (123, 9)
3: (124, 7)
outputs: 
0: (123, 7) (124, 6) 
cfgBlkIdx: 121
operations: INPUT, LOAD, OUTPUT, STORE, 
maxDelay: 10
numOperands: 2
operandInputs: 
0: 0 1 
1: 2 3 
cfgIdMap: BaseAddr, 5; Cycles0, 7; Cycles1, 9; Cycles2, 11; Cycles3, 13; II, 14; IsStore, 16; Latency, 15; Stride0, 6; Stride1, 8; Stride2, 10; Stride3, 12; UseAddr, 17; 
index: 16
=====================================
id: 122
type: IOB
name: IOB122
bitWidth: 0
numInputs: 4
numOutputs: 1
inputs: 
0: (124, 8)
1: (153, 6)
2: (124, 9)
3: (153, 7)
outputs: 
0: (124, 7) (153, 6) 
cfgBlkIdx: 122
operations: INPUT, LOAD, OUTPUT, STORE, 
maxDelay: 10
numOperands: 2
operandInputs: 
0: 0 1 
1: 2 3 
cfgIdMap: BaseAddr, 5; Cycles0, 7; Cycles1, 9; Cycles2, 11; Cycles3, 13; II, 14; IsStore, 16; Latency, 15; Stride0, 6; Stride1, 8; Stride2, 10; Stride3, 12; UseAddr, 17; 
index: 17
=====================================
id: 123
type: GIB
name: GIB123
bitWidth: 0
numInputs: 10
numOutputs: 18
inputs: 
0: (94, 2)
1: (94, 3)
2: (124, 0)
3: (124, 1)
4: (127, 2)
5: (127, 3)
6: (92, 0)
7: (121, 0)
8: (125, 0)
9: (96, 0)
outputs: 
0: (94, 2) 
1: (94, 3) 
2: (124, 0) 
3: (124, 1) 
4: (127, 2) 
5: (127, 3) 
6: (92, 1) 
7: (92, 3) 
8: (121, 0) 
9: (121, 2) 
10: (125, 0) 
11: (125, 4) 
12: (125, 8) 
13: (125, 12) 
14: (96, 1) 
15: (96, 5) 
16: (96, 9) 
17: (96, 13) 
cfgBlkIdx: 123
trackReged: 0
outReged: 
0: 0
1: 0
2: 0
3: 0
4: 0
5: 0
6: 0
7: 0
8: 0
9: 0
10: 0
11: 0
12: 0
13: 0
14: 0
15: 0
16: 0
17: 0
out2ins: 
0, 2
0, 5
0, 7
0, 8
1, 3
1, 4
2, 0
2, 4
2, 6
2, 9
3, 1
3, 5
4, 1
4, 2
4, 7
5, 0
5, 3
5, 6
6, 2
6, 5
6, 8
6, 9
7, 3
7, 4
7, 8
7, 9
8, 0
8, 4
8, 6
8, 9
9, 1
9, 5
9, 6
9, 9
10, 0
10, 6
11, 0
11, 7
12, 1
12, 6
13, 1
13, 7
14, 2
14, 7
14, 8
15, 2
16, 3
16, 7
16, 8
17, 3
in2outs: 
0, 2
0, 5
0, 8
0, 10
0, 11
1, 3
1, 4
1, 9
1, 12
1, 13
2, 0
2, 4
2, 6
2, 14
2, 15
3, 1
3, 5
3, 7
3, 16
3, 17
4, 1
4, 2
4, 7
4, 8
5, 0
5, 3
5, 6
5, 9
6, 2
6, 5
6, 8
6, 9
6, 10
6, 12
7, 0
7, 4
7, 11
7, 13
7, 14
7, 16
8, 0
8, 6
8, 7
8, 14
8, 16
9, 2
9, 6
9, 7
9, 8
9, 9
=====================================
id: 124
type: GIB
name: GIB124
bitWidth: 0
numInputs: 10
numOutputs: 18
inputs: 
0: (123, 2)
1: (123, 3)
2: (153, 0)
3: (153, 1)
4: (128, 2)
5: (128, 3)
6: (121, 0)
7: (122, 0)
8: (126, 0)
9: (125, 0)
outputs: 
0: (123, 2) 
1: (123, 3) 
2: (153, 0) 
3: (153, 1) 
4: (128, 2) 
5: (128, 3) 
6: (121, 1) 
7: (121, 3) 
8: (122, 0) 
9: (122, 2) 
10: (126, 0) 
11: (126, 4) 
12: (126, 8) 
13: (126, 12) 
14: (125, 1) 
15: (125, 5) 
16: (125, 9) 
17: (125, 13) 
cfgBlkIdx: 124
trackReged: 1
outReged: 
0: 1
1: 1
2: 1
3: 1
4: 1
5: 1
6: 0
7: 0
8: 0
9: 0
10: 0
11: 0
12: 0
13: 0
14: 0
15: 0
16: 0
17: 0
out2ins: 
0, 2
0, 5
0, 7
0, 8
1, 3
1, 4
2, 0
2, 4
2, 6
2, 9
3, 1
3, 5
4, 1
4, 2
4, 7
5, 0
5, 3
5, 6
6, 2
6, 5
6, 8
6, 9
7, 3
7, 4
7, 8
7, 9
8, 0
8, 4
8, 6
8, 9
9, 1
9, 5
9, 6
9, 9
10, 0
10, 6
11, 0
11, 7
12, 1
12, 6
13, 1
13, 7
14, 2
14, 7
14, 8
15, 2
16, 3
16, 7
16, 8
17, 3
in2outs: 
0, 2
0, 5
0, 8
0, 10
0, 11
1, 3
1, 4
1, 9
1, 12
1, 13
2, 0
2, 4
2, 6
2, 14
2, 15
3, 1
3, 5
3, 7
3, 16
3, 17
4, 1
4, 2
4, 7
4, 8
5, 0
5, 3
5, 6
5, 9
6, 2
6, 5
6, 8
6, 9
6, 10
6, 12
7, 0
7, 4
7, 11
7, 13
7, 14
7, 16
8, 0
8, 6
8, 7
8, 14
8, 16
9, 2
9, 6
9, 7
9, 8
9, 9
=====================================
id: 125
type: GPE
name: GPE125
bitWidth: 0
numInputs: 16
numOutputs: 1
inputs: 
0: (123, 10)
1: (124, 14)
2: (127, 12)
3: (128, 8)
4: (123, 11)
5: (124, 15)
6: (127, 13)
7: (128, 9)
8: (123, 12)
9: (124, 16)
10: (127, 14)
11: (128, 10)
12: (123, 13)
13: (124, 17)
14: (127, 15)
15: (128, 11)
outputs: 
0: (123, 8) (124, 9) (127, 9) (128, 8) 
cfgBlkIdx: 125
operations: ACC, ADD, AND, ASHR, ASUB, BFACC16, BFADD16, BFEQ16, BFMUL16, BFOLE16, BFOLT16, BFSUB16, BFUNO16, DEINTLV2, DEINTLV3, DEINTLV4, FACC32, FADD32, FMUL32, FSUB32, INTLV2, INTLV3, INTLV4, ISEL, LSHR, MUL, OR, PASS, SEL, SHL, SLE, SLT, SUB, 
maxDelay: 10
numOperands: 4
operandInputs: 
0: 0 1 2 3 
1: 4 5 6 7 
2: 8 9 10 11 
3: 12 13 14 15 
cfgIdMap: Cycles, 12; InitVal, 9; Latency, 11; Repeats, 13; SkipFirst, 14; WI, 10; 
numRfReg: 0
=====================================
id: 126
type: GPE
name: GPE126
bitWidth: 0
numInputs: 16
numOutputs: 1
inputs: 
0: (124, 10)
1: (153, 14)
2: (128, 12)
3: (157, 8)
4: (124, 11)
5: (153, 15)
6: (128, 13)
7: (157, 9)
8: (124, 12)
9: (153, 16)
10: (128, 14)
11: (157, 10)
12: (124, 13)
13: (153, 17)
14: (128, 15)
15: (157, 11)
outputs: 
0: (124, 8) (128, 9) (153, 9) (157, 8) 
cfgBlkIdx: 126
operations: ACC, ADD, AND, ASHR, ASUB, BFACC16, BFADD16, BFEQ16, BFMUL16, BFOLE16, BFOLT16, BFSUB16, BFUNO16, DEINTLV2, DEINTLV3, DEINTLV4, FACC32, FADD32, FMUL32, FSUB32, INTLV2, INTLV3, INTLV4, ISEL, LSHR, MUL, OR, PASS, SEL, SHL, SLE, SLT, SUB, 
maxDelay: 10
numOperands: 4
operandInputs: 
0: 0 1 2 3 
1: 4 5 6 7 
2: 8 9 10 11 
3: 12 13 14 15 
cfgIdMap: Cycles, 12; InitVal, 9; Latency, 11; Repeats, 13; SkipFirst, 14; WI, 10; 
numRfReg: 0
=====================================
id: 127
type: GIB
name: GIB127
bitWidth: 0
numInputs: 12
numOutputs: 24
inputs: 
0: (98, 4)
1: (98, 5)
2: (123, 4)
3: (123, 5)
4: (128, 0)
5: (128, 1)
6: (131, 2)
7: (131, 3)
8: (96, 0)
9: (125, 0)
10: (129, 0)
11: (100, 0)
outputs: 
0: (98, 4) 
1: (98, 5) 
2: (123, 4) 
3: (123, 5) 
4: (128, 0) 
5: (128, 1) 
6: (131, 2) 
7: (131, 3) 
8: (96, 3) 
9: (96, 7) 
10: (96, 11) 
11: (96, 15) 
12: (125, 2) 
13: (125, 6) 
14: (125, 10) 
15: (125, 14) 
16: (129, 0) 
17: (129, 4) 
18: (129, 8) 
19: (129, 12) 
20: (100, 1) 
21: (100, 5) 
22: (100, 9) 
23: (100, 13) 
cfgBlkIdx: 127
trackReged: 1
outReged: 
0: 1
1: 1
2: 1
3: 1
4: 1
5: 1
6: 1
7: 1
8: 0
9: 0
10: 0
11: 0
12: 0
13: 0
14: 0
15: 0
16: 0
17: 0
18: 0
19: 0
20: 0
21: 0
22: 0
23: 0
out2ins: 
0, 2
0, 4
0, 7
0, 9
0, 10
1, 3
1, 5
1, 6
2, 0
2, 5
2, 6
2, 11
3, 1
3, 4
3, 7
3, 10
4, 0
4, 3
4, 6
4, 8
4, 11
5, 1
5, 2
5, 7
6, 1
6, 2
6, 4
6, 9
7, 0
7, 3
7, 5
7, 8
8, 4
8, 7
8, 10
9, 4
9, 7
9, 11
10, 5
10, 6
10, 10
11, 5
11, 6
11, 11
12, 0
12, 6
12, 8
12, 11
13, 0
13, 6
14, 1
14, 7
14, 8
14, 11
15, 1
15, 7
16, 0
16, 3
16, 8
17, 0
17, 3
17, 9
18, 1
18, 2
18, 8
19, 1
19, 2
19, 9
20, 2
20, 4
20, 9
20, 10
21, 2
21, 4
22, 3
22, 5
22, 9
22, 10
23, 3
23, 5
in2outs: 
0, 2
0, 4
0, 7
0, 12
0, 13
0, 16
0, 17
1, 3
1, 5
1, 6
1, 14
1, 15
1, 18
1, 19
2, 0
2, 5
2, 6
2, 18
2, 19
2, 20
2, 21
3, 1
3, 4
3, 7
3, 16
3, 17
3, 22
3, 23
4, 0
4, 3
4, 6
4, 8
4, 9
4, 20
4, 21
5, 1
5, 2
5, 7
5, 10
5, 11
5, 22
5, 23
6, 1
6, 2
6, 4
6, 10
6, 11
6, 12
6, 13
7, 0
7, 3
7, 5
7, 8
7, 9
7, 14
7, 15
8, 4
8, 7
8, 12
8, 14
8, 16
8, 18
9, 0
9, 6
9, 17
9, 19
9, 20
9, 22
10, 0
10, 3
10, 8
10, 10
10, 20
10, 22
11, 2
11, 4
11, 9
11, 11
11, 12
11, 14
=====================================
id: 128
type: GIB
name: GIB128
bitWidth: 0
numInputs: 12
numOutputs: 24
inputs: 
0: (127, 4)
1: (127, 5)
2: (124, 4)
3: (124, 5)
4: (157, 0)
5: (157, 1)
6: (132, 2)
7: (132, 3)
8: (125, 0)
9: (126, 0)
10: (130, 0)
11: (129, 0)
outputs: 
0: (127, 4) 
1: (127, 5) 
2: (124, 4) 
3: (124, 5) 
4: (157, 0) 
5: (157, 1) 
6: (132, 2) 
7: (132, 3) 
8: (125, 3) 
9: (125, 7) 
10: (125, 11) 
11: (125, 15) 
12: (126, 2) 
13: (126, 6) 
14: (126, 10) 
15: (126, 14) 
16: (130, 0) 
17: (130, 4) 
18: (130, 8) 
19: (130, 12) 
20: (129, 1) 
21: (129, 5) 
22: (129, 9) 
23: (129, 13) 
cfgBlkIdx: 128
trackReged: 0
outReged: 
0: 0
1: 0
2: 0
3: 0
4: 0
5: 0
6: 0
7: 0
8: 0
9: 0
10: 0
11: 0
12: 0
13: 0
14: 0
15: 0
16: 0
17: 0
18: 0
19: 0
20: 0
21: 0
22: 0
23: 0
out2ins: 
0, 2
0, 4
0, 7
0, 9
0, 10
1, 3
1, 5
1, 6
2, 0
2, 5
2, 6
2, 11
3, 1
3, 4
3, 7
3, 10
4, 0
4, 3
4, 6
4, 8
4, 11
5, 1
5, 2
5, 7
6, 1
6, 2
6, 4
6, 9
7, 0
7, 3
7, 5
7, 8
8, 4
8, 7
8, 10
9, 4
9, 7
9, 11
10, 5
10, 6
10, 10
11, 5
11, 6
11, 11
12, 0
12, 6
12, 8
12, 11
13, 0
13, 6
14, 1
14, 7
14, 8
14, 11
15, 1
15, 7
16, 0
16, 3
16, 8
17, 0
17, 3
17, 9
18, 1
18, 2
18, 8
19, 1
19, 2
19, 9
20, 2
20, 4
20, 9
20, 10
21, 2
21, 4
22, 3
22, 5
22, 9
22, 10
23, 3
23, 5
in2outs: 
0, 2
0, 4
0, 7
0, 12
0, 13
0, 16
0, 17
1, 3
1, 5
1, 6
1, 14
1, 15
1, 18
1, 19
2, 0
2, 5
2, 6
2, 18
2, 19
2, 20
2, 21
3, 1
3, 4
3, 7
3, 16
3, 17
3, 22
3, 23
4, 0
4, 3
4, 6
4, 8
4, 9
4, 20
4, 21
5, 1
5, 2
5, 7
5, 10
5, 11
5, 22
5, 23
6, 1
6, 2
6, 4
6, 10
6, 11
6, 12
6, 13
7, 0
7, 3
7, 5
7, 8
7, 9
7, 14
7, 15
8, 4
8, 7
8, 12
8, 14
8, 16
8, 18
9, 0
9, 6
9, 17
9, 19
9, 20
9, 22
10, 0
10, 3
10, 8
10, 10
10, 20
10, 22
11, 2
11, 4
11, 9
11, 11
11, 12
11, 14
=====================================
id: 129
type: GPE
name: GPE129
bitWidth: 0
numInputs: 16
numOutputs: 1
inputs: 
0: (127, 16)
1: (128, 20)
2: (131, 12)
3: (132, 8)
4: (127, 17)
5: (128, 21)
6: (131, 13)
7: (132, 9)
8: (127, 18)
9: (128, 22)
10: (131, 14)
11: (132, 10)
12: (127, 19)
13: (128, 23)
14: (131, 15)
15: (132, 11)
outputs: 
0: (127, 10) (128, 11) (131, 9) (132, 8) 
cfgBlkIdx: 129
operations: ACC, ADD, AND, ASHR, ASUB, BFACC16, BFADD16, BFEQ16, BFMUL16, BFOLE16, BFOLT16, BFSUB16, BFUNO16, DEINTLV2, DEINTLV3, DEINTLV4, FACC32, FADD32, FMUL32, FSUB32, INTLV2, INTLV3, INTLV4, ISEL, LSHR, MUL, OR, PASS, SEL, SHL, SLE, SLT, SUB, 
maxDelay: 10
numOperands: 4
operandInputs: 
0: 0 1 2 3 
1: 4 5 6 7 
2: 8 9 10 11 
3: 12 13 14 15 
cfgIdMap: Cycles, 12; InitVal, 9; Latency, 11; Repeats, 13; SkipFirst, 14; WI, 10; 
numRfReg: 0
=====================================
id: 130
type: GPE
name: GPE130
bitWidth: 0
numInputs: 16
numOutputs: 1
inputs: 
0: (128, 16)
1: (157, 20)
2: (132, 12)
3: (161, 8)
4: (128, 17)
5: (157, 21)
6: (132, 13)
7: (161, 9)
8: (128, 18)
9: (157, 22)
10: (132, 14)
11: (161, 10)
12: (128, 19)
13: (157, 23)
14: (132, 15)
15: (161, 11)
outputs: 
0: (128, 10) (132, 9) (157, 11) (161, 8) 
cfgBlkIdx: 130
operations: ACC, ADD, AND, ASHR, ASUB, BFACC16, BFADD16, BFEQ16, BFMUL16, BFOLE16, BFOLT16, BFSUB16, BFUNO16, DEINTLV2, DEINTLV3, DEINTLV4, FACC32, FADD32, FMUL32, FSUB32, INTLV2, INTLV3, INTLV4, ISEL, LSHR, MUL, OR, PASS, SEL, SHL, SLE, SLT, SUB, 
maxDelay: 10
numOperands: 4
operandInputs: 
0: 0 1 2 3 
1: 4 5 6 7 
2: 8 9 10 11 
3: 12 13 14 15 
cfgIdMap: Cycles, 12; InitVal, 9; Latency, 11; Repeats, 13; SkipFirst, 14; WI, 10; 
numRfReg: 0
=====================================
id: 131
type: GIB
name: GIB131
bitWidth: 0
numInputs: 12
numOutputs: 24
inputs: 
0: (102, 4)
1: (102, 5)
2: (127, 6)
3: (127, 7)
4: (132, 0)
5: (132, 1)
6: (135, 2)
7: (135, 3)
8: (100, 0)
9: (129, 0)
10: (133, 0)
11: (104, 0)
outputs: 
0: (102, 4) 
1: (102, 5) 
2: (127, 6) 
3: (127, 7) 
4: (132, 0) 
5: (132, 1) 
6: (135, 2) 
7: (135, 3) 
8: (100, 3) 
9: (100, 7) 
10: (100, 11) 
11: (100, 15) 
12: (129, 2) 
13: (129, 6) 
14: (129, 10) 
15: (129, 14) 
16: (133, 0) 
17: (133, 4) 
18: (133, 8) 
19: (133, 12) 
20: (104, 1) 
21: (104, 5) 
22: (104, 9) 
23: (104, 13) 
cfgBlkIdx: 131
trackReged: 0
outReged: 
0: 0
1: 0
2: 0
3: 0
4: 0
5: 0
6: 0
7: 0
8: 0
9: 0
10: 0
11: 0
12: 0
13: 0
14: 0
15: 0
16: 0
17: 0
18: 0
19: 0
20: 0
21: 0
22: 0
23: 0
out2ins: 
0, 2
0, 4
0, 7
0, 9
0, 10
1, 3
1, 5
1, 6
2, 0
2, 5
2, 6
2, 11
3, 1
3, 4
3, 7
3, 10
4, 0
4, 3
4, 6
4, 8
4, 11
5, 1
5, 2
5, 7
6, 1
6, 2
6, 4
6, 9
7, 0
7, 3
7, 5
7, 8
8, 4
8, 7
8, 10
9, 4
9, 7
9, 11
10, 5
10, 6
10, 10
11, 5
11, 6
11, 11
12, 0
12, 6
12, 8
12, 11
13, 0
13, 6
14, 1
14, 7
14, 8
14, 11
15, 1
15, 7
16, 0
16, 3
16, 8
17, 0
17, 3
17, 9
18, 1
18, 2
18, 8
19, 1
19, 2
19, 9
20, 2
20, 4
20, 9
20, 10
21, 2
21, 4
22, 3
22, 5
22, 9
22, 10
23, 3
23, 5
in2outs: 
0, 2
0, 4
0, 7
0, 12
0, 13
0, 16
0, 17
1, 3
1, 5
1, 6
1, 14
1, 15
1, 18
1, 19
2, 0
2, 5
2, 6
2, 18
2, 19
2, 20
2, 21
3, 1
3, 4
3, 7
3, 16
3, 17
3, 22
3, 23
4, 0
4, 3
4, 6
4, 8
4, 9
4, 20
4, 21
5, 1
5, 2
5, 7
5, 10
5, 11
5, 22
5, 23
6, 1
6, 2
6, 4
6, 10
6, 11
6, 12
6, 13
7, 0
7, 3
7, 5
7, 8
7, 9
7, 14
7, 15
8, 4
8, 7
8, 12
8, 14
8, 16
8, 18
9, 0
9, 6
9, 17
9, 19
9, 20
9, 22
10, 0
10, 3
10, 8
10, 10
10, 20
10, 22
11, 2
11, 4
11, 9
11, 11
11, 12
11, 14
=====================================
id: 132
type: GIB
name: GIB132
bitWidth: 0
numInputs: 12
numOutputs: 24
inputs: 
0: (131, 4)
1: (131, 5)
2: (128, 6)
3: (128, 7)
4: (161, 0)
5: (161, 1)
6: (136, 2)
7: (136, 3)
8: (129, 0)
9: (130, 0)
10: (134, 0)
11: (133, 0)
outputs: 
0: (131, 4) 
1: (131, 5) 
2: (128, 6) 
3: (128, 7) 
4: (161, 0) 
5: (161, 1) 
6: (136, 2) 
7: (136, 3) 
8: (129, 3) 
9: (129, 7) 
10: (129, 11) 
11: (129, 15) 
12: (130, 2) 
13: (130, 6) 
14: (130, 10) 
15: (130, 14) 
16: (134, 0) 
17: (134, 4) 
18: (134, 8) 
19: (134, 12) 
20: (133, 1) 
21: (133, 5) 
22: (133, 9) 
23: (133, 13) 
cfgBlkIdx: 132
trackReged: 1
outReged: 
0: 1
1: 1
2: 1
3: 1
4: 1
5: 1
6: 1
7: 1
8: 0
9: 0
10: 0
11: 0
12: 0
13: 0
14: 0
15: 0
16: 0
17: 0
18: 0
19: 0
20: 0
21: 0
22: 0
23: 0
out2ins: 
0, 2
0, 4
0, 7
0, 9
0, 10
1, 3
1, 5
1, 6
2, 0
2, 5
2, 6
2, 11
3, 1
3, 4
3, 7
3, 10
4, 0
4, 3
4, 6
4, 8
4, 11
5, 1
5, 2
5, 7
6, 1
6, 2
6, 4
6, 9
7, 0
7, 3
7, 5
7, 8
8, 4
8, 7
8, 10
9, 4
9, 7
9, 11
10, 5
10, 6
10, 10
11, 5
11, 6
11, 11
12, 0
12, 6
12, 8
12, 11
13, 0
13, 6
14, 1
14, 7
14, 8
14, 11
15, 1
15, 7
16, 0
16, 3
16, 8
17, 0
17, 3
17, 9
18, 1
18, 2
18, 8
19, 1
19, 2
19, 9
20, 2
20, 4
20, 9
20, 10
21, 2
21, 4
22, 3
22, 5
22, 9
22, 10
23, 3
23, 5
in2outs: 
0, 2
0, 4
0, 7
0, 12
0, 13
0, 16
0, 17
1, 3
1, 5
1, 6
1, 14
1, 15
1, 18
1, 19
2, 0
2, 5
2, 6
2, 18
2, 19
2, 20
2, 21
3, 1
3, 4
3, 7
3, 16
3, 17
3, 22
3, 23
4, 0
4, 3
4, 6
4, 8
4, 9
4, 20
4, 21
5, 1
5, 2
5, 7
5, 10
5, 11
5, 22
5, 23
6, 1
6, 2
6, 4
6, 10
6, 11
6, 12
6, 13
7, 0
7, 3
7, 5
7, 8
7, 9
7, 14
7, 15
8, 4
8, 7
8, 12
8, 14
8, 16
8, 18
9, 0
9, 6
9, 17
9, 19
9, 20
9, 22
10, 0
10, 3
10, 8
10, 10
10, 20
10, 22
11, 2
11, 4
11, 9
11, 11
11, 12
11, 14
=====================================
id: 133
type: GPE
name: GPE133
bitWidth: 0
numInputs: 16
numOutputs: 1
inputs: 
0: (131, 16)
1: (132, 20)
2: (135, 12)
3: (136, 8)
4: (131, 17)
5: (132, 21)
6: (135, 13)
7: (136, 9)
8: (131, 18)
9: (132, 22)
10: (135, 14)
11: (136, 10)
12: (131, 19)
13: (132, 23)
14: (135, 15)
15: (136, 11)
outputs: 
0: (131, 10) (132, 11) (135, 9) (136, 8) 
cfgBlkIdx: 133
operations: ACC, ADD, AND, ASHR, ASUB, BFACC16, BFADD16, BFEQ16, BFMUL16, BFOLE16, BFOLT16, BFSUB16, BFUNO16, DEINTLV2, DEINTLV3, DEINTLV4, FACC32, FADD32, FMUL32, FSUB32, INTLV2, INTLV3, INTLV4, ISEL, LSHR, MUL, OR, PASS, SEL, SHL, SLE, SLT, SUB, 
maxDelay: 10
numOperands: 4
operandInputs: 
0: 0 1 2 3 
1: 4 5 6 7 
2: 8 9 10 11 
3: 12 13 14 15 
cfgIdMap: Cycles, 12; InitVal, 9; Latency, 11; Repeats, 13; SkipFirst, 14; WI, 10; 
numRfReg: 0
=====================================
id: 134
type: GPE
name: GPE134
bitWidth: 0
numInputs: 16
numOutputs: 1
inputs: 
0: (132, 16)
1: (161, 20)
2: (136, 12)
3: (165, 8)
4: (132, 17)
5: (161, 21)
6: (136, 13)
7: (165, 9)
8: (132, 18)
9: (161, 22)
10: (136, 14)
11: (165, 10)
12: (132, 19)
13: (161, 23)
14: (136, 15)
15: (165, 11)
outputs: 
0: (132, 10) (136, 9) (161, 11) (165, 8) 
cfgBlkIdx: 134
operations: ACC, ADD, AND, ASHR, ASUB, BFACC16, BFADD16, BFEQ16, BFMUL16, BFOLE16, BFOLT16, BFSUB16, BFUNO16, DEINTLV2, DEINTLV3, DEINTLV4, FACC32, FADD32, FMUL32, FSUB32, INTLV2, INTLV3, INTLV4, ISEL, LSHR, MUL, OR, PASS, SEL, SHL, SLE, SLT, SUB, 
maxDelay: 10
numOperands: 4
operandInputs: 
0: 0 1 2 3 
1: 4 5 6 7 
2: 8 9 10 11 
3: 12 13 14 15 
cfgIdMap: Cycles, 12; InitVal, 9; Latency, 11; Repeats, 13; SkipFirst, 14; WI, 10; 
numRfReg: 0
=====================================
id: 135
type: GIB
name: GIB135
bitWidth: 0
numInputs: 12
numOutputs: 24
inputs: 
0: (106, 4)
1: (106, 5)
2: (131, 6)
3: (131, 7)
4: (136, 0)
5: (136, 1)
6: (139, 2)
7: (139, 3)
8: (104, 0)
9: (133, 0)
10: (137, 0)
11: (108, 0)
outputs: 
0: (106, 4) 
1: (106, 5) 
2: (131, 6) 
3: (131, 7) 
4: (136, 0) 
5: (136, 1) 
6: (139, 2) 
7: (139, 3) 
8: (104, 3) 
9: (104, 7) 
10: (104, 11) 
11: (104, 15) 
12: (133, 2) 
13: (133, 6) 
14: (133, 10) 
15: (133, 14) 
16: (137, 0) 
17: (137, 4) 
18: (137, 8) 
19: (137, 12) 
20: (108, 1) 
21: (108, 5) 
22: (108, 9) 
23: (108, 13) 
cfgBlkIdx: 135
trackReged: 1
outReged: 
0: 1
1: 1
2: 1
3: 1
4: 1
5: 1
6: 1
7: 1
8: 0
9: 0
10: 0
11: 0
12: 0
13: 0
14: 0
15: 0
16: 0
17: 0
18: 0
19: 0
20: 0
21: 0
22: 0
23: 0
out2ins: 
0, 2
0, 4
0, 7
0, 9
0, 10
1, 3
1, 5
1, 6
2, 0
2, 5
2, 6
2, 11
3, 1
3, 4
3, 7
3, 10
4, 0
4, 3
4, 6
4, 8
4, 11
5, 1
5, 2
5, 7
6, 1
6, 2
6, 4
6, 9
7, 0
7, 3
7, 5
7, 8
8, 4
8, 7
8, 10
9, 4
9, 7
9, 11
10, 5
10, 6
10, 10
11, 5
11, 6
11, 11
12, 0
12, 6
12, 8
12, 11
13, 0
13, 6
14, 1
14, 7
14, 8
14, 11
15, 1
15, 7
16, 0
16, 3
16, 8
17, 0
17, 3
17, 9
18, 1
18, 2
18, 8
19, 1
19, 2
19, 9
20, 2
20, 4
20, 9
20, 10
21, 2
21, 4
22, 3
22, 5
22, 9
22, 10
23, 3
23, 5
in2outs: 
0, 2
0, 4
0, 7
0, 12
0, 13
0, 16
0, 17
1, 3
1, 5
1, 6
1, 14
1, 15
1, 18
1, 19
2, 0
2, 5
2, 6
2, 18
2, 19
2, 20
2, 21
3, 1
3, 4
3, 7
3, 16
3, 17
3, 22
3, 23
4, 0
4, 3
4, 6
4, 8
4, 9
4, 20
4, 21
5, 1
5, 2
5, 7
5, 10
5, 11
5, 22
5, 23
6, 1
6, 2
6, 4
6, 10
6, 11
6, 12
6, 13
7, 0
7, 3
7, 5
7, 8
7, 9
7, 14
7, 15
8, 4
8, 7
8, 12
8, 14
8, 16
8, 18
9, 0
9, 6
9, 17
9, 19
9, 20
9, 22
10, 0
10, 3
10, 8
10, 10
10, 20
10, 22
11, 2
11, 4
11, 9
11, 11
11, 12
11, 14
=====================================
id: 136
type: GIB
name: GIB136
bitWidth: 0
numInputs: 12
numOutputs: 24
inputs: 
0: (135, 4)
1: (135, 5)
2: (132, 6)
3: (132, 7)
4: (165, 0)
5: (165, 1)
6: (140, 2)
7: (140, 3)
8: (133, 0)
9: (134, 0)
10: (138, 0)
11: (137, 0)
outputs: 
0: (135, 4) 
1: (135, 5) 
2: (132, 6) 
3: (132, 7) 
4: (165, 0) 
5: (165, 1) 
6: (140, 2) 
7: (140, 3) 
8: (133, 3) 
9: (133, 7) 
10: (133, 11) 
11: (133, 15) 
12: (134, 2) 
13: (134, 6) 
14: (134, 10) 
15: (134, 14) 
16: (138, 0) 
17: (138, 4) 
18: (138, 8) 
19: (138, 12) 
20: (137, 1) 
21: (137, 5) 
22: (137, 9) 
23: (137, 13) 
cfgBlkIdx: 136
trackReged: 0
outReged: 
0: 0
1: 0
2: 0
3: 0
4: 0
5: 0
6: 0
7: 0
8: 0
9: 0
10: 0
11: 0
12: 0
13: 0
14: 0
15: 0
16: 0
17: 0
18: 0
19: 0
20: 0
21: 0
22: 0
23: 0
out2ins: 
0, 2
0, 4
0, 7
0, 9
0, 10
1, 3
1, 5
1, 6
2, 0
2, 5
2, 6
2, 11
3, 1
3, 4
3, 7
3, 10
4, 0
4, 3
4, 6
4, 8
4, 11
5, 1
5, 2
5, 7
6, 1
6, 2
6, 4
6, 9
7, 0
7, 3
7, 5
7, 8
8, 4
8, 7
8, 10
9, 4
9, 7
9, 11
10, 5
10, 6
10, 10
11, 5
11, 6
11, 11
12, 0
12, 6
12, 8
12, 11
13, 0
13, 6
14, 1
14, 7
14, 8
14, 11
15, 1
15, 7
16, 0
16, 3
16, 8
17, 0
17, 3
17, 9
18, 1
18, 2
18, 8
19, 1
19, 2
19, 9
20, 2
20, 4
20, 9
20, 10
21, 2
21, 4
22, 3
22, 5
22, 9
22, 10
23, 3
23, 5
in2outs: 
0, 2
0, 4
0, 7
0, 12
0, 13
0, 16
0, 17
1, 3
1, 5
1, 6
1, 14
1, 15
1, 18
1, 19
2, 0
2, 5
2, 6
2, 18
2, 19
2, 20
2, 21
3, 1
3, 4
3, 7
3, 16
3, 17
3, 22
3, 23
4, 0
4, 3
4, 6
4, 8
4, 9
4, 20
4, 21
5, 1
5, 2
5, 7
5, 10
5, 11
5, 22
5, 23
6, 1
6, 2
6, 4
6, 10
6, 11
6, 12
6, 13
7, 0
7, 3
7, 5
7, 8
7, 9
7, 14
7, 15
8, 4
8, 7
8, 12
8, 14
8, 16
8, 18
9, 0
9, 6
9, 17
9, 19
9, 20
9, 22
10, 0
10, 3
10, 8
10, 10
10, 20
10, 22
11, 2
11, 4
11, 9
11, 11
11, 12
11, 14
=====================================
id: 137
type: GPE
name: GPE137
bitWidth: 0
numInputs: 16
numOutputs: 1
inputs: 
0: (135, 16)
1: (136, 20)
2: (139, 12)
3: (140, 8)
4: (135, 17)
5: (136, 21)
6: (139, 13)
7: (140, 9)
8: (135, 18)
9: (136, 22)
10: (139, 14)
11: (140, 10)
12: (135, 19)
13: (136, 23)
14: (139, 15)
15: (140, 11)
outputs: 
0: (135, 10) (136, 11) (139, 9) (140, 8) 
cfgBlkIdx: 137
operations: ACC, ADD, AND, ASHR, ASUB, BFACC16, BFADD16, BFEQ16, BFMUL16, BFOLE16, BFOLT16, BFSUB16, BFUNO16, DEINTLV2, DEINTLV3, DEINTLV4, FACC32, FADD32, FMUL32, FSUB32, INTLV2, INTLV3, INTLV4, ISEL, LSHR, MUL, OR, PASS, SEL, SHL, SLE, SLT, SUB, 
maxDelay: 10
numOperands: 4
operandInputs: 
0: 0 1 2 3 
1: 4 5 6 7 
2: 8 9 10 11 
3: 12 13 14 15 
cfgIdMap: Cycles, 12; InitVal, 9; Latency, 11; Repeats, 13; SkipFirst, 14; WI, 10; 
numRfReg: 0
=====================================
id: 138
type: GPE
name: GPE138
bitWidth: 0
numInputs: 16
numOutputs: 1
inputs: 
0: (136, 16)
1: (165, 20)
2: (140, 12)
3: (169, 8)
4: (136, 17)
5: (165, 21)
6: (140, 13)
7: (169, 9)
8: (136, 18)
9: (165, 22)
10: (140, 14)
11: (169, 10)
12: (136, 19)
13: (165, 23)
14: (140, 15)
15: (169, 11)
outputs: 
0: (136, 10) (140, 9) (165, 11) (169, 8) 
cfgBlkIdx: 138
operations: ACC, ADD, AND, ASHR, ASUB, BFACC16, BFADD16, BFEQ16, BFMUL16, BFOLE16, BFOLT16, BFSUB16, BFUNO16, DEINTLV2, DEINTLV3, DEINTLV4, FACC32, FADD32, FMUL32, FSUB32, INTLV2, INTLV3, INTLV4, ISEL, LSHR, MUL, OR, PASS, SEL, SHL, SLE, SLT, SUB, 
maxDelay: 10
numOperands: 4
operandInputs: 
0: 0 1 2 3 
1: 4 5 6 7 
2: 8 9 10 11 
3: 12 13 14 15 
cfgIdMap: Cycles, 12; InitVal, 9; Latency, 11; Repeats, 13; SkipFirst, 14; WI, 10; 
numRfReg: 0
=====================================
id: 139
type: GIB
name: GIB139
bitWidth: 0
numInputs: 12
numOutputs: 24
inputs: 
0: (110, 4)
1: (110, 5)
2: (135, 6)
3: (135, 7)
4: (140, 0)
5: (140, 1)
6: (143, 2)
7: (143, 3)
8: (108, 0)
9: (137, 0)
10: (141, 0)
11: (112, 0)
outputs: 
0: (110, 4) 
1: (110, 5) 
2: (135, 6) 
3: (135, 7) 
4: (140, 0) 
5: (140, 1) 
6: (143, 2) 
7: (143, 3) 
8: (108, 3) 
9: (108, 7) 
10: (108, 11) 
11: (108, 15) 
12: (137, 2) 
13: (137, 6) 
14: (137, 10) 
15: (137, 14) 
16: (141, 0) 
17: (141, 4) 
18: (141, 8) 
19: (141, 12) 
20: (112, 1) 
21: (112, 5) 
22: (112, 9) 
23: (112, 13) 
cfgBlkIdx: 139
trackReged: 0
outReged: 
0: 0
1: 0
2: 0
3: 0
4: 0
5: 0
6: 0
7: 0
8: 0
9: 0
10: 0
11: 0
12: 0
13: 0
14: 0
15: 0
16: 0
17: 0
18: 0
19: 0
20: 0
21: 0
22: 0
23: 0
out2ins: 
0, 2
0, 4
0, 7
0, 9
0, 10
1, 3
1, 5
1, 6
2, 0
2, 5
2, 6
2, 11
3, 1
3, 4
3, 7
3, 10
4, 0
4, 3
4, 6
4, 8
4, 11
5, 1
5, 2
5, 7
6, 1
6, 2
6, 4
6, 9
7, 0
7, 3
7, 5
7, 8
8, 4
8, 7
8, 10
9, 4
9, 7
9, 11
10, 5
10, 6
10, 10
11, 5
11, 6
11, 11
12, 0
12, 6
12, 8
12, 11
13, 0
13, 6
14, 1
14, 7
14, 8
14, 11
15, 1
15, 7
16, 0
16, 3
16, 8
17, 0
17, 3
17, 9
18, 1
18, 2
18, 8
19, 1
19, 2
19, 9
20, 2
20, 4
20, 9
20, 10
21, 2
21, 4
22, 3
22, 5
22, 9
22, 10
23, 3
23, 5
in2outs: 
0, 2
0, 4
0, 7
0, 12
0, 13
0, 16
0, 17
1, 3
1, 5
1, 6
1, 14
1, 15
1, 18
1, 19
2, 0
2, 5
2, 6
2, 18
2, 19
2, 20
2, 21
3, 1
3, 4
3, 7
3, 16
3, 17
3, 22
3, 23
4, 0
4, 3
4, 6
4, 8
4, 9
4, 20
4, 21
5, 1
5, 2
5, 7
5, 10
5, 11
5, 22
5, 23
6, 1
6, 2
6, 4
6, 10
6, 11
6, 12
6, 13
7, 0
7, 3
7, 5
7, 8
7, 9
7, 14
7, 15
8, 4
8, 7
8, 12
8, 14
8, 16
8, 18
9, 0
9, 6
9, 17
9, 19
9, 20
9, 22
10, 0
10, 3
10, 8
10, 10
10, 20
10, 22
11, 2
11, 4
11, 9
11, 11
11, 12
11, 14
=====================================
id: 140
type: GIB
name: GIB140
bitWidth: 0
numInputs: 12
numOutputs: 24
inputs: 
0: (139, 4)
1: (139, 5)
2: (136, 6)
3: (136, 7)
4: (169, 0)
5: (169, 1)
6: (144, 2)
7: (144, 3)
8: (137, 0)
9: (138, 0)
10: (142, 0)
11: (141, 0)
outputs: 
0: (139, 4) 
1: (139, 5) 
2: (136, 6) 
3: (136, 7) 
4: (169, 0) 
5: (169, 1) 
6: (144, 2) 
7: (144, 3) 
8: (137, 3) 
9: (137, 7) 
10: (137, 11) 
11: (137, 15) 
12: (138, 2) 
13: (138, 6) 
14: (138, 10) 
15: (138, 14) 
16: (142, 0) 
17: (142, 4) 
18: (142, 8) 
19: (142, 12) 
20: (141, 1) 
21: (141, 5) 
22: (141, 9) 
23: (141, 13) 
cfgBlkIdx: 140
trackReged: 1
outReged: 
0: 1
1: 1
2: 1
3: 1
4: 1
5: 1
6: 1
7: 1
8: 0
9: 0
10: 0
11: 0
12: 0
13: 0
14: 0
15: 0
16: 0
17: 0
18: 0
19: 0
20: 0
21: 0
22: 0
23: 0
out2ins: 
0, 2
0, 4
0, 7
0, 9
0, 10
1, 3
1, 5
1, 6
2, 0
2, 5
2, 6
2, 11
3, 1
3, 4
3, 7
3, 10
4, 0
4, 3
4, 6
4, 8
4, 11
5, 1
5, 2
5, 7
6, 1
6, 2
6, 4
6, 9
7, 0
7, 3
7, 5
7, 8
8, 4
8, 7
8, 10
9, 4
9, 7
9, 11
10, 5
10, 6
10, 10
11, 5
11, 6
11, 11
12, 0
12, 6
12, 8
12, 11
13, 0
13, 6
14, 1
14, 7
14, 8
14, 11
15, 1
15, 7
16, 0
16, 3
16, 8
17, 0
17, 3
17, 9
18, 1
18, 2
18, 8
19, 1
19, 2
19, 9
20, 2
20, 4
20, 9
20, 10
21, 2
21, 4
22, 3
22, 5
22, 9
22, 10
23, 3
23, 5
in2outs: 
0, 2
0, 4
0, 7
0, 12
0, 13
0, 16
0, 17
1, 3
1, 5
1, 6
1, 14
1, 15
1, 18
1, 19
2, 0
2, 5
2, 6
2, 18
2, 19
2, 20
2, 21
3, 1
3, 4
3, 7
3, 16
3, 17
3, 22
3, 23
4, 0
4, 3
4, 6
4, 8
4, 9
4, 20
4, 21
5, 1
5, 2
5, 7
5, 10
5, 11
5, 22
5, 23
6, 1
6, 2
6, 4
6, 10
6, 11
6, 12
6, 13
7, 0
7, 3
7, 5
7, 8
7, 9
7, 14
7, 15
8, 4
8, 7
8, 12
8, 14
8, 16
8, 18
9, 0
9, 6
9, 17
9, 19
9, 20
9, 22
10, 0
10, 3
10, 8
10, 10
10, 20
10, 22
11, 2
11, 4
11, 9
11, 11
11, 12
11, 14
=====================================
id: 141
type: GPE
name: GPE141
bitWidth: 0
numInputs: 16
numOutputs: 1
inputs: 
0: (139, 16)
1: (140, 20)
2: (143, 12)
3: (144, 8)
4: (139, 17)
5: (140, 21)
6: (143, 13)
7: (144, 9)
8: (139, 18)
9: (140, 22)
10: (143, 14)
11: (144, 10)
12: (139, 19)
13: (140, 23)
14: (143, 15)
15: (144, 11)
outputs: 
0: (139, 10) (140, 11) (143, 9) (144, 8) 
cfgBlkIdx: 141
operations: ACC, ADD, AND, ASHR, ASUB, BFACC16, BFADD16, BFEQ16, BFMUL16, BFOLE16, BFOLT16, BFSUB16, BFUNO16, DEINTLV2, DEINTLV3, DEINTLV4, FACC32, FADD32, FMUL32, FSUB32, INTLV2, INTLV3, INTLV4, ISEL, LSHR, MUL, OR, PASS, SEL, SHL, SLE, SLT, SUB, 
maxDelay: 10
numOperands: 4
operandInputs: 
0: 0 1 2 3 
1: 4 5 6 7 
2: 8 9 10 11 
3: 12 13 14 15 
cfgIdMap: Cycles, 12; InitVal, 9; Latency, 11; Repeats, 13; SkipFirst, 14; WI, 10; 
numRfReg: 0
=====================================
id: 142
type: GPE
name: GPE142
bitWidth: 0
numInputs: 16
numOutputs: 1
inputs: 
0: (140, 16)
1: (169, 20)
2: (144, 12)
3: (173, 8)
4: (140, 17)
5: (169, 21)
6: (144, 13)
7: (173, 9)
8: (140, 18)
9: (169, 22)
10: (144, 14)
11: (173, 10)
12: (140, 19)
13: (169, 23)
14: (144, 15)
15: (173, 11)
outputs: 
0: (140, 10) (144, 9) (169, 11) (173, 8) 
cfgBlkIdx: 142
operations: ACC, ADD, AND, ASHR, ASUB, BFACC16, BFADD16, BFEQ16, BFMUL16, BFOLE16, BFOLT16, BFSUB16, BFUNO16, DEINTLV2, DEINTLV3, DEINTLV4, FACC32, FADD32, FMUL32, FSUB32, INTLV2, INTLV3, INTLV4, ISEL, LSHR, MUL, OR, PASS, SEL, SHL, SLE, SLT, SUB, 
maxDelay: 10
numOperands: 4
operandInputs: 
0: 0 1 2 3 
1: 4 5 6 7 
2: 8 9 10 11 
3: 12 13 14 15 
cfgIdMap: Cycles, 12; InitVal, 9; Latency, 11; Repeats, 13; SkipFirst, 14; WI, 10; 
numRfReg: 0
=====================================
id: 143
type: GIB
name: GIB143
bitWidth: 0
numInputs: 12
numOutputs: 24
inputs: 
0: (114, 4)
1: (114, 5)
2: (139, 6)
3: (139, 7)
4: (144, 0)
5: (144, 1)
6: (147, 2)
7: (147, 3)
8: (112, 0)
9: (141, 0)
10: (145, 0)
11: (116, 0)
outputs: 
0: (114, 4) 
1: (114, 5) 
2: (139, 6) 
3: (139, 7) 
4: (144, 0) 
5: (144, 1) 
6: (147, 2) 
7: (147, 3) 
8: (112, 3) 
9: (112, 7) 
10: (112, 11) 
11: (112, 15) 
12: (141, 2) 
13: (141, 6) 
14: (141, 10) 
15: (141, 14) 
16: (145, 0) 
17: (145, 4) 
18: (145, 8) 
19: (145, 12) 
20: (116, 1) 
21: (116, 5) 
22: (116, 9) 
23: (116, 13) 
cfgBlkIdx: 143
trackReged: 1
outReged: 
0: 1
1: 1
2: 1
3: 1
4: 1
5: 1
6: 1
7: 1
8: 0
9: 0
10: 0
11: 0
12: 0
13: 0
14: 0
15: 0
16: 0
17: 0
18: 0
19: 0
20: 0
21: 0
22: 0
23: 0
out2ins: 
0, 2
0, 4
0, 7
0, 9
0, 10
1, 3
1, 5
1, 6
2, 0
2, 5
2, 6
2, 11
3, 1
3, 4
3, 7
3, 10
4, 0
4, 3
4, 6
4, 8
4, 11
5, 1
5, 2
5, 7
6, 1
6, 2
6, 4
6, 9
7, 0
7, 3
7, 5
7, 8
8, 4
8, 7
8, 10
9, 4
9, 7
9, 11
10, 5
10, 6
10, 10
11, 5
11, 6
11, 11
12, 0
12, 6
12, 8
12, 11
13, 0
13, 6
14, 1
14, 7
14, 8
14, 11
15, 1
15, 7
16, 0
16, 3
16, 8
17, 0
17, 3
17, 9
18, 1
18, 2
18, 8
19, 1
19, 2
19, 9
20, 2
20, 4
20, 9
20, 10
21, 2
21, 4
22, 3
22, 5
22, 9
22, 10
23, 3
23, 5
in2outs: 
0, 2
0, 4
0, 7
0, 12
0, 13
0, 16
0, 17
1, 3
1, 5
1, 6
1, 14
1, 15
1, 18
1, 19
2, 0
2, 5
2, 6
2, 18
2, 19
2, 20
2, 21
3, 1
3, 4
3, 7
3, 16
3, 17
3, 22
3, 23
4, 0
4, 3
4, 6
4, 8
4, 9
4, 20
4, 21
5, 1
5, 2
5, 7
5, 10
5, 11
5, 22
5, 23
6, 1
6, 2
6, 4
6, 10
6, 11
6, 12
6, 13
7, 0
7, 3
7, 5
7, 8
7, 9
7, 14
7, 15
8, 4
8, 7
8, 12
8, 14
8, 16
8, 18
9, 0
9, 6
9, 17
9, 19
9, 20
9, 22
10, 0
10, 3
10, 8
10, 10
10, 20
10, 22
11, 2
11, 4
11, 9
11, 11
11, 12
11, 14
=====================================
id: 144
type: GIB
name: GIB144
bitWidth: 0
numInputs: 12
numOutputs: 24
inputs: 
0: (143, 4)
1: (143, 5)
2: (140, 6)
3: (140, 7)
4: (173, 0)
5: (173, 1)
6: (148, 2)
7: (148, 3)
8: (141, 0)
9: (142, 0)
10: (146, 0)
11: (145, 0)
outputs: 
0: (143, 4) 
1: (143, 5) 
2: (140, 6) 
3: (140, 7) 
4: (173, 0) 
5: (173, 1) 
6: (148, 2) 
7: (148, 3) 
8: (141, 3) 
9: (141, 7) 
10: (141, 11) 
11: (141, 15) 
12: (142, 2) 
13: (142, 6) 
14: (142, 10) 
15: (142, 14) 
16: (146, 0) 
17: (146, 4) 
18: (146, 8) 
19: (146, 12) 
20: (145, 1) 
21: (145, 5) 
22: (145, 9) 
23: (145, 13) 
cfgBlkIdx: 144
trackReged: 0
outReged: 
0: 0
1: 0
2: 0
3: 0
4: 0
5: 0
6: 0
7: 0
8: 0
9: 0
10: 0
11: 0
12: 0
13: 0
14: 0
15: 0
16: 0
17: 0
18: 0
19: 0
20: 0
21: 0
22: 0
23: 0
out2ins: 
0, 2
0, 4
0, 7
0, 9
0, 10
1, 3
1, 5
1, 6
2, 0
2, 5
2, 6
2, 11
3, 1
3, 4
3, 7
3, 10
4, 0
4, 3
4, 6
4, 8
4, 11
5, 1
5, 2
5, 7
6, 1
6, 2
6, 4
6, 9
7, 0
7, 3
7, 5
7, 8
8, 4
8, 7
8, 10
9, 4
9, 7
9, 11
10, 5
10, 6
10, 10
11, 5
11, 6
11, 11
12, 0
12, 6
12, 8
12, 11
13, 0
13, 6
14, 1
14, 7
14, 8
14, 11
15, 1
15, 7
16, 0
16, 3
16, 8
17, 0
17, 3
17, 9
18, 1
18, 2
18, 8
19, 1
19, 2
19, 9
20, 2
20, 4
20, 9
20, 10
21, 2
21, 4
22, 3
22, 5
22, 9
22, 10
23, 3
23, 5
in2outs: 
0, 2
0, 4
0, 7
0, 12
0, 13
0, 16
0, 17
1, 3
1, 5
1, 6
1, 14
1, 15
1, 18
1, 19
2, 0
2, 5
2, 6
2, 18
2, 19
2, 20
2, 21
3, 1
3, 4
3, 7
3, 16
3, 17
3, 22
3, 23
4, 0
4, 3
4, 6
4, 8
4, 9
4, 20
4, 21
5, 1
5, 2
5, 7
5, 10
5, 11
5, 22
5, 23
6, 1
6, 2
6, 4
6, 10
6, 11
6, 12
6, 13
7, 0
7, 3
7, 5
7, 8
7, 9
7, 14
7, 15
8, 4
8, 7
8, 12
8, 14
8, 16
8, 18
9, 0
9, 6
9, 17
9, 19
9, 20
9, 22
10, 0
10, 3
10, 8
10, 10
10, 20
10, 22
11, 2
11, 4
11, 9
11, 11
11, 12
11, 14
=====================================
id: 145
type: GPE
name: GPE145
bitWidth: 0
numInputs: 16
numOutputs: 1
inputs: 
0: (143, 16)
1: (144, 20)
2: (147, 10)
3: (148, 6)
4: (143, 17)
5: (144, 21)
6: (147, 11)
7: (148, 7)
8: (143, 18)
9: (144, 22)
10: (147, 12)
11: (148, 8)
12: (143, 19)
13: (144, 23)
14: (147, 13)
15: (148, 9)
outputs: 
0: (143, 10) (144, 11) (147, 7) (148, 6) 
cfgBlkIdx: 145
operations: ACC, ADD, AND, ASHR, ASUB, BFACC16, BFADD16, BFEQ16, BFMUL16, BFOLE16, BFOLT16, BFSUB16, BFUNO16, DEINTLV2, DEINTLV3, DEINTLV4, FACC32, FADD32, FMUL32, FSUB32, INTLV2, INTLV3, INTLV4, ISEL, LSHR, MUL, OR, PASS, SEL, SHL, SLE, SLT, SUB, 
maxDelay: 10
numOperands: 4
operandInputs: 
0: 0 1 2 3 
1: 4 5 6 7 
2: 8 9 10 11 
3: 12 13 14 15 
cfgIdMap: Cycles, 12; InitVal, 9; Latency, 11; Repeats, 13; SkipFirst, 14; WI, 10; 
numRfReg: 0
=====================================
id: 146
type: GPE
name: GPE146
bitWidth: 0
numInputs: 16
numOutputs: 1
inputs: 
0: (144, 16)
1: (173, 20)
2: (148, 10)
3: (177, 6)
4: (144, 17)
5: (173, 21)
6: (148, 11)
7: (177, 7)
8: (144, 18)
9: (173, 22)
10: (148, 12)
11: (177, 8)
12: (144, 19)
13: (173, 23)
14: (148, 13)
15: (177, 9)
outputs: 
0: (144, 10) (148, 7) (173, 11) (177, 6) 
cfgBlkIdx: 146
operations: ACC, ADD, AND, ASHR, ASUB, BFACC16, BFADD16, BFEQ16, BFMUL16, BFOLE16, BFOLT16, BFSUB16, BFUNO16, DEINTLV2, DEINTLV3, DEINTLV4, FACC32, FADD32, FMUL32, FSUB32, INTLV2, INTLV3, INTLV4, ISEL, LSHR, MUL, OR, PASS, SEL, SHL, SLE, SLT, SUB, 
maxDelay: 10
numOperands: 4
operandInputs: 
0: 0 1 2 3 
1: 4 5 6 7 
2: 8 9 10 11 
3: 12 13 14 15 
cfgIdMap: Cycles, 12; InitVal, 9; Latency, 11; Repeats, 13; SkipFirst, 14; WI, 10; 
numRfReg: 0
=====================================
id: 147
type: GIB
name: GIB147
bitWidth: 0
numInputs: 10
numOutputs: 18
inputs: 
0: (118, 4)
1: (118, 5)
2: (143, 6)
3: (143, 7)
4: (148, 0)
5: (148, 1)
6: (116, 0)
7: (145, 0)
8: (149, 0)
9: (120, 0)
outputs: 
0: (118, 4) 
1: (118, 5) 
2: (143, 6) 
3: (143, 7) 
4: (148, 0) 
5: (148, 1) 
6: (116, 3) 
7: (116, 7) 
8: (116, 11) 
9: (116, 15) 
10: (145, 2) 
11: (145, 6) 
12: (145, 10) 
13: (145, 14) 
14: (149, 0) 
15: (149, 2) 
16: (120, 1) 
17: (120, 3) 
cfgBlkIdx: 147
trackReged: 0
outReged: 
0: 0
1: 0
2: 0
3: 0
4: 0
5: 0
6: 0
7: 0
8: 0
9: 0
10: 0
11: 0
12: 0
13: 0
14: 0
15: 0
16: 0
17: 0
out2ins: 
0, 2
0, 4
0, 7
0, 8
1, 3
1, 5
2, 0
2, 5
2, 9
3, 1
3, 4
3, 8
4, 0
4, 3
4, 6
4, 9
5, 1
5, 2
6, 4
6, 8
7, 4
7, 9
8, 5
8, 8
9, 5
9, 9
10, 0
10, 6
10, 9
11, 0
12, 1
12, 6
12, 9
13, 1
14, 0
14, 3
14, 6
14, 7
15, 1
15, 2
15, 6
15, 7
16, 2
16, 4
16, 7
16, 8
17, 3
17, 5
17, 7
17, 8
in2outs: 
0, 2
0, 4
0, 10
0, 11
0, 14
1, 3
1, 5
1, 12
1, 13
1, 15
2, 0
2, 5
2, 15
2, 16
3, 1
3, 4
3, 14
3, 17
4, 0
4, 3
4, 6
4, 7
4, 16
5, 1
5, 2
5, 8
5, 9
5, 17
6, 4
6, 10
6, 12
6, 14
6, 15
7, 0
7, 14
7, 15
7, 16
7, 17
8, 0
8, 3
8, 6
8, 8
8, 16
8, 17
9, 2
9, 4
9, 7
9, 9
9, 10
9, 12
=====================================
id: 148
type: GIB
name: GIB148
bitWidth: 0
numInputs: 10
numOutputs: 18
inputs: 
0: (147, 4)
1: (147, 5)
2: (144, 6)
3: (144, 7)
4: (177, 0)
5: (177, 1)
6: (145, 0)
7: (146, 0)
8: (150, 0)
9: (149, 0)
outputs: 
0: (147, 4) 
1: (147, 5) 
2: (144, 6) 
3: (144, 7) 
4: (177, 0) 
5: (177, 1) 
6: (145, 3) 
7: (145, 7) 
8: (145, 11) 
9: (145, 15) 
10: (146, 2) 
11: (146, 6) 
12: (146, 10) 
13: (146, 14) 
14: (150, 0) 
15: (150, 2) 
16: (149, 1) 
17: (149, 3) 
cfgBlkIdx: 148
trackReged: 1
outReged: 
0: 1
1: 1
2: 1
3: 1
4: 1
5: 1
6: 0
7: 0
8: 0
9: 0
10: 0
11: 0
12: 0
13: 0
14: 0
15: 0
16: 0
17: 0
out2ins: 
0, 2
0, 4
0, 7
0, 8
1, 3
1, 5
2, 0
2, 5
2, 9
3, 1
3, 4
3, 8
4, 0
4, 3
4, 6
4, 9
5, 1
5, 2
6, 4
6, 8
7, 4
7, 9
8, 5
8, 8
9, 5
9, 9
10, 0
10, 6
10, 9
11, 0
12, 1
12, 6
12, 9
13, 1
14, 0
14, 3
14, 6
14, 7
15, 1
15, 2
15, 6
15, 7
16, 2
16, 4
16, 7
16, 8
17, 3
17, 5
17, 7
17, 8
in2outs: 
0, 2
0, 4
0, 10
0, 11
0, 14
1, 3
1, 5
1, 12
1, 13
1, 15
2, 0
2, 5
2, 15
2, 16
3, 1
3, 4
3, 14
3, 17
4, 0
4, 3
4, 6
4, 7
4, 16
5, 1
5, 2
5, 8
5, 9
5, 17
6, 4
6, 10
6, 12
6, 14
6, 15
7, 0
7, 14
7, 15
7, 16
7, 17
8, 0
8, 3
8, 6
8, 8
8, 16
8, 17
9, 2
9, 4
9, 7
9, 9
9, 10
9, 12
=====================================
id: 149
type: IOB
name: IOB149
bitWidth: 0
numInputs: 4
numOutputs: 1
inputs: 
0: (147, 14)
1: (148, 16)
2: (147, 15)
3: (148, 17)
outputs: 
0: (147, 8) (148, 9) 
cfgBlkIdx: 149
operations: INPUT, LOAD, OUTPUT, STORE, 
maxDelay: 10
numOperands: 2
operandInputs: 
0: 0 1 
1: 2 3 
cfgIdMap: BaseAddr, 5; Cycles0, 7; Cycles1, 9; Cycles2, 11; Cycles3, 13; II, 14; IsStore, 16; Latency, 15; Stride0, 6; Stride1, 8; Stride2, 10; Stride3, 12; UseAddr, 17; 
index: 18
=====================================
id: 150
type: IOB
name: IOB150
bitWidth: 0
numInputs: 4
numOutputs: 1
inputs: 
0: (148, 14)
1: (177, 16)
2: (148, 15)
3: (177, 17)
outputs: 
0: (148, 8) (177, 9) 
cfgBlkIdx: 150
operations: INPUT, LOAD, OUTPUT, STORE, 
maxDelay: 10
numOperands: 2
operandInputs: 
0: 0 1 
1: 2 3 
cfgIdMap: BaseAddr, 5; Cycles0, 7; Cycles1, 9; Cycles2, 11; Cycles3, 13; II, 14; IsStore, 16; Latency, 15; Stride0, 6; Stride1, 8; Stride2, 10; Stride3, 12; UseAddr, 17; 
index: 19
=====================================
id: 151
type: IOB
name: IOB151
bitWidth: 0
numInputs: 4
numOutputs: 1
inputs: 
0: (153, 8)
1: (154, 6)
2: (153, 9)
3: (154, 7)
outputs: 
0: (153, 7) (154, 6) 
cfgBlkIdx: 151
operations: INPUT, LOAD, OUTPUT, STORE, 
maxDelay: 10
numOperands: 2
operandInputs: 
0: 0 1 
1: 2 3 
cfgIdMap: BaseAddr, 5; Cycles0, 7; Cycles1, 9; Cycles2, 11; Cycles3, 13; II, 14; IsStore, 16; Latency, 15; Stride0, 6; Stride1, 8; Stride2, 10; Stride3, 12; UseAddr, 17; 
index: 20
=====================================
id: 152
type: IOB
name: IOB152
bitWidth: 0
numInputs: 4
numOutputs: 1
inputs: 
0: (154, 8)
1: (181, 4)
2: (154, 9)
3: (181, 5)
outputs: 
0: (154, 7) (181, 4) 
cfgBlkIdx: 152
operations: INPUT, LOAD, OUTPUT, STORE, 
maxDelay: 10
numOperands: 2
operandInputs: 
0: 0 1 
1: 2 3 
cfgIdMap: BaseAddr, 5; Cycles0, 7; Cycles1, 9; Cycles2, 11; Cycles3, 13; II, 14; IsStore, 16; Latency, 15; Stride0, 6; Stride1, 8; Stride2, 10; Stride3, 12; UseAddr, 17; 
index: 21
=====================================
id: 153
type: GIB
name: GIB153
bitWidth: 0
numInputs: 10
numOutputs: 18
inputs: 
0: (124, 2)
1: (124, 3)
2: (154, 0)
3: (154, 1)
4: (157, 2)
5: (157, 3)
6: (122, 0)
7: (151, 0)
8: (155, 0)
9: (126, 0)
outputs: 
0: (124, 2) 
1: (124, 3) 
2: (154, 0) 
3: (154, 1) 
4: (157, 2) 
5: (157, 3) 
6: (122, 1) 
7: (122, 3) 
8: (151, 0) 
9: (151, 2) 
10: (155, 0) 
11: (155, 4) 
12: (155, 8) 
13: (155, 12) 
14: (126, 1) 
15: (126, 5) 
16: (126, 9) 
17: (126, 13) 
cfgBlkIdx: 153
trackReged: 0
outReged: 
0: 0
1: 0
2: 0
3: 0
4: 0
5: 0
6: 0
7: 0
8: 0
9: 0
10: 0
11: 0
12: 0
13: 0
14: 0
15: 0
16: 0
17: 0
out2ins: 
0, 2
0, 5
0, 7
0, 8
1, 3
1, 4
2, 0
2, 4
2, 6
2, 9
3, 1
3, 5
4, 1
4, 2
4, 7
5, 0
5, 3
5, 6
6, 2
6, 5
6, 8
6, 9
7, 3
7, 4
7, 8
7, 9
8, 0
8, 4
8, 6
8, 9
9, 1
9, 5
9, 6
9, 9
10, 0
10, 6
11, 0
11, 7
12, 1
12, 6
13, 1
13, 7
14, 2
14, 7
14, 8
15, 2
16, 3
16, 7
16, 8
17, 3
in2outs: 
0, 2
0, 5
0, 8
0, 10
0, 11
1, 3
1, 4
1, 9
1, 12
1, 13
2, 0
2, 4
2, 6
2, 14
2, 15
3, 1
3, 5
3, 7
3, 16
3, 17
4, 1
4, 2
4, 7
4, 8
5, 0
5, 3
5, 6
5, 9
6, 2
6, 5
6, 8
6, 9
6, 10
6, 12
7, 0
7, 4
7, 11
7, 13
7, 14
7, 16
8, 0
8, 6
8, 7
8, 14
8, 16
9, 2
9, 6
9, 7
9, 8
9, 9
=====================================
id: 154
type: GIB
name: GIB154
bitWidth: 0
numInputs: 10
numOutputs: 18
inputs: 
0: (153, 2)
1: (153, 3)
2: (181, 0)
3: (181, 1)
4: (158, 2)
5: (158, 3)
6: (151, 0)
7: (152, 0)
8: (156, 0)
9: (155, 0)
outputs: 
0: (153, 2) 
1: (153, 3) 
2: (181, 0) 
3: (181, 1) 
4: (158, 2) 
5: (158, 3) 
6: (151, 1) 
7: (151, 3) 
8: (152, 0) 
9: (152, 2) 
10: (156, 0) 
11: (156, 4) 
12: (156, 8) 
13: (156, 12) 
14: (155, 1) 
15: (155, 5) 
16: (155, 9) 
17: (155, 13) 
cfgBlkIdx: 154
trackReged: 1
outReged: 
0: 1
1: 1
2: 1
3: 1
4: 1
5: 1
6: 0
7: 0
8: 0
9: 0
10: 0
11: 0
12: 0
13: 0
14: 0
15: 0
16: 0
17: 0
out2ins: 
0, 2
0, 5
0, 7
0, 8
1, 3
1, 4
2, 0
2, 4
2, 6
2, 9
3, 1
3, 5
4, 1
4, 2
4, 7
5, 0
5, 3
5, 6
6, 2
6, 5
6, 8
6, 9
7, 3
7, 4
7, 8
7, 9
8, 0
8, 4
8, 6
8, 9
9, 1
9, 5
9, 6
9, 9
10, 0
10, 6
11, 0
11, 7
12, 1
12, 6
13, 1
13, 7
14, 2
14, 7
14, 8
15, 2
16, 3
16, 7
16, 8
17, 3
in2outs: 
0, 2
0, 5
0, 8
0, 10
0, 11
1, 3
1, 4
1, 9
1, 12
1, 13
2, 0
2, 4
2, 6
2, 14
2, 15
3, 1
3, 5
3, 7
3, 16
3, 17
4, 1
4, 2
4, 7
4, 8
5, 0
5, 3
5, 6
5, 9
6, 2
6, 5
6, 8
6, 9
6, 10
6, 12
7, 0
7, 4
7, 11
7, 13
7, 14
7, 16
8, 0
8, 6
8, 7
8, 14
8, 16
9, 2
9, 6
9, 7
9, 8
9, 9
=====================================
id: 155
type: GPE
name: GPE155
bitWidth: 0
numInputs: 16
numOutputs: 1
inputs: 
0: (153, 10)
1: (154, 14)
2: (157, 12)
3: (158, 8)
4: (153, 11)
5: (154, 15)
6: (157, 13)
7: (158, 9)
8: (153, 12)
9: (154, 16)
10: (157, 14)
11: (158, 10)
12: (153, 13)
13: (154, 17)
14: (157, 15)
15: (158, 11)
outputs: 
0: (153, 8) (154, 9) (157, 9) (158, 8) 
cfgBlkIdx: 155
operations: ACC, ADD, AND, ASHR, ASUB, BFACC16, BFADD16, BFEQ16, BFMUL16, BFOLE16, BFOLT16, BFSUB16, BFUNO16, DEINTLV2, DEINTLV3, DEINTLV4, FACC32, FADD32, FMUL32, FSUB32, INTLV2, INTLV3, INTLV4, ISEL, LSHR, MUL, OR, PASS, SEL, SHL, SLE, SLT, SUB, 
maxDelay: 10
numOperands: 4
operandInputs: 
0: 0 1 2 3 
1: 4 5 6 7 
2: 8 9 10 11 
3: 12 13 14 15 
cfgIdMap: Cycles, 12; InitVal, 9; Latency, 11; Repeats, 13; SkipFirst, 14; WI, 10; 
numRfReg: 0
=====================================
id: 156
type: GPE
name: GPE156
bitWidth: 0
numInputs: 16
numOutputs: 1
inputs: 
0: (154, 10)
1: (181, 6)
2: (158, 12)
3: (182, 6)
4: (154, 11)
5: (181, 7)
6: (158, 13)
7: (182, 7)
8: (154, 12)
9: (181, 8)
10: (158, 14)
11: (182, 8)
12: (154, 13)
13: (181, 9)
14: (158, 15)
15: (182, 9)
outputs: 
0: (154, 8) (158, 9) (181, 5) (182, 6) 
cfgBlkIdx: 156
operations: ACC, ADD, AND, ASHR, ASUB, BFACC16, BFADD16, BFEQ16, BFMUL16, BFOLE16, BFOLT16, BFSUB16, BFUNO16, DEINTLV2, DEINTLV3, DEINTLV4, FACC32, FADD32, FMUL32, FSUB32, INTLV2, INTLV3, INTLV4, ISEL, LSHR, MUL, OR, PASS, SEL, SHL, SLE, SLT, SUB, 
maxDelay: 10
numOperands: 4
operandInputs: 
0: 0 1 2 3 
1: 4 5 6 7 
2: 8 9 10 11 
3: 12 13 14 15 
cfgIdMap: Cycles, 12; InitVal, 9; Latency, 11; Repeats, 13; SkipFirst, 14; WI, 10; 
numRfReg: 0
=====================================
id: 157
type: GIB
name: GIB157
bitWidth: 0
numInputs: 12
numOutputs: 24
inputs: 
0: (128, 4)
1: (128, 5)
2: (153, 4)
3: (153, 5)
4: (158, 0)
5: (158, 1)
6: (161, 2)
7: (161, 3)
8: (126, 0)
9: (155, 0)
10: (159, 0)
11: (130, 0)
outputs: 
0: (128, 4) 
1: (128, 5) 
2: (153, 4) 
3: (153, 5) 
4: (158, 0) 
5: (158, 1) 
6: (161, 2) 
7: (161, 3) 
8: (126, 3) 
9: (126, 7) 
10: (126, 11) 
11: (126, 15) 
12: (155, 2) 
13: (155, 6) 
14: (155, 10) 
15: (155, 14) 
16: (159, 0) 
17: (159, 4) 
18: (159, 8) 
19: (159, 12) 
20: (130, 1) 
21: (130, 5) 
22: (130, 9) 
23: (130, 13) 
cfgBlkIdx: 157
trackReged: 1
outReged: 
0: 1
1: 1
2: 1
3: 1
4: 1
5: 1
6: 1
7: 1
8: 0
9: 0
10: 0
11: 0
12: 0
13: 0
14: 0
15: 0
16: 0
17: 0
18: 0
19: 0
20: 0
21: 0
22: 0
23: 0
out2ins: 
0, 2
0, 4
0, 7
0, 9
0, 10
1, 3
1, 5
1, 6
2, 0
2, 5
2, 6
2, 11
3, 1
3, 4
3, 7
3, 10
4, 0
4, 3
4, 6
4, 8
4, 11
5, 1
5, 2
5, 7
6, 1
6, 2
6, 4
6, 9
7, 0
7, 3
7, 5
7, 8
8, 4
8, 7
8, 10
9, 4
9, 7
9, 11
10, 5
10, 6
10, 10
11, 5
11, 6
11, 11
12, 0
12, 6
12, 8
12, 11
13, 0
13, 6
14, 1
14, 7
14, 8
14, 11
15, 1
15, 7
16, 0
16, 3
16, 8
17, 0
17, 3
17, 9
18, 1
18, 2
18, 8
19, 1
19, 2
19, 9
20, 2
20, 4
20, 9
20, 10
21, 2
21, 4
22, 3
22, 5
22, 9
22, 10
23, 3
23, 5
in2outs: 
0, 2
0, 4
0, 7
0, 12
0, 13
0, 16
0, 17
1, 3
1, 5
1, 6
1, 14
1, 15
1, 18
1, 19
2, 0
2, 5
2, 6
2, 18
2, 19
2, 20
2, 21
3, 1
3, 4
3, 7
3, 16
3, 17
3, 22
3, 23
4, 0
4, 3
4, 6
4, 8
4, 9
4, 20
4, 21
5, 1
5, 2
5, 7
5, 10
5, 11
5, 22
5, 23
6, 1
6, 2
6, 4
6, 10
6, 11
6, 12
6, 13
7, 0
7, 3
7, 5
7, 8
7, 9
7, 14
7, 15
8, 4
8, 7
8, 12
8, 14
8, 16
8, 18
9, 0
9, 6
9, 17
9, 19
9, 20
9, 22
10, 0
10, 3
10, 8
10, 10
10, 20
10, 22
11, 2
11, 4
11, 9
11, 11
11, 12
11, 14
=====================================
id: 158
type: GIB
name: GIB158
bitWidth: 0
numInputs: 12
numOutputs: 24
inputs: 
0: (157, 4)
1: (157, 5)
2: (154, 4)
3: (154, 5)
4: (182, 0)
5: (182, 1)
6: (162, 2)
7: (162, 3)
8: (155, 0)
9: (156, 0)
10: (160, 0)
11: (159, 0)
outputs: 
0: (157, 4) 
1: (157, 5) 
2: (154, 4) 
3: (154, 5) 
4: (182, 0) 
5: (182, 1) 
6: (162, 2) 
7: (162, 3) 
8: (155, 3) 
9: (155, 7) 
10: (155, 11) 
11: (155, 15) 
12: (156, 2) 
13: (156, 6) 
14: (156, 10) 
15: (156, 14) 
16: (160, 0) 
17: (160, 4) 
18: (160, 8) 
19: (160, 12) 
20: (159, 1) 
21: (159, 5) 
22: (159, 9) 
23: (159, 13) 
cfgBlkIdx: 158
trackReged: 0
outReged: 
0: 0
1: 0
2: 0
3: 0
4: 0
5: 0
6: 0
7: 0
8: 0
9: 0
10: 0
11: 0
12: 0
13: 0
14: 0
15: 0
16: 0
17: 0
18: 0
19: 0
20: 0
21: 0
22: 0
23: 0
out2ins: 
0, 2
0, 4
0, 7
0, 9
0, 10
1, 3
1, 5
1, 6
2, 0
2, 5
2, 6
2, 11
3, 1
3, 4
3, 7
3, 10
4, 0
4, 3
4, 6
4, 8
4, 11
5, 1
5, 2
5, 7
6, 1
6, 2
6, 4
6, 9
7, 0
7, 3
7, 5
7, 8
8, 4
8, 7
8, 10
9, 4
9, 7
9, 11
10, 5
10, 6
10, 10
11, 5
11, 6
11, 11
12, 0
12, 6
12, 8
12, 11
13, 0
13, 6
14, 1
14, 7
14, 8
14, 11
15, 1
15, 7
16, 0
16, 3
16, 8
17, 0
17, 3
17, 9
18, 1
18, 2
18, 8
19, 1
19, 2
19, 9
20, 2
20, 4
20, 9
20, 10
21, 2
21, 4
22, 3
22, 5
22, 9
22, 10
23, 3
23, 5
in2outs: 
0, 2
0, 4
0, 7
0, 12
0, 13
0, 16
0, 17
1, 3
1, 5
1, 6
1, 14
1, 15
1, 18
1, 19
2, 0
2, 5
2, 6
2, 18
2, 19
2, 20
2, 21
3, 1
3, 4
3, 7
3, 16
3, 17
3, 22
3, 23
4, 0
4, 3
4, 6
4, 8
4, 9
4, 20
4, 21
5, 1
5, 2
5, 7
5, 10
5, 11
5, 22
5, 23
6, 1
6, 2
6, 4
6, 10
6, 11
6, 12
6, 13
7, 0
7, 3
7, 5
7, 8
7, 9
7, 14
7, 15
8, 4
8, 7
8, 12
8, 14
8, 16
8, 18
9, 0
9, 6
9, 17
9, 19
9, 20
9, 22
10, 0
10, 3
10, 8
10, 10
10, 20
10, 22
11, 2
11, 4
11, 9
11, 11
11, 12
11, 14
=====================================
id: 159
type: GPE
name: GPE159
bitWidth: 0
numInputs: 16
numOutputs: 1
inputs: 
0: (157, 16)
1: (158, 20)
2: (161, 12)
3: (162, 8)
4: (157, 17)
5: (158, 21)
6: (161, 13)
7: (162, 9)
8: (157, 18)
9: (158, 22)
10: (161, 14)
11: (162, 10)
12: (157, 19)
13: (158, 23)
14: (161, 15)
15: (162, 11)
outputs: 
0: (157, 10) (158, 11) (161, 9) (162, 8) 
cfgBlkIdx: 159
operations: ACC, ADD, AND, ASHR, ASUB, BFACC16, BFADD16, BFEQ16, BFMUL16, BFOLE16, BFOLT16, BFSUB16, BFUNO16, DEINTLV2, DEINTLV3, DEINTLV4, FACC32, FADD32, FMUL32, FSUB32, INTLV2, INTLV3, INTLV4, ISEL, LSHR, MUL, OR, PASS, SEL, SHL, SLE, SLT, SUB, 
maxDelay: 10
numOperands: 4
operandInputs: 
0: 0 1 2 3 
1: 4 5 6 7 
2: 8 9 10 11 
3: 12 13 14 15 
cfgIdMap: Cycles, 12; InitVal, 9; Latency, 11; Repeats, 13; SkipFirst, 14; WI, 10; 
numRfReg: 0
=====================================
id: 160
type: GPE
name: GPE160
bitWidth: 0
numInputs: 16
numOutputs: 1
inputs: 
0: (158, 16)
1: (182, 10)
2: (162, 12)
3: (183, 6)
4: (158, 17)
5: (182, 11)
6: (162, 13)
7: (183, 7)
8: (158, 18)
9: (182, 12)
10: (162, 14)
11: (183, 8)
12: (158, 19)
13: (182, 13)
14: (162, 15)
15: (183, 9)
outputs: 
0: (158, 10) (162, 9) (182, 7) (183, 6) 
cfgBlkIdx: 160
operations: ACC, ADD, AND, ASHR, ASUB, BFACC16, BFADD16, BFEQ16, BFMUL16, BFOLE16, BFOLT16, BFSUB16, BFUNO16, DEINTLV2, DEINTLV3, DEINTLV4, FACC32, FADD32, FMUL32, FSUB32, INTLV2, INTLV3, INTLV4, ISEL, LSHR, MUL, OR, PASS, SEL, SHL, SLE, SLT, SUB, 
maxDelay: 10
numOperands: 4
operandInputs: 
0: 0 1 2 3 
1: 4 5 6 7 
2: 8 9 10 11 
3: 12 13 14 15 
cfgIdMap: Cycles, 12; InitVal, 9; Latency, 11; Repeats, 13; SkipFirst, 14; WI, 10; 
numRfReg: 0
=====================================
id: 161
type: GIB
name: GIB161
bitWidth: 0
numInputs: 12
numOutputs: 24
inputs: 
0: (132, 4)
1: (132, 5)
2: (157, 6)
3: (157, 7)
4: (162, 0)
5: (162, 1)
6: (165, 2)
7: (165, 3)
8: (130, 0)
9: (159, 0)
10: (163, 0)
11: (134, 0)
outputs: 
0: (132, 4) 
1: (132, 5) 
2: (157, 6) 
3: (157, 7) 
4: (162, 0) 
5: (162, 1) 
6: (165, 2) 
7: (165, 3) 
8: (130, 3) 
9: (130, 7) 
10: (130, 11) 
11: (130, 15) 
12: (159, 2) 
13: (159, 6) 
14: (159, 10) 
15: (159, 14) 
16: (163, 0) 
17: (163, 4) 
18: (163, 8) 
19: (163, 12) 
20: (134, 1) 
21: (134, 5) 
22: (134, 9) 
23: (134, 13) 
cfgBlkIdx: 161
trackReged: 0
outReged: 
0: 0
1: 0
2: 0
3: 0
4: 0
5: 0
6: 0
7: 0
8: 0
9: 0
10: 0
11: 0
12: 0
13: 0
14: 0
15: 0
16: 0
17: 0
18: 0
19: 0
20: 0
21: 0
22: 0
23: 0
out2ins: 
0, 2
0, 4
0, 7
0, 9
0, 10
1, 3
1, 5
1, 6
2, 0
2, 5
2, 6
2, 11
3, 1
3, 4
3, 7
3, 10
4, 0
4, 3
4, 6
4, 8
4, 11
5, 1
5, 2
5, 7
6, 1
6, 2
6, 4
6, 9
7, 0
7, 3
7, 5
7, 8
8, 4
8, 7
8, 10
9, 4
9, 7
9, 11
10, 5
10, 6
10, 10
11, 5
11, 6
11, 11
12, 0
12, 6
12, 8
12, 11
13, 0
13, 6
14, 1
14, 7
14, 8
14, 11
15, 1
15, 7
16, 0
16, 3
16, 8
17, 0
17, 3
17, 9
18, 1
18, 2
18, 8
19, 1
19, 2
19, 9
20, 2
20, 4
20, 9
20, 10
21, 2
21, 4
22, 3
22, 5
22, 9
22, 10
23, 3
23, 5
in2outs: 
0, 2
0, 4
0, 7
0, 12
0, 13
0, 16
0, 17
1, 3
1, 5
1, 6
1, 14
1, 15
1, 18
1, 19
2, 0
2, 5
2, 6
2, 18
2, 19
2, 20
2, 21
3, 1
3, 4
3, 7
3, 16
3, 17
3, 22
3, 23
4, 0
4, 3
4, 6
4, 8
4, 9
4, 20
4, 21
5, 1
5, 2
5, 7
5, 10
5, 11
5, 22
5, 23
6, 1
6, 2
6, 4
6, 10
6, 11
6, 12
6, 13
7, 0
7, 3
7, 5
7, 8
7, 9
7, 14
7, 15
8, 4
8, 7
8, 12
8, 14
8, 16
8, 18
9, 0
9, 6
9, 17
9, 19
9, 20
9, 22
10, 0
10, 3
10, 8
10, 10
10, 20
10, 22
11, 2
11, 4
11, 9
11, 11
11, 12
11, 14
=====================================
id: 162
type: GIB
name: GIB162
bitWidth: 0
numInputs: 12
numOutputs: 24
inputs: 
0: (161, 4)
1: (161, 5)
2: (158, 6)
3: (158, 7)
4: (183, 0)
5: (183, 1)
6: (166, 2)
7: (166, 3)
8: (159, 0)
9: (160, 0)
10: (164, 0)
11: (163, 0)
outputs: 
0: (161, 4) 
1: (161, 5) 
2: (158, 6) 
3: (158, 7) 
4: (183, 0) 
5: (183, 1) 
6: (166, 2) 
7: (166, 3) 
8: (159, 3) 
9: (159, 7) 
10: (159, 11) 
11: (159, 15) 
12: (160, 2) 
13: (160, 6) 
14: (160, 10) 
15: (160, 14) 
16: (164, 0) 
17: (164, 4) 
18: (164, 8) 
19: (164, 12) 
20: (163, 1) 
21: (163, 5) 
22: (163, 9) 
23: (163, 13) 
cfgBlkIdx: 162
trackReged: 1
outReged: 
0: 1
1: 1
2: 1
3: 1
4: 1
5: 1
6: 1
7: 1
8: 0
9: 0
10: 0
11: 0
12: 0
13: 0
14: 0
15: 0
16: 0
17: 0
18: 0
19: 0
20: 0
21: 0
22: 0
23: 0
out2ins: 
0, 2
0, 4
0, 7
0, 9
0, 10
1, 3
1, 5
1, 6
2, 0
2, 5
2, 6
2, 11
3, 1
3, 4
3, 7
3, 10
4, 0
4, 3
4, 6
4, 8
4, 11
5, 1
5, 2
5, 7
6, 1
6, 2
6, 4
6, 9
7, 0
7, 3
7, 5
7, 8
8, 4
8, 7
8, 10
9, 4
9, 7
9, 11
10, 5
10, 6
10, 10
11, 5
11, 6
11, 11
12, 0
12, 6
12, 8
12, 11
13, 0
13, 6
14, 1
14, 7
14, 8
14, 11
15, 1
15, 7
16, 0
16, 3
16, 8
17, 0
17, 3
17, 9
18, 1
18, 2
18, 8
19, 1
19, 2
19, 9
20, 2
20, 4
20, 9
20, 10
21, 2
21, 4
22, 3
22, 5
22, 9
22, 10
23, 3
23, 5
in2outs: 
0, 2
0, 4
0, 7
0, 12
0, 13
0, 16
0, 17
1, 3
1, 5
1, 6
1, 14
1, 15
1, 18
1, 19
2, 0
2, 5
2, 6
2, 18
2, 19
2, 20
2, 21
3, 1
3, 4
3, 7
3, 16
3, 17
3, 22
3, 23
4, 0
4, 3
4, 6
4, 8
4, 9
4, 20
4, 21
5, 1
5, 2
5, 7
5, 10
5, 11
5, 22
5, 23
6, 1
6, 2
6, 4
6, 10
6, 11
6, 12
6, 13
7, 0
7, 3
7, 5
7, 8
7, 9
7, 14
7, 15
8, 4
8, 7
8, 12
8, 14
8, 16
8, 18
9, 0
9, 6
9, 17
9, 19
9, 20
9, 22
10, 0
10, 3
10, 8
10, 10
10, 20
10, 22
11, 2
11, 4
11, 9
11, 11
11, 12
11, 14
=====================================
id: 163
type: GPE
name: GPE163
bitWidth: 0
numInputs: 16
numOutputs: 1
inputs: 
0: (161, 16)
1: (162, 20)
2: (165, 12)
3: (166, 8)
4: (161, 17)
5: (162, 21)
6: (165, 13)
7: (166, 9)
8: (161, 18)
9: (162, 22)
10: (165, 14)
11: (166, 10)
12: (161, 19)
13: (162, 23)
14: (165, 15)
15: (166, 11)
outputs: 
0: (161, 10) (162, 11) (165, 9) (166, 8) 
cfgBlkIdx: 163
operations: ACC, ADD, AND, ASHR, ASUB, BFACC16, BFADD16, BFEQ16, BFMUL16, BFOLE16, BFOLT16, BFSUB16, BFUNO16, DEINTLV2, DEINTLV3, DEINTLV4, FACC32, FADD32, FMUL32, FSUB32, INTLV2, INTLV3, INTLV4, ISEL, LSHR, MUL, OR, PASS, SEL, SHL, SLE, SLT, SUB, 
maxDelay: 10
numOperands: 4
operandInputs: 
0: 0 1 2 3 
1: 4 5 6 7 
2: 8 9 10 11 
3: 12 13 14 15 
cfgIdMap: Cycles, 12; InitVal, 9; Latency, 11; Repeats, 13; SkipFirst, 14; WI, 10; 
numRfReg: 0
=====================================
id: 164
type: GPE
name: GPE164
bitWidth: 0
numInputs: 16
numOutputs: 1
inputs: 
0: (162, 16)
1: (183, 10)
2: (166, 12)
3: (184, 6)
4: (162, 17)
5: (183, 11)
6: (166, 13)
7: (184, 7)
8: (162, 18)
9: (183, 12)
10: (166, 14)
11: (184, 8)
12: (162, 19)
13: (183, 13)
14: (166, 15)
15: (184, 9)
outputs: 
0: (162, 10) (166, 9) (183, 7) (184, 6) 
cfgBlkIdx: 164
operations: ACC, ADD, AND, ASHR, ASUB, BFACC16, BFADD16, BFEQ16, BFMUL16, BFOLE16, BFOLT16, BFSUB16, BFUNO16, DEINTLV2, DEINTLV3, DEINTLV4, FACC32, FADD32, FMUL32, FSUB32, INTLV2, INTLV3, INTLV4, ISEL, LSHR, MUL, OR, PASS, SEL, SHL, SLE, SLT, SUB, 
maxDelay: 10
numOperands: 4
operandInputs: 
0: 0 1 2 3 
1: 4 5 6 7 
2: 8 9 10 11 
3: 12 13 14 15 
cfgIdMap: Cycles, 12; InitVal, 9; Latency, 11; Repeats, 13; SkipFirst, 14; WI, 10; 
numRfReg: 0
=====================================
id: 165
type: GIB
name: GIB165
bitWidth: 0
numInputs: 12
numOutputs: 24
inputs: 
0: (136, 4)
1: (136, 5)
2: (161, 6)
3: (161, 7)
4: (166, 0)
5: (166, 1)
6: (169, 2)
7: (169, 3)
8: (134, 0)
9: (163, 0)
10: (167, 0)
11: (138, 0)
outputs: 
0: (136, 4) 
1: (136, 5) 
2: (161, 6) 
3: (161, 7) 
4: (166, 0) 
5: (166, 1) 
6: (169, 2) 
7: (169, 3) 
8: (134, 3) 
9: (134, 7) 
10: (134, 11) 
11: (134, 15) 
12: (163, 2) 
13: (163, 6) 
14: (163, 10) 
15: (163, 14) 
16: (167, 0) 
17: (167, 4) 
18: (167, 8) 
19: (167, 12) 
20: (138, 1) 
21: (138, 5) 
22: (138, 9) 
23: (138, 13) 
cfgBlkIdx: 165
trackReged: 1
outReged: 
0: 1
1: 1
2: 1
3: 1
4: 1
5: 1
6: 1
7: 1
8: 0
9: 0
10: 0
11: 0
12: 0
13: 0
14: 0
15: 0
16: 0
17: 0
18: 0
19: 0
20: 0
21: 0
22: 0
23: 0
out2ins: 
0, 2
0, 4
0, 7
0, 9
0, 10
1, 3
1, 5
1, 6
2, 0
2, 5
2, 6
2, 11
3, 1
3, 4
3, 7
3, 10
4, 0
4, 3
4, 6
4, 8
4, 11
5, 1
5, 2
5, 7
6, 1
6, 2
6, 4
6, 9
7, 0
7, 3
7, 5
7, 8
8, 4
8, 7
8, 10
9, 4
9, 7
9, 11
10, 5
10, 6
10, 10
11, 5
11, 6
11, 11
12, 0
12, 6
12, 8
12, 11
13, 0
13, 6
14, 1
14, 7
14, 8
14, 11
15, 1
15, 7
16, 0
16, 3
16, 8
17, 0
17, 3
17, 9
18, 1
18, 2
18, 8
19, 1
19, 2
19, 9
20, 2
20, 4
20, 9
20, 10
21, 2
21, 4
22, 3
22, 5
22, 9
22, 10
23, 3
23, 5
in2outs: 
0, 2
0, 4
0, 7
0, 12
0, 13
0, 16
0, 17
1, 3
1, 5
1, 6
1, 14
1, 15
1, 18
1, 19
2, 0
2, 5
2, 6
2, 18
2, 19
2, 20
2, 21
3, 1
3, 4
3, 7
3, 16
3, 17
3, 22
3, 23
4, 0
4, 3
4, 6
4, 8
4, 9
4, 20
4, 21
5, 1
5, 2
5, 7
5, 10
5, 11
5, 22
5, 23
6, 1
6, 2
6, 4
6, 10
6, 11
6, 12
6, 13
7, 0
7, 3
7, 5
7, 8
7, 9
7, 14
7, 15
8, 4
8, 7
8, 12
8, 14
8, 16
8, 18
9, 0
9, 6
9, 17
9, 19
9, 20
9, 22
10, 0
10, 3
10, 8
10, 10
10, 20
10, 22
11, 2
11, 4
11, 9
11, 11
11, 12
11, 14
=====================================
id: 166
type: GIB
name: GIB166
bitWidth: 0
numInputs: 12
numOutputs: 24
inputs: 
0: (165, 4)
1: (165, 5)
2: (162, 6)
3: (162, 7)
4: (184, 0)
5: (184, 1)
6: (170, 2)
7: (170, 3)
8: (163, 0)
9: (164, 0)
10: (168, 0)
11: (167, 0)
outputs: 
0: (165, 4) 
1: (165, 5) 
2: (162, 6) 
3: (162, 7) 
4: (184, 0) 
5: (184, 1) 
6: (170, 2) 
7: (170, 3) 
8: (163, 3) 
9: (163, 7) 
10: (163, 11) 
11: (163, 15) 
12: (164, 2) 
13: (164, 6) 
14: (164, 10) 
15: (164, 14) 
16: (168, 0) 
17: (168, 4) 
18: (168, 8) 
19: (168, 12) 
20: (167, 1) 
21: (167, 5) 
22: (167, 9) 
23: (167, 13) 
cfgBlkIdx: 166
trackReged: 0
outReged: 
0: 0
1: 0
2: 0
3: 0
4: 0
5: 0
6: 0
7: 0
8: 0
9: 0
10: 0
11: 0
12: 0
13: 0
14: 0
15: 0
16: 0
17: 0
18: 0
19: 0
20: 0
21: 0
22: 0
23: 0
out2ins: 
0, 2
0, 4
0, 7
0, 9
0, 10
1, 3
1, 5
1, 6
2, 0
2, 5
2, 6
2, 11
3, 1
3, 4
3, 7
3, 10
4, 0
4, 3
4, 6
4, 8
4, 11
5, 1
5, 2
5, 7
6, 1
6, 2
6, 4
6, 9
7, 0
7, 3
7, 5
7, 8
8, 4
8, 7
8, 10
9, 4
9, 7
9, 11
10, 5
10, 6
10, 10
11, 5
11, 6
11, 11
12, 0
12, 6
12, 8
12, 11
13, 0
13, 6
14, 1
14, 7
14, 8
14, 11
15, 1
15, 7
16, 0
16, 3
16, 8
17, 0
17, 3
17, 9
18, 1
18, 2
18, 8
19, 1
19, 2
19, 9
20, 2
20, 4
20, 9
20, 10
21, 2
21, 4
22, 3
22, 5
22, 9
22, 10
23, 3
23, 5
in2outs: 
0, 2
0, 4
0, 7
0, 12
0, 13
0, 16
0, 17
1, 3
1, 5
1, 6
1, 14
1, 15
1, 18
1, 19
2, 0
2, 5
2, 6
2, 18
2, 19
2, 20
2, 21
3, 1
3, 4
3, 7
3, 16
3, 17
3, 22
3, 23
4, 0
4, 3
4, 6
4, 8
4, 9
4, 20
4, 21
5, 1
5, 2
5, 7
5, 10
5, 11
5, 22
5, 23
6, 1
6, 2
6, 4
6, 10
6, 11
6, 12
6, 13
7, 0
7, 3
7, 5
7, 8
7, 9
7, 14
7, 15
8, 4
8, 7
8, 12
8, 14
8, 16
8, 18
9, 0
9, 6
9, 17
9, 19
9, 20
9, 22
10, 0
10, 3
10, 8
10, 10
10, 20
10, 22
11, 2
11, 4
11, 9
11, 11
11, 12
11, 14
=====================================
id: 167
type: GPE
name: GPE167
bitWidth: 0
numInputs: 16
numOutputs: 1
inputs: 
0: (165, 16)
1: (166, 20)
2: (169, 12)
3: (170, 8)
4: (165, 17)
5: (166, 21)
6: (169, 13)
7: (170, 9)
8: (165, 18)
9: (166, 22)
10: (169, 14)
11: (170, 10)
12: (165, 19)
13: (166, 23)
14: (169, 15)
15: (170, 11)
outputs: 
0: (165, 10) (166, 11) (169, 9) (170, 8) 
cfgBlkIdx: 167
operations: ACC, ADD, AND, ASHR, ASUB, BFACC16, BFADD16, BFEQ16, BFMUL16, BFOLE16, BFOLT16, BFSUB16, BFUNO16, DEINTLV2, DEINTLV3, DEINTLV4, FACC32, FADD32, FMUL32, FSUB32, INTLV2, INTLV3, INTLV4, ISEL, LSHR, MUL, OR, PASS, SEL, SHL, SLE, SLT, SUB, 
maxDelay: 10
numOperands: 4
operandInputs: 
0: 0 1 2 3 
1: 4 5 6 7 
2: 8 9 10 11 
3: 12 13 14 15 
cfgIdMap: Cycles, 12; InitVal, 9; Latency, 11; Repeats, 13; SkipFirst, 14; WI, 10; 
numRfReg: 0
=====================================
id: 168
type: GPE
name: GPE168
bitWidth: 0
numInputs: 16
numOutputs: 1
inputs: 
0: (166, 16)
1: (184, 10)
2: (170, 12)
3: (185, 6)
4: (166, 17)
5: (184, 11)
6: (170, 13)
7: (185, 7)
8: (166, 18)
9: (184, 12)
10: (170, 14)
11: (185, 8)
12: (166, 19)
13: (184, 13)
14: (170, 15)
15: (185, 9)
outputs: 
0: (166, 10) (170, 9) (184, 7) (185, 6) 
cfgBlkIdx: 168
operations: ACC, ADD, AND, ASHR, ASUB, BFACC16, BFADD16, BFEQ16, BFMUL16, BFOLE16, BFOLT16, BFSUB16, BFUNO16, DEINTLV2, DEINTLV3, DEINTLV4, FACC32, FADD32, FMUL32, FSUB32, INTLV2, INTLV3, INTLV4, ISEL, LSHR, MUL, OR, PASS, SEL, SHL, SLE, SLT, SUB, 
maxDelay: 10
numOperands: 4
operandInputs: 
0: 0 1 2 3 
1: 4 5 6 7 
2: 8 9 10 11 
3: 12 13 14 15 
cfgIdMap: Cycles, 12; InitVal, 9; Latency, 11; Repeats, 13; SkipFirst, 14; WI, 10; 
numRfReg: 0
=====================================
id: 169
type: GIB
name: GIB169
bitWidth: 0
numInputs: 12
numOutputs: 24
inputs: 
0: (140, 4)
1: (140, 5)
2: (165, 6)
3: (165, 7)
4: (170, 0)
5: (170, 1)
6: (173, 2)
7: (173, 3)
8: (138, 0)
9: (167, 0)
10: (171, 0)
11: (142, 0)
outputs: 
0: (140, 4) 
1: (140, 5) 
2: (165, 6) 
3: (165, 7) 
4: (170, 0) 
5: (170, 1) 
6: (173, 2) 
7: (173, 3) 
8: (138, 3) 
9: (138, 7) 
10: (138, 11) 
11: (138, 15) 
12: (167, 2) 
13: (167, 6) 
14: (167, 10) 
15: (167, 14) 
16: (171, 0) 
17: (171, 4) 
18: (171, 8) 
19: (171, 12) 
20: (142, 1) 
21: (142, 5) 
22: (142, 9) 
23: (142, 13) 
cfgBlkIdx: 169
trackReged: 0
outReged: 
0: 0
1: 0
2: 0
3: 0
4: 0
5: 0
6: 0
7: 0
8: 0
9: 0
10: 0
11: 0
12: 0
13: 0
14: 0
15: 0
16: 0
17: 0
18: 0
19: 0
20: 0
21: 0
22: 0
23: 0
out2ins: 
0, 2
0, 4
0, 7
0, 9
0, 10
1, 3
1, 5
1, 6
2, 0
2, 5
2, 6
2, 11
3, 1
3, 4
3, 7
3, 10
4, 0
4, 3
4, 6
4, 8
4, 11
5, 1
5, 2
5, 7
6, 1
6, 2
6, 4
6, 9
7, 0
7, 3
7, 5
7, 8
8, 4
8, 7
8, 10
9, 4
9, 7
9, 11
10, 5
10, 6
10, 10
11, 5
11, 6
11, 11
12, 0
12, 6
12, 8
12, 11
13, 0
13, 6
14, 1
14, 7
14, 8
14, 11
15, 1
15, 7
16, 0
16, 3
16, 8
17, 0
17, 3
17, 9
18, 1
18, 2
18, 8
19, 1
19, 2
19, 9
20, 2
20, 4
20, 9
20, 10
21, 2
21, 4
22, 3
22, 5
22, 9
22, 10
23, 3
23, 5
in2outs: 
0, 2
0, 4
0, 7
0, 12
0, 13
0, 16
0, 17
1, 3
1, 5
1, 6
1, 14
1, 15
1, 18
1, 19
2, 0
2, 5
2, 6
2, 18
2, 19
2, 20
2, 21
3, 1
3, 4
3, 7
3, 16
3, 17
3, 22
3, 23
4, 0
4, 3
4, 6
4, 8
4, 9
4, 20
4, 21
5, 1
5, 2
5, 7
5, 10
5, 11
5, 22
5, 23
6, 1
6, 2
6, 4
6, 10
6, 11
6, 12
6, 13
7, 0
7, 3
7, 5
7, 8
7, 9
7, 14
7, 15
8, 4
8, 7
8, 12
8, 14
8, 16
8, 18
9, 0
9, 6
9, 17
9, 19
9, 20
9, 22
10, 0
10, 3
10, 8
10, 10
10, 20
10, 22
11, 2
11, 4
11, 9
11, 11
11, 12
11, 14
=====================================
id: 170
type: GIB
name: GIB170
bitWidth: 0
numInputs: 12
numOutputs: 24
inputs: 
0: (169, 4)
1: (169, 5)
2: (166, 6)
3: (166, 7)
4: (185, 0)
5: (185, 1)
6: (174, 2)
7: (174, 3)
8: (167, 0)
9: (168, 0)
10: (172, 0)
11: (171, 0)
outputs: 
0: (169, 4) 
1: (169, 5) 
2: (166, 6) 
3: (166, 7) 
4: (185, 0) 
5: (185, 1) 
6: (174, 2) 
7: (174, 3) 
8: (167, 3) 
9: (167, 7) 
10: (167, 11) 
11: (167, 15) 
12: (168, 2) 
13: (168, 6) 
14: (168, 10) 
15: (168, 14) 
16: (172, 0) 
17: (172, 4) 
18: (172, 8) 
19: (172, 12) 
20: (171, 1) 
21: (171, 5) 
22: (171, 9) 
23: (171, 13) 
cfgBlkIdx: 170
trackReged: 1
outReged: 
0: 1
1: 1
2: 1
3: 1
4: 1
5: 1
6: 1
7: 1
8: 0
9: 0
10: 0
11: 0
12: 0
13: 0
14: 0
15: 0
16: 0
17: 0
18: 0
19: 0
20: 0
21: 0
22: 0
23: 0
out2ins: 
0, 2
0, 4
0, 7
0, 9
0, 10
1, 3
1, 5
1, 6
2, 0
2, 5
2, 6
2, 11
3, 1
3, 4
3, 7
3, 10
4, 0
4, 3
4, 6
4, 8
4, 11
5, 1
5, 2
5, 7
6, 1
6, 2
6, 4
6, 9
7, 0
7, 3
7, 5
7, 8
8, 4
8, 7
8, 10
9, 4
9, 7
9, 11
10, 5
10, 6
10, 10
11, 5
11, 6
11, 11
12, 0
12, 6
12, 8
12, 11
13, 0
13, 6
14, 1
14, 7
14, 8
14, 11
15, 1
15, 7
16, 0
16, 3
16, 8
17, 0
17, 3
17, 9
18, 1
18, 2
18, 8
19, 1
19, 2
19, 9
20, 2
20, 4
20, 9
20, 10
21, 2
21, 4
22, 3
22, 5
22, 9
22, 10
23, 3
23, 5
in2outs: 
0, 2
0, 4
0, 7
0, 12
0, 13
0, 16
0, 17
1, 3
1, 5
1, 6
1, 14
1, 15
1, 18
1, 19
2, 0
2, 5
2, 6
2, 18
2, 19
2, 20
2, 21
3, 1
3, 4
3, 7
3, 16
3, 17
3, 22
3, 23
4, 0
4, 3
4, 6
4, 8
4, 9
4, 20
4, 21
5, 1
5, 2
5, 7
5, 10
5, 11
5, 22
5, 23
6, 1
6, 2
6, 4
6, 10
6, 11
6, 12
6, 13
7, 0
7, 3
7, 5
7, 8
7, 9
7, 14
7, 15
8, 4
8, 7
8, 12
8, 14
8, 16
8, 18
9, 0
9, 6
9, 17
9, 19
9, 20
9, 22
10, 0
10, 3
10, 8
10, 10
10, 20
10, 22
11, 2
11, 4
11, 9
11, 11
11, 12
11, 14
=====================================
id: 171
type: GPE
name: GPE171
bitWidth: 0
numInputs: 16
numOutputs: 1
inputs: 
0: (169, 16)
1: (170, 20)
2: (173, 12)
3: (174, 8)
4: (169, 17)
5: (170, 21)
6: (173, 13)
7: (174, 9)
8: (169, 18)
9: (170, 22)
10: (173, 14)
11: (174, 10)
12: (169, 19)
13: (170, 23)
14: (173, 15)
15: (174, 11)
outputs: 
0: (169, 10) (170, 11) (173, 9) (174, 8) 
cfgBlkIdx: 171
operations: ACC, ADD, AND, ASHR, ASUB, BFACC16, BFADD16, BFEQ16, BFMUL16, BFOLE16, BFOLT16, BFSUB16, BFUNO16, DEINTLV2, DEINTLV3, DEINTLV4, FACC32, FADD32, FMUL32, FSUB32, INTLV2, INTLV3, INTLV4, ISEL, LSHR, MUL, OR, PASS, SEL, SHL, SLE, SLT, SUB, 
maxDelay: 10
numOperands: 4
operandInputs: 
0: 0 1 2 3 
1: 4 5 6 7 
2: 8 9 10 11 
3: 12 13 14 15 
cfgIdMap: Cycles, 12; InitVal, 9; Latency, 11; Repeats, 13; SkipFirst, 14; WI, 10; 
numRfReg: 0
=====================================
id: 172
type: GPE
name: GPE172
bitWidth: 0
numInputs: 16
numOutputs: 1
inputs: 
0: (170, 16)
1: (185, 10)
2: (174, 12)
3: (186, 6)
4: (170, 17)
5: (185, 11)
6: (174, 13)
7: (186, 7)
8: (170, 18)
9: (185, 12)
10: (174, 14)
11: (186, 8)
12: (170, 19)
13: (185, 13)
14: (174, 15)
15: (186, 9)
outputs: 
0: (170, 10) (174, 9) (185, 7) (186, 6) 
cfgBlkIdx: 172
operations: ACC, ADD, AND, ASHR, ASUB, BFACC16, BFADD16, BFEQ16, BFMUL16, BFOLE16, BFOLT16, BFSUB16, BFUNO16, DEINTLV2, DEINTLV3, DEINTLV4, FACC32, FADD32, FMUL32, FSUB32, INTLV2, INTLV3, INTLV4, ISEL, LSHR, MUL, OR, PASS, SEL, SHL, SLE, SLT, SUB, 
maxDelay: 10
numOperands: 4
operandInputs: 
0: 0 1 2 3 
1: 4 5 6 7 
2: 8 9 10 11 
3: 12 13 14 15 
cfgIdMap: Cycles, 12; InitVal, 9; Latency, 11; Repeats, 13; SkipFirst, 14; WI, 10; 
numRfReg: 0
=====================================
id: 173
type: GIB
name: GIB173
bitWidth: 0
numInputs: 12
numOutputs: 24
inputs: 
0: (144, 4)
1: (144, 5)
2: (169, 6)
3: (169, 7)
4: (174, 0)
5: (174, 1)
6: (177, 2)
7: (177, 3)
8: (142, 0)
9: (171, 0)
10: (175, 0)
11: (146, 0)
outputs: 
0: (144, 4) 
1: (144, 5) 
2: (169, 6) 
3: (169, 7) 
4: (174, 0) 
5: (174, 1) 
6: (177, 2) 
7: (177, 3) 
8: (142, 3) 
9: (142, 7) 
10: (142, 11) 
11: (142, 15) 
12: (171, 2) 
13: (171, 6) 
14: (171, 10) 
15: (171, 14) 
16: (175, 0) 
17: (175, 4) 
18: (175, 8) 
19: (175, 12) 
20: (146, 1) 
21: (146, 5) 
22: (146, 9) 
23: (146, 13) 
cfgBlkIdx: 173
trackReged: 1
outReged: 
0: 1
1: 1
2: 1
3: 1
4: 1
5: 1
6: 1
7: 1
8: 0
9: 0
10: 0
11: 0
12: 0
13: 0
14: 0
15: 0
16: 0
17: 0
18: 0
19: 0
20: 0
21: 0
22: 0
23: 0
out2ins: 
0, 2
0, 4
0, 7
0, 9
0, 10
1, 3
1, 5
1, 6
2, 0
2, 5
2, 6
2, 11
3, 1
3, 4
3, 7
3, 10
4, 0
4, 3
4, 6
4, 8
4, 11
5, 1
5, 2
5, 7
6, 1
6, 2
6, 4
6, 9
7, 0
7, 3
7, 5
7, 8
8, 4
8, 7
8, 10
9, 4
9, 7
9, 11
10, 5
10, 6
10, 10
11, 5
11, 6
11, 11
12, 0
12, 6
12, 8
12, 11
13, 0
13, 6
14, 1
14, 7
14, 8
14, 11
15, 1
15, 7
16, 0
16, 3
16, 8
17, 0
17, 3
17, 9
18, 1
18, 2
18, 8
19, 1
19, 2
19, 9
20, 2
20, 4
20, 9
20, 10
21, 2
21, 4
22, 3
22, 5
22, 9
22, 10
23, 3
23, 5
in2outs: 
0, 2
0, 4
0, 7
0, 12
0, 13
0, 16
0, 17
1, 3
1, 5
1, 6
1, 14
1, 15
1, 18
1, 19
2, 0
2, 5
2, 6
2, 18
2, 19
2, 20
2, 21
3, 1
3, 4
3, 7
3, 16
3, 17
3, 22
3, 23
4, 0
4, 3
4, 6
4, 8
4, 9
4, 20
4, 21
5, 1
5, 2
5, 7
5, 10
5, 11
5, 22
5, 23
6, 1
6, 2
6, 4
6, 10
6, 11
6, 12
6, 13
7, 0
7, 3
7, 5
7, 8
7, 9
7, 14
7, 15
8, 4
8, 7
8, 12
8, 14
8, 16
8, 18
9, 0
9, 6
9, 17
9, 19
9, 20
9, 22
10, 0
10, 3
10, 8
10, 10
10, 20
10, 22
11, 2
11, 4
11, 9
11, 11
11, 12
11, 14
=====================================
id: 174
type: GIB
name: GIB174
bitWidth: 0
numInputs: 12
numOutputs: 24
inputs: 
0: (173, 4)
1: (173, 5)
2: (170, 6)
3: (170, 7)
4: (186, 0)
5: (186, 1)
6: (178, 2)
7: (178, 3)
8: (171, 0)
9: (172, 0)
10: (176, 0)
11: (175, 0)
outputs: 
0: (173, 4) 
1: (173, 5) 
2: (170, 6) 
3: (170, 7) 
4: (186, 0) 
5: (186, 1) 
6: (178, 2) 
7: (178, 3) 
8: (171, 3) 
9: (171, 7) 
10: (171, 11) 
11: (171, 15) 
12: (172, 2) 
13: (172, 6) 
14: (172, 10) 
15: (172, 14) 
16: (176, 0) 
17: (176, 4) 
18: (176, 8) 
19: (176, 12) 
20: (175, 1) 
21: (175, 5) 
22: (175, 9) 
23: (175, 13) 
cfgBlkIdx: 174
trackReged: 0
outReged: 
0: 0
1: 0
2: 0
3: 0
4: 0
5: 0
6: 0
7: 0
8: 0
9: 0
10: 0
11: 0
12: 0
13: 0
14: 0
15: 0
16: 0
17: 0
18: 0
19: 0
20: 0
21: 0
22: 0
23: 0
out2ins: 
0, 2
0, 4
0, 7
0, 9
0, 10
1, 3
1, 5
1, 6
2, 0
2, 5
2, 6
2, 11
3, 1
3, 4
3, 7
3, 10
4, 0
4, 3
4, 6
4, 8
4, 11
5, 1
5, 2
5, 7
6, 1
6, 2
6, 4
6, 9
7, 0
7, 3
7, 5
7, 8
8, 4
8, 7
8, 10
9, 4
9, 7
9, 11
10, 5
10, 6
10, 10
11, 5
11, 6
11, 11
12, 0
12, 6
12, 8
12, 11
13, 0
13, 6
14, 1
14, 7
14, 8
14, 11
15, 1
15, 7
16, 0
16, 3
16, 8
17, 0
17, 3
17, 9
18, 1
18, 2
18, 8
19, 1
19, 2
19, 9
20, 2
20, 4
20, 9
20, 10
21, 2
21, 4
22, 3
22, 5
22, 9
22, 10
23, 3
23, 5
in2outs: 
0, 2
0, 4
0, 7
0, 12
0, 13
0, 16
0, 17
1, 3
1, 5
1, 6
1, 14
1, 15
1, 18
1, 19
2, 0
2, 5
2, 6
2, 18
2, 19
2, 20
2, 21
3, 1
3, 4
3, 7
3, 16
3, 17
3, 22
3, 23
4, 0
4, 3
4, 6
4, 8
4, 9
4, 20
4, 21
5, 1
5, 2
5, 7
5, 10
5, 11
5, 22
5, 23
6, 1
6, 2
6, 4
6, 10
6, 11
6, 12
6, 13
7, 0
7, 3
7, 5
7, 8
7, 9
7, 14
7, 15
8, 4
8, 7
8, 12
8, 14
8, 16
8, 18
9, 0
9, 6
9, 17
9, 19
9, 20
9, 22
10, 0
10, 3
10, 8
10, 10
10, 20
10, 22
11, 2
11, 4
11, 9
11, 11
11, 12
11, 14
=====================================
id: 175
type: GPE
name: GPE175
bitWidth: 0
numInputs: 16
numOutputs: 1
inputs: 
0: (173, 16)
1: (174, 20)
2: (177, 10)
3: (178, 6)
4: (173, 17)
5: (174, 21)
6: (177, 11)
7: (178, 7)
8: (173, 18)
9: (174, 22)
10: (177, 12)
11: (178, 8)
12: (173, 19)
13: (174, 23)
14: (177, 13)
15: (178, 9)
outputs: 
0: (173, 10) (174, 11) (177, 7) (178, 6) 
cfgBlkIdx: 175
operations: ACC, ADD, AND, ASHR, ASUB, BFACC16, BFADD16, BFEQ16, BFMUL16, BFOLE16, BFOLT16, BFSUB16, BFUNO16, DEINTLV2, DEINTLV3, DEINTLV4, FACC32, FADD32, FMUL32, FSUB32, INTLV2, INTLV3, INTLV4, ISEL, LSHR, MUL, OR, PASS, SEL, SHL, SLE, SLT, SUB, 
maxDelay: 10
numOperands: 4
operandInputs: 
0: 0 1 2 3 
1: 4 5 6 7 
2: 8 9 10 11 
3: 12 13 14 15 
cfgIdMap: Cycles, 12; InitVal, 9; Latency, 11; Repeats, 13; SkipFirst, 14; WI, 10; 
numRfReg: 0
=====================================
id: 176
type: GPE
name: GPE176
bitWidth: 0
numInputs: 16
numOutputs: 1
inputs: 
0: (174, 16)
1: (186, 10)
2: (178, 10)
3: (187, 4)
4: (174, 17)
5: (186, 11)
6: (178, 11)
7: (187, 5)
8: (174, 18)
9: (186, 12)
10: (178, 12)
11: (187, 6)
12: (174, 19)
13: (186, 13)
14: (178, 13)
15: (187, 7)
outputs: 
0: (174, 10) (178, 7) (186, 7) (187, 4) 
cfgBlkIdx: 176
operations: ACC, ADD, AND, ASHR, ASUB, BFACC16, BFADD16, BFEQ16, BFMUL16, BFOLE16, BFOLT16, BFSUB16, BFUNO16, DEINTLV2, DEINTLV3, DEINTLV4, FACC32, FADD32, FMUL32, FSUB32, INTLV2, INTLV3, INTLV4, ISEL, LSHR, MUL, OR, PASS, SEL, SHL, SLE, SLT, SUB, 
maxDelay: 10
numOperands: 4
operandInputs: 
0: 0 1 2 3 
1: 4 5 6 7 
2: 8 9 10 11 
3: 12 13 14 15 
cfgIdMap: Cycles, 12; InitVal, 9; Latency, 11; Repeats, 13; SkipFirst, 14; WI, 10; 
numRfReg: 0
=====================================
id: 177
type: GIB
name: GIB177
bitWidth: 0
numInputs: 10
numOutputs: 18
inputs: 
0: (148, 4)
1: (148, 5)
2: (173, 6)
3: (173, 7)
4: (178, 0)
5: (178, 1)
6: (146, 0)
7: (175, 0)
8: (179, 0)
9: (150, 0)
outputs: 
0: (148, 4) 
1: (148, 5) 
2: (173, 6) 
3: (173, 7) 
4: (178, 0) 
5: (178, 1) 
6: (146, 3) 
7: (146, 7) 
8: (146, 11) 
9: (146, 15) 
10: (175, 2) 
11: (175, 6) 
12: (175, 10) 
13: (175, 14) 
14: (179, 0) 
15: (179, 2) 
16: (150, 1) 
17: (150, 3) 
cfgBlkIdx: 177
trackReged: 0
outReged: 
0: 0
1: 0
2: 0
3: 0
4: 0
5: 0
6: 0
7: 0
8: 0
9: 0
10: 0
11: 0
12: 0
13: 0
14: 0
15: 0
16: 0
17: 0
out2ins: 
0, 2
0, 4
0, 7
0, 8
1, 3
1, 5
2, 0
2, 5
2, 9
3, 1
3, 4
3, 8
4, 0
4, 3
4, 6
4, 9
5, 1
5, 2
6, 4
6, 8
7, 4
7, 9
8, 5
8, 8
9, 5
9, 9
10, 0
10, 6
10, 9
11, 0
12, 1
12, 6
12, 9
13, 1
14, 0
14, 3
14, 6
14, 7
15, 1
15, 2
15, 6
15, 7
16, 2
16, 4
16, 7
16, 8
17, 3
17, 5
17, 7
17, 8
in2outs: 
0, 2
0, 4
0, 10
0, 11
0, 14
1, 3
1, 5
1, 12
1, 13
1, 15
2, 0
2, 5
2, 15
2, 16
3, 1
3, 4
3, 14
3, 17
4, 0
4, 3
4, 6
4, 7
4, 16
5, 1
5, 2
5, 8
5, 9
5, 17
6, 4
6, 10
6, 12
6, 14
6, 15
7, 0
7, 14
7, 15
7, 16
7, 17
8, 0
8, 3
8, 6
8, 8
8, 16
8, 17
9, 2
9, 4
9, 7
9, 9
9, 10
9, 12
=====================================
id: 178
type: GIB
name: GIB178
bitWidth: 0
numInputs: 10
numOutputs: 18
inputs: 
0: (177, 4)
1: (177, 5)
2: (174, 6)
3: (174, 7)
4: (187, 0)
5: (187, 1)
6: (175, 0)
7: (176, 0)
8: (180, 0)
9: (179, 0)
outputs: 
0: (177, 4) 
1: (177, 5) 
2: (174, 6) 
3: (174, 7) 
4: (187, 0) 
5: (187, 1) 
6: (175, 3) 
7: (175, 7) 
8: (175, 11) 
9: (175, 15) 
10: (176, 2) 
11: (176, 6) 
12: (176, 10) 
13: (176, 14) 
14: (180, 0) 
15: (180, 2) 
16: (179, 1) 
17: (179, 3) 
cfgBlkIdx: 178
trackReged: 1
outReged: 
0: 1
1: 1
2: 1
3: 1
4: 1
5: 1
6: 0
7: 0
8: 0
9: 0
10: 0
11: 0
12: 0
13: 0
14: 0
15: 0
16: 0
17: 0
out2ins: 
0, 2
0, 4
0, 7
0, 8
1, 3
1, 5
2, 0
2, 5
2, 9
3, 1
3, 4
3, 8
4, 0
4, 3
4, 6
4, 9
5, 1
5, 2
6, 4
6, 8
7, 4
7, 9
8, 5
8, 8
9, 5
9, 9
10, 0
10, 6
10, 9
11, 0
12, 1
12, 6
12, 9
13, 1
14, 0
14, 3
14, 6
14, 7
15, 1
15, 2
15, 6
15, 7
16, 2
16, 4
16, 7
16, 8
17, 3
17, 5
17, 7
17, 8
in2outs: 
0, 2
0, 4
0, 10
0, 11
0, 14
1, 3
1, 5
1, 12
1, 13
1, 15
2, 0
2, 5
2, 15
2, 16
3, 1
3, 4
3, 14
3, 17
4, 0
4, 3
4, 6
4, 7
4, 16
5, 1
5, 2
5, 8
5, 9
5, 17
6, 4
6, 10
6, 12
6, 14
6, 15
7, 0
7, 14
7, 15
7, 16
7, 17
8, 0
8, 3
8, 6
8, 8
8, 16
8, 17
9, 2
9, 4
9, 7
9, 9
9, 10
9, 12
=====================================
id: 179
type: IOB
name: IOB179
bitWidth: 0
numInputs: 4
numOutputs: 1
inputs: 
0: (177, 14)
1: (178, 16)
2: (177, 15)
3: (178, 17)
outputs: 
0: (177, 8) (178, 9) 
cfgBlkIdx: 179
operations: INPUT, LOAD, OUTPUT, STORE, 
maxDelay: 10
numOperands: 2
operandInputs: 
0: 0 1 
1: 2 3 
cfgIdMap: BaseAddr, 5; Cycles0, 7; Cycles1, 9; Cycles2, 11; Cycles3, 13; II, 14; IsStore, 16; Latency, 15; Stride0, 6; Stride1, 8; Stride2, 10; Stride3, 12; UseAddr, 17; 
index: 22
=====================================
id: 180
type: IOB
name: IOB180
bitWidth: 0
numInputs: 4
numOutputs: 1
inputs: 
0: (178, 14)
1: (187, 8)
2: (178, 15)
3: (187, 9)
outputs: 
0: (178, 8) (187, 5) 
cfgBlkIdx: 180
operations: INPUT, LOAD, OUTPUT, STORE, 
maxDelay: 10
numOperands: 2
operandInputs: 
0: 0 1 
1: 2 3 
cfgIdMap: BaseAddr, 5; Cycles0, 7; Cycles1, 9; Cycles2, 11; Cycles3, 13; II, 14; IsStore, 16; Latency, 15; Stride0, 6; Stride1, 8; Stride2, 10; Stride3, 12; UseAddr, 17; 
index: 23
=====================================
id: 181
type: GIB
name: GIB181
bitWidth: 0
numInputs: 6
numOutputs: 10
inputs: 
0: (154, 2)
1: (154, 3)
2: (182, 2)
3: (182, 3)
4: (152, 0)
5: (156, 0)
outputs: 
0: (154, 2) 
1: (154, 3) 
2: (182, 2) 
3: (182, 3) 
4: (152, 1) 
5: (152, 3) 
6: (156, 1) 
7: (156, 5) 
8: (156, 9) 
9: (156, 13) 
cfgBlkIdx: 181
trackReged: 0
outReged: 
0: 0
1: 0
2: 0
3: 0
4: 0
5: 0
6: 0
7: 0
8: 0
9: 0
out2ins: 
0, 3
1, 2
2, 1
3, 0
3, 4
4, 3
4, 5
5, 2
5, 5
in2outs: 
0, 3
1, 2
2, 1
2, 5
3, 0
3, 4
4, 3
5, 4
5, 5
=====================================
id: 182
type: GIB
name: GIB182
bitWidth: 0
numInputs: 8
numOutputs: 14
inputs: 
0: (158, 4)
1: (158, 5)
2: (181, 2)
3: (181, 3)
4: (183, 2)
5: (183, 3)
6: (156, 0)
7: (160, 0)
outputs: 
0: (158, 4) 
1: (158, 5) 
2: (181, 2) 
3: (181, 3) 
4: (183, 2) 
5: (183, 3) 
6: (156, 3) 
7: (156, 7) 
8: (156, 11) 
9: (156, 15) 
10: (160, 1) 
11: (160, 5) 
12: (160, 9) 
13: (160, 13) 
cfgBlkIdx: 182
trackReged: 1
outReged: 
0: 1
1: 1
2: 1
3: 1
4: 1
5: 1
6: 0
7: 0
8: 0
9: 0
10: 0
11: 0
12: 0
13: 0
out2ins: 
0, 2
0, 5
1, 3
1, 4
2, 0
2, 4
2, 7
3, 1
3, 5
4, 1
4, 2
5, 0
5, 3
5, 6
6, 5
7, 5
7, 7
8, 4
9, 4
9, 7
10, 2
11, 2
12, 3
13, 3
in2outs: 
0, 2
0, 5
1, 3
1, 4
2, 0
2, 4
2, 10
2, 11
3, 1
3, 5
3, 12
3, 13
4, 1
4, 2
4, 8
4, 9
5, 0
5, 3
5, 6
5, 7
6, 5
7, 2
7, 7
7, 9
=====================================
id: 183
type: GIB
name: GIB183
bitWidth: 0
numInputs: 8
numOutputs: 14
inputs: 
0: (162, 4)
1: (162, 5)
2: (182, 4)
3: (182, 5)
4: (184, 2)
5: (184, 3)
6: (160, 0)
7: (164, 0)
outputs: 
0: (162, 4) 
1: (162, 5) 
2: (182, 4) 
3: (182, 5) 
4: (184, 2) 
5: (184, 3) 
6: (160, 3) 
7: (160, 7) 
8: (160, 11) 
9: (160, 15) 
10: (164, 1) 
11: (164, 5) 
12: (164, 9) 
13: (164, 13) 
cfgBlkIdx: 183
trackReged: 0
outReged: 
0: 0
1: 0
2: 0
3: 0
4: 0
5: 0
6: 0
7: 0
8: 0
9: 0
10: 0
11: 0
12: 0
13: 0
out2ins: 
0, 2
0, 5
1, 3
1, 4
2, 0
2, 4
2, 7
3, 1
3, 5
4, 1
4, 2
5, 0
5, 3
5, 6
6, 5
7, 5
7, 7
8, 4
9, 4
9, 7
10, 2
11, 2
12, 3
13, 3
in2outs: 
0, 2
0, 5
1, 3
1, 4
2, 0
2, 4
2, 10
2, 11
3, 1
3, 5
3, 12
3, 13
4, 1
4, 2
4, 8
4, 9
5, 0
5, 3
5, 6
5, 7
6, 5
7, 2
7, 7
7, 9
=====================================
id: 184
type: GIB
name: GIB184
bitWidth: 0
numInputs: 8
numOutputs: 14
inputs: 
0: (166, 4)
1: (166, 5)
2: (183, 4)
3: (183, 5)
4: (185, 2)
5: (185, 3)
6: (164, 0)
7: (168, 0)
outputs: 
0: (166, 4) 
1: (166, 5) 
2: (183, 4) 
3: (183, 5) 
4: (185, 2) 
5: (185, 3) 
6: (164, 3) 
7: (164, 7) 
8: (164, 11) 
9: (164, 15) 
10: (168, 1) 
11: (168, 5) 
12: (168, 9) 
13: (168, 13) 
cfgBlkIdx: 184
trackReged: 1
outReged: 
0: 1
1: 1
2: 1
3: 1
4: 1
5: 1
6: 0
7: 0
8: 0
9: 0
10: 0
11: 0
12: 0
13: 0
out2ins: 
0, 2
0, 5
1, 3
1, 4
2, 0
2, 4
2, 7
3, 1
3, 5
4, 1
4, 2
5, 0
5, 3
5, 6
6, 5
7, 5
7, 7
8, 4
9, 4
9, 7
10, 2
11, 2
12, 3
13, 3
in2outs: 
0, 2
0, 5
1, 3
1, 4
2, 0
2, 4
2, 10
2, 11
3, 1
3, 5
3, 12
3, 13
4, 1
4, 2
4, 8
4, 9
5, 0
5, 3
5, 6
5, 7
6, 5
7, 2
7, 7
7, 9
=====================================
id: 185
type: GIB
name: GIB185
bitWidth: 0
numInputs: 8
numOutputs: 14
inputs: 
0: (170, 4)
1: (170, 5)
2: (184, 4)
3: (184, 5)
4: (186, 2)
5: (186, 3)
6: (168, 0)
7: (172, 0)
outputs: 
0: (170, 4) 
1: (170, 5) 
2: (184, 4) 
3: (184, 5) 
4: (186, 2) 
5: (186, 3) 
6: (168, 3) 
7: (168, 7) 
8: (168, 11) 
9: (168, 15) 
10: (172, 1) 
11: (172, 5) 
12: (172, 9) 
13: (172, 13) 
cfgBlkIdx: 185
trackReged: 0
outReged: 
0: 0
1: 0
2: 0
3: 0
4: 0
5: 0
6: 0
7: 0
8: 0
9: 0
10: 0
11: 0
12: 0
13: 0
out2ins: 
0, 2
0, 5
1, 3
1, 4
2, 0
2, 4
2, 7
3, 1
3, 5
4, 1
4, 2
5, 0
5, 3
5, 6
6, 5
7, 5
7, 7
8, 4
9, 4
9, 7
10, 2
11, 2
12, 3
13, 3
in2outs: 
0, 2
0, 5
1, 3
1, 4
2, 0
2, 4
2, 10
2, 11
3, 1
3, 5
3, 12
3, 13
4, 1
4, 2
4, 8
4, 9
5, 0
5, 3
5, 6
5, 7
6, 5
7, 2
7, 7
7, 9
=====================================
id: 186
type: GIB
name: GIB186
bitWidth: 0
numInputs: 8
numOutputs: 14
inputs: 
0: (174, 4)
1: (174, 5)
2: (185, 4)
3: (185, 5)
4: (187, 2)
5: (187, 3)
6: (172, 0)
7: (176, 0)
outputs: 
0: (174, 4) 
1: (174, 5) 
2: (185, 4) 
3: (185, 5) 
4: (187, 2) 
5: (187, 3) 
6: (172, 3) 
7: (172, 7) 
8: (172, 11) 
9: (172, 15) 
10: (176, 1) 
11: (176, 5) 
12: (176, 9) 
13: (176, 13) 
cfgBlkIdx: 186
trackReged: 1
outReged: 
0: 1
1: 1
2: 1
3: 1
4: 1
5: 1
6: 0
7: 0
8: 0
9: 0
10: 0
11: 0
12: 0
13: 0
out2ins: 
0, 2
0, 5
1, 3
1, 4
2, 0
2, 4
2, 7
3, 1
3, 5
4, 1
4, 2
5, 0
5, 3
5, 6
6, 5
7, 5
7, 7
8, 4
9, 4
9, 7
10, 2
11, 2
12, 3
13, 3
in2outs: 
0, 2
0, 5
1, 3
1, 4
2, 0
2, 4
2, 10
2, 11
3, 1
3, 5
3, 12
3, 13
4, 1
4, 2
4, 8
4, 9
5, 0
5, 3
5, 6
5, 7
6, 5
7, 2
7, 7
7, 9
=====================================
id: 187
type: GIB
name: GIB187
bitWidth: 0
numInputs: 6
numOutputs: 10
inputs: 
0: (178, 4)
1: (178, 5)
2: (186, 4)
3: (186, 5)
4: (176, 0)
5: (180, 0)
outputs: 
0: (178, 4) 
1: (178, 5) 
2: (186, 4) 
3: (186, 5) 
4: (176, 3) 
5: (176, 7) 
6: (176, 11) 
7: (176, 15) 
8: (180, 1) 
9: (180, 3) 
cfgBlkIdx: 187
trackReged: 0
outReged: 
0: 0
1: 0
2: 0
3: 0
4: 0
5: 0
6: 0
7: 0
8: 0
9: 0
out2ins: 
0, 2
1, 3
2, 0
2, 5
3, 1
5, 5
7, 5
8, 2
9, 3
in2outs: 
0, 2
1, 3
2, 0
2, 8
3, 1
3, 9
5, 2
5, 5
5, 7
affine.for %arg3 = 0 to 128 step 4 {
  affine.for %arg4 = 0 to 32 step 16 {
    affine.for %arg5 = 0 to 64 step 64 {
      %1 = ADORA.BlockLoad %arg0 [%arg4, %arg3] : memref<32x128xbf16> -> memref<4x4xbf16> , stride [4, 1] {Id = "0", KernelName = "GEMMIS", Pingpong}
      %2 = ADORA.BlockLoad %arg0 [%arg4 + 1, %arg3] : memref<32x128xbf16> -> memref<4x4xbf16> , stride [4, 1] {Id = "1", KernelName = "GEMMIS", Pingpong}
      %3 = ADORA.BlockLoad %arg0 [%arg4 + 2, %arg3] : memref<32x128xbf16> -> memref<4x4xbf16> , stride [4, 1] {Id = "2", KernelName = "GEMMIS", Pingpong}
      %4 = ADORA.BlockLoad %arg0 [%arg4 + 3, %arg3] : memref<32x128xbf16> -> memref<4x4xbf16> , stride [4, 1] {Id = "3", KernelName = "GEMMIS", Pingpong}
      %5 = ADORA.BlockLoad %arg1 [%arg3, %arg5] : memref<128x64xbf16> -> memref<1x64xbf16>  {Id = "4", KernelName = "GEMMIS", Pingpong}
      %6 = ADORA.BlockLoad %arg1 [%arg3 + 1, %arg5] : memref<128x64xbf16> -> memref<1x64xbf16>  {Id = "5", KernelName = "GEMMIS", Pingpong}
      %7 = ADORA.BlockLoad %arg1 [%arg3 + 2, %arg5] : memref<128x64xbf16> -> memref<1x64xbf16>  {Id = "6", KernelName = "GEMMIS", Pingpong}
      %8 = ADORA.BlockLoad %arg1 [%arg3 + 3, %arg5] : memref<128x64xbf16> -> memref<1x64xbf16>  {Id = "7", KernelName = "GEMMIS", Pingpong}
      %9 = ADORA.BlockLoad %alloc [%arg4, %arg5] : memref<32x64xbf16> -> memref<4x64xbf16> , stride [4, 1] {Id = "8", KernelName = "GEMMIS", Pingpong}
      %10 = ADORA.LocalMemAlloc memref<4x64xbf16>  {Id = "9", KernelName = "GEMMIS", Pingpong}
      %11 = ADORA.BlockLoad %alloc [%arg4 + 1, %arg5] : memref<32x64xbf16> -> memref<4x64xbf16> , stride [4, 1] {Id = "10", KernelName = "GEMMIS", Pingpong}
      %12 = ADORA.LocalMemAlloc memref<4x64xbf16>  {Id = "11", KernelName = "GEMMIS", Pingpong}
      %13 = ADORA.BlockLoad %alloc [%arg4 + 2, %arg5] : memref<32x64xbf16> -> memref<4x64xbf16> , stride [4, 1] {Id = "12", KernelName = "GEMMIS", Pingpong}
      %14 = ADORA.LocalMemAlloc memref<4x64xbf16>  {Id = "13", KernelName = "GEMMIS", Pingpong}
      %15 = ADORA.BlockLoad %alloc [%arg4 + 3, %arg5] : memref<32x64xbf16> -> memref<4x64xbf16> , stride [4, 1] {Id = "14", KernelName = "GEMMIS", Pingpong}
      %16 = ADORA.LocalMemAlloc memref<4x64xbf16>  {Id = "15", KernelName = "GEMMIS", Pingpong}
      ADORA.kernel {
        affine.for %arg6 = 0 to 4 {
          affine.for %arg7 = 0 to 64 {
            %17 = affine.vector_load %1[%arg6, 0] {Pingpong} : memref<4x4xbf16>, vector<4xbf16>
            %18:4 = ADORA.deinterleaver %17 : vector<4xbf16> -> (bf16, bf16, bf16, bf16)
            %19 = affine.vector_load %2[%arg6 + 1, 0] {Pingpong} : memref<4x4xbf16>, vector<4xbf16>
            %20:4 = ADORA.deinterleaver %19 : vector<4xbf16> -> (bf16, bf16, bf16, bf16)
            %21 = affine.vector_load %3[%arg6 + 2, 0] {Pingpong} : memref<4x4xbf16>, vector<4xbf16>
            %22:4 = ADORA.deinterleaver %21 : vector<4xbf16> -> (bf16, bf16, bf16, bf16)
            %23 = affine.vector_load %4[%arg6 + 3, 0] {Pingpong} : memref<4x4xbf16>, vector<4xbf16>
            %24:4 = ADORA.deinterleaver %23 : vector<4xbf16> -> (bf16, bf16, bf16, bf16)
            affine.for %arg8 = 0 to 64 {
              %25 = affine.load %5[0, %arg8] {Pingpong} : memref<1x64xbf16>
              %26 = arith.mulf %18#0, %25 : bf16
              %27 = affine.load %6[0, %arg8] {Pingpong} : memref<1x64xbf16>
              %28 = arith.mulf %18#1, %27 : bf16
              %29 = arith.addf %28, %26 : bf16
              %30 = affine.load %7[0, %arg8] {Pingpong} : memref<1x64xbf16>
              %31 = arith.mulf %18#2, %30 : bf16
              %32 = arith.addf %31, %29 : bf16
              %33 = affine.load %8[0, %arg8] {Pingpong} : memref<1x64xbf16>
              %34 = arith.mulf %18#3, %33 : bf16
              %35 = arith.addf %34, %32 : bf16
              %36 = affine.load %5[0, %arg8] {Pingpong} : memref<1x64xbf16>
              %37 = arith.mulf %20#0, %36 : bf16
              %38 = affine.load %6[0, %arg8] {Pingpong} : memref<1x64xbf16>
              %39 = arith.mulf %20#1, %38 : bf16
              %40 = arith.addf %39, %37 : bf16
              %41 = affine.load %7[0, %arg8] {Pingpong} : memref<1x64xbf16>
              %42 = arith.mulf %20#2, %41 : bf16
              %43 = arith.addf %42, %40 : bf16
              %44 = affine.load %8[0, %arg8] {Pingpong} : memref<1x64xbf16>
              %45 = arith.mulf %20#3, %44 : bf16
              %46 = arith.addf %45, %43 : bf16
              %47 = affine.load %5[0, %arg8] {Pingpong} : memref<1x64xbf16>
              %48 = arith.mulf %22#0, %47 : bf16
              %49 = affine.load %6[0, %arg8] {Pingpong} : memref<1x64xbf16>
              %50 = arith.mulf %22#1, %49 : bf16
              %51 = arith.addf %50, %48 : bf16
              %52 = affine.load %7[0, %arg8] {Pingpong} : memref<1x64xbf16>
              %53 = arith.mulf %22#2, %52 : bf16
              %54 = arith.addf %53, %51 : bf16
              %55 = affine.load %8[0, %arg8] {Pingpong} : memref<1x64xbf16>
              %56 = arith.mulf %22#3, %55 : bf16
              %57 = arith.addf %56, %54 : bf16
              %58 = affine.load %5[0, %arg8] {Pingpong} : memref<1x64xbf16>
              %59 = arith.mulf %24#0, %58 : bf16
              %60 = affine.load %6[0, %arg8] {Pingpong} : memref<1x64xbf16>
              %61 = arith.mulf %24#1, %60 : bf16
              %62 = arith.addf %61, %59 : bf16
              %63 = affine.load %7[0, %arg8] {Pingpong} : memref<1x64xbf16>
              %64 = arith.mulf %24#2, %63 : bf16
              %65 = arith.addf %64, %62 : bf16
              %66 = affine.load %8[0, %arg8] {Pingpong} : memref<1x64xbf16>
              %67 = arith.mulf %24#3, %66 : bf16
              %68 = arith.addf %67, %65 : bf16
              %69 = affine.load %9[%arg6, %arg8] {Pingpong} : memref<4x64xbf16>
              %70 = arith.addf %35, %69 : bf16
              affine.store %70, %10[%arg6, %arg8] {Pingpong} : memref<4x64xbf16>
              %71 = affine.load %11[%arg6, %arg8] {Pingpong} : memref<4x64xbf16>
              %72 = arith.addf %46, %71 : bf16
              affine.store %72, %12[%arg6, %arg8] {Pingpong} : memref<4x64xbf16>
              %73 = affine.load %13[%arg6, %arg8] {Pingpong} : memref<4x64xbf16>
              %74 = arith.addf %57, %73 : bf16
              affine.store %74, %14[%arg6, %arg8] {Pingpong} : memref<4x64xbf16>
              %75 = affine.load %15[%arg6, %arg8] {Pingpong} : memref<4x64xbf16>
              %76 = arith.addf %68, %75 : bf16
              affine.store %76, %16[%arg6, %arg8] {Pingpong} : memref<4x64xbf16>
            }
          }
        }
        ADORA.terminator
      } {KernelName = "GEMMIS"}
      ADORA.BlockStore %10, %alloc [%arg4, %arg5] : memref<4x64xbf16> -> memref<32x64xbf16> , stride [4, 1] {Id = "9", KernelName = "GEMMIS", Pingpong}
      ADORA.BlockStore %12, %alloc [%arg4 + 1, %arg5] : memref<4x64xbf16> -> memref<32x64xbf16> , stride [4, 1] {Id = "11", KernelName = "GEMMIS", Pingpong}
      ADORA.BlockStore %14, %alloc [%arg4 + 2, %arg5] : memref<4x64xbf16> -> memref<32x64xbf16> , stride [4, 1] {Id = "13", KernelName = "GEMMIS", Pingpong}
      ADORA.BlockStore %16, %alloc [%arg4 + 3, %arg5] : memref<4x64xbf16> -> memref<32x64xbf16> , stride [4, 1] {Id = "15", KernelName = "GEMMIS", Pingpong}
    }
  }
}
affine.for %arg8 = 0 to 64 {
  %25 = affine.load %5[0, %arg8] {Pingpong} : memref<1x64xbf16>
  %26 = arith.mulf %18#0, %25 : bf16
  %27 = affine.load %6[0, %arg8] {Pingpong} : memref<1x64xbf16>
  %28 = arith.mulf %18#1, %27 : bf16
  %29 = arith.addf %28, %26 : bf16
  %30 = affine.load %7[0, %arg8] {Pingpong} : memref<1x64xbf16>
  %31 = arith.mulf %18#2, %30 : bf16
  %32 = arith.addf %31, %29 : bf16
  %33 = affine.load %8[0, %arg8] {Pingpong} : memref<1x64xbf16>
  %34 = arith.mulf %18#3, %33 : bf16
  %35 = arith.addf %34, %32 : bf16
  %36 = affine.load %5[0, %arg8] {Pingpong} : memref<1x64xbf16>
  %37 = arith.mulf %20#0, %36 : bf16
  %38 = affine.load %6[0, %arg8] {Pingpong} : memref<1x64xbf16>
  %39 = arith.mulf %20#1, %38 : bf16
  %40 = arith.addf %39, %37 : bf16
  %41 = affine.load %7[0, %arg8] {Pingpong} : memref<1x64xbf16>
  %42 = arith.mulf %20#2, %41 : bf16
  %43 = arith.addf %42, %40 : bf16
  %44 = affine.load %8[0, %arg8] {Pingpong} : memref<1x64xbf16>
  %45 = arith.mulf %20#3, %44 : bf16
  %46 = arith.addf %45, %43 : bf16
  %47 = affine.load %5[0, %arg8] {Pingpong} : memref<1x64xbf16>
  %48 = arith.mulf %22#0, %47 : bf16
  %49 = affine.load %6[0, %arg8] {Pingpong} : memref<1x64xbf16>
  %50 = arith.mulf %22#1, %49 : bf16
  %51 = arith.addf %50, %48 : bf16
  %52 = affine.load %7[0, %arg8] {Pingpong} : memref<1x64xbf16>
  %53 = arith.mulf %22#2, %52 : bf16
  %54 = arith.addf %53, %51 : bf16
  %55 = affine.load %8[0, %arg8] {Pingpong} : memref<1x64xbf16>
  %56 = arith.mulf %22#3, %55 : bf16
  %57 = arith.addf %56, %54 : bf16
  %58 = affine.load %5[0, %arg8] {Pingpong} : memref<1x64xbf16>
  %59 = arith.mulf %24#0, %58 : bf16
  %60 = affine.load %6[0, %arg8] {Pingpong} : memref<1x64xbf16>
  %61 = arith.mulf %24#1, %60 : bf16
  %62 = arith.addf %61, %59 : bf16
  %63 = affine.load %7[0, %arg8] {Pingpong} : memref<1x64xbf16>
  %64 = arith.mulf %24#2, %63 : bf16
  %65 = arith.addf %64, %62 : bf16
  %66 = affine.load %8[0, %arg8] {Pingpong} : memref<1x64xbf16>
  %67 = arith.mulf %24#3, %66 : bf16
  %68 = arith.addf %67, %65 : bf16
  %69 = affine.load %9[%arg6, %arg8] {Pingpong} : memref<4x64xbf16>
  %70 = arith.addf %35, %69 : bf16
  affine.store %70, %10[%arg6, %arg8] {Pingpong} : memref<4x64xbf16>
  %71 = affine.load %11[%arg6, %arg8] {Pingpong} : memref<4x64xbf16>
  %72 = arith.addf %46, %71 : bf16
  affine.store %72, %12[%arg6, %arg8] {Pingpong} : memref<4x64xbf16>
  %73 = affine.load %13[%arg6, %arg8] {Pingpong} : memref<4x64xbf16>
  %74 = arith.addf %57, %73 : bf16
  affine.store %74, %14[%arg6, %arg8] {Pingpong} : memref<4x64xbf16>
  %75 = affine.load %15[%arg6, %arg8] {Pingpong} : memref<4x64xbf16>
  %76 = arith.addf %68, %75 : bf16
  affine.store %76, %16[%arg6, %arg8] {Pingpong} : memref<4x64xbf16>
}
affine.for %arg7 = 0 to 64 {
  %17 = affine.vector_load %1[%arg6, 0] {Pingpong} : memref<4x4xbf16>, vector<4xbf16>
  %18:4 = ADORA.deinterleaver %17 : vector<4xbf16> -> (bf16, bf16, bf16, bf16)
  %19 = affine.vector_load %2[%arg6 + 1, 0] {Pingpong} : memref<4x4xbf16>, vector<4xbf16>
  %20:4 = ADORA.deinterleaver %19 : vector<4xbf16> -> (bf16, bf16, bf16, bf16)
  %21 = affine.vector_load %3[%arg6 + 2, 0] {Pingpong} : memref<4x4xbf16>, vector<4xbf16>
  %22:4 = ADORA.deinterleaver %21 : vector<4xbf16> -> (bf16, bf16, bf16, bf16)
  %23 = affine.vector_load %4[%arg6 + 3, 0] {Pingpong} : memref<4x4xbf16>, vector<4xbf16>
  %24:4 = ADORA.deinterleaver %23 : vector<4xbf16> -> (bf16, bf16, bf16, bf16)
  affine.for %arg8 = 0 to 64 {
    %25 = affine.load %5[0, %arg8] {Pingpong} : memref<1x64xbf16>
    %26 = arith.mulf %18#0, %25 : bf16
    %27 = affine.load %6[0, %arg8] {Pingpong} : memref<1x64xbf16>
    %28 = arith.mulf %18#1, %27 : bf16
    %29 = arith.addf %28, %26 : bf16
    %30 = affine.load %7[0, %arg8] {Pingpong} : memref<1x64xbf16>
    %31 = arith.mulf %18#2, %30 : bf16
    %32 = arith.addf %31, %29 : bf16
    %33 = affine.load %8[0, %arg8] {Pingpong} : memref<1x64xbf16>
    %34 = arith.mulf %18#3, %33 : bf16
    %35 = arith.addf %34, %32 : bf16
    %36 = affine.load %5[0, %arg8] {Pingpong} : memref<1x64xbf16>
    %37 = arith.mulf %20#0, %36 : bf16
    %38 = affine.load %6[0, %arg8] {Pingpong} : memref<1x64xbf16>
    %39 = arith.mulf %20#1, %38 : bf16
    %40 = arith.addf %39, %37 : bf16
    %41 = affine.load %7[0, %arg8] {Pingpong} : memref<1x64xbf16>
    %42 = arith.mulf %20#2, %41 : bf16
    %43 = arith.addf %42, %40 : bf16
    %44 = affine.load %8[0, %arg8] {Pingpong} : memref<1x64xbf16>
    %45 = arith.mulf %20#3, %44 : bf16
    %46 = arith.addf %45, %43 : bf16
    %47 = affine.load %5[0, %arg8] {Pingpong} : memref<1x64xbf16>
    %48 = arith.mulf %22#0, %47 : bf16
    %49 = affine.load %6[0, %arg8] {Pingpong} : memref<1x64xbf16>
    %50 = arith.mulf %22#1, %49 : bf16
    %51 = arith.addf %50, %48 : bf16
    %52 = affine.load %7[0, %arg8] {Pingpong} : memref<1x64xbf16>
    %53 = arith.mulf %22#2, %52 : bf16
    %54 = arith.addf %53, %51 : bf16
    %55 = affine.load %8[0, %arg8] {Pingpong} : memref<1x64xbf16>
    %56 = arith.mulf %22#3, %55 : bf16
    %57 = arith.addf %56, %54 : bf16
    %58 = affine.load %5[0, %arg8] {Pingpong} : memref<1x64xbf16>
    %59 = arith.mulf %24#0, %58 : bf16
    %60 = affine.load %6[0, %arg8] {Pingpong} : memref<1x64xbf16>
    %61 = arith.mulf %24#1, %60 : bf16
    %62 = arith.addf %61, %59 : bf16
    %63 = affine.load %7[0, %arg8] {Pingpong} : memref<1x64xbf16>
    %64 = arith.mulf %24#2, %63 : bf16
    %65 = arith.addf %64, %62 : bf16
    %66 = affine.load %8[0, %arg8] {Pingpong} : memref<1x64xbf16>
    %67 = arith.mulf %24#3, %66 : bf16
    %68 = arith.addf %67, %65 : bf16
    %69 = affine.load %9[%arg6, %arg8] {Pingpong} : memref<4x64xbf16>
    %70 = arith.addf %35, %69 : bf16
    affine.store %70, %10[%arg6, %arg8] {Pingpong} : memref<4x64xbf16>
    %71 = affine.load %11[%arg6, %arg8] {Pingpong} : memref<4x64xbf16>
    %72 = arith.addf %46, %71 : bf16
    affine.store %72, %12[%arg6, %arg8] {Pingpong} : memref<4x64xbf16>
    %73 = affine.load %13[%arg6, %arg8] {Pingpong} : memref<4x64xbf16>
    %74 = arith.addf %57, %73 : bf16
    affine.store %74, %14[%arg6, %arg8] {Pingpong} : memref<4x64xbf16>
    %75 = affine.load %15[%arg6, %arg8] {Pingpong} : memref<4x64xbf16>
    %76 = arith.addf %68, %75 : bf16
    affine.store %76, %16[%arg6, %arg8] {Pingpong} : memref<4x64xbf16>
  }
}
affine.for %arg6 = 0 to 4 {
  affine.for %arg7 = 0 to 64 {
    %17 = affine.vector_load %1[%arg6, 0] {Pingpong} : memref<4x4xbf16>, vector<4xbf16>
    %18:4 = ADORA.deinterleaver %17 : vector<4xbf16> -> (bf16, bf16, bf16, bf16)
    %19 = affine.vector_load %2[%arg6 + 1, 0] {Pingpong} : memref<4x4xbf16>, vector<4xbf16>
    %20:4 = ADORA.deinterleaver %19 : vector<4xbf16> -> (bf16, bf16, bf16, bf16)
    %21 = affine.vector_load %3[%arg6 + 2, 0] {Pingpong} : memref<4x4xbf16>, vector<4xbf16>
    %22:4 = ADORA.deinterleaver %21 : vector<4xbf16> -> (bf16, bf16, bf16, bf16)
    %23 = affine.vector_load %4[%arg6 + 3, 0] {Pingpong} : memref<4x4xbf16>, vector<4xbf16>
    %24:4 = ADORA.deinterleaver %23 : vector<4xbf16> -> (bf16, bf16, bf16, bf16)
    affine.for %arg8 = 0 to 64 {
      %25 = affine.load %5[0, %arg8] {Pingpong} : memref<1x64xbf16>
      %26 = arith.mulf %18#0, %25 : bf16
      %27 = affine.load %6[0, %arg8] {Pingpong} : memref<1x64xbf16>
      %28 = arith.mulf %18#1, %27 : bf16
      %29 = arith.addf %28, %26 : bf16
      %30 = affine.load %7[0, %arg8] {Pingpong} : memref<1x64xbf16>
      %31 = arith.mulf %18#2, %30 : bf16
      %32 = arith.addf %31, %29 : bf16
      %33 = affine.load %8[0, %arg8] {Pingpong} : memref<1x64xbf16>
      %34 = arith.mulf %18#3, %33 : bf16
      %35 = arith.addf %34, %32 : bf16
      %36 = affine.load %5[0, %arg8] {Pingpong} : memref<1x64xbf16>
      %37 = arith.mulf %20#0, %36 : bf16
      %38 = affine.load %6[0, %arg8] {Pingpong} : memref<1x64xbf16>
      %39 = arith.mulf %20#1, %38 : bf16
      %40 = arith.addf %39, %37 : bf16
      %41 = affine.load %7[0, %arg8] {Pingpong} : memref<1x64xbf16>
      %42 = arith.mulf %20#2, %41 : bf16
      %43 = arith.addf %42, %40 : bf16
      %44 = affine.load %8[0, %arg8] {Pingpong} : memref<1x64xbf16>
      %45 = arith.mulf %20#3, %44 : bf16
      %46 = arith.addf %45, %43 : bf16
      %47 = affine.load %5[0, %arg8] {Pingpong} : memref<1x64xbf16>
      %48 = arith.mulf %22#0, %47 : bf16
      %49 = affine.load %6[0, %arg8] {Pingpong} : memref<1x64xbf16>
      %50 = arith.mulf %22#1, %49 : bf16
      %51 = arith.addf %50, %48 : bf16
      %52 = affine.load %7[0, %arg8] {Pingpong} : memref<1x64xbf16>
      %53 = arith.mulf %22#2, %52 : bf16
      %54 = arith.addf %53, %51 : bf16
      %55 = affine.load %8[0, %arg8] {Pingpong} : memref<1x64xbf16>
      %56 = arith.mulf %22#3, %55 : bf16
      %57 = arith.addf %56, %54 : bf16
      %58 = affine.load %5[0, %arg8] {Pingpong} : memref<1x64xbf16>
      %59 = arith.mulf %24#0, %58 : bf16
      %60 = affine.load %6[0, %arg8] {Pingpong} : memref<1x64xbf16>
      %61 = arith.mulf %24#1, %60 : bf16
      %62 = arith.addf %61, %59 : bf16
      %63 = affine.load %7[0, %arg8] {Pingpong} : memref<1x64xbf16>
      %64 = arith.mulf %24#2, %63 : bf16
      %65 = arith.addf %64, %62 : bf16
      %66 = affine.load %8[0, %arg8] {Pingpong} : memref<1x64xbf16>
      %67 = arith.mulf %24#3, %66 : bf16
      %68 = arith.addf %67, %65 : bf16
      %69 = affine.load %9[%arg6, %arg8] {Pingpong} : memref<4x64xbf16>
      %70 = arith.addf %35, %69 : bf16
      affine.store %70, %10[%arg6, %arg8] {Pingpong} : memref<4x64xbf16>
      %71 = affine.load %11[%arg6, %arg8] {Pingpong} : memref<4x64xbf16>
      %72 = arith.addf %46, %71 : bf16
      affine.store %72, %12[%arg6, %arg8] {Pingpong} : memref<4x64xbf16>
      %73 = affine.load %13[%arg6, %arg8] {Pingpong} : memref<4x64xbf16>
      %74 = arith.addf %57, %73 : bf16
      affine.store %74, %14[%arg6, %arg8] {Pingpong} : memref<4x64xbf16>
      %75 = affine.load %15[%arg6, %arg8] {Pingpong} : memref<4x64xbf16>
      %76 = arith.addf %68, %75 : bf16
      affine.store %76, %16[%arg6, %arg8] {Pingpong} : memref<4x64xbf16>
    }
  }
}
affine.for %arg6 = 0 to 4 {
  affine.for %arg7 = 0 to 64 {
    %17 = affine.vector_load %1[%arg6, 0] {Pingpong} : memref<4x4xbf16>, vector<4xbf16>
    %18:4 = ADORA.deinterleaver %17 : vector<4xbf16> -> (bf16, bf16, bf16, bf16)
    %19 = affine.vector_load %2[%arg6 + 1, 0] {Pingpong} : memref<4x4xbf16>, vector<4xbf16>
    %20:4 = ADORA.deinterleaver %19 : vector<4xbf16> -> (bf16, bf16, bf16, bf16)
    %21 = affine.vector_load %3[%arg6 + 2, 0] {Pingpong} : memref<4x4xbf16>, vector<4xbf16>
    %22:4 = ADORA.deinterleaver %21 : vector<4xbf16> -> (bf16, bf16, bf16, bf16)
    %23 = affine.vector_load %4[%arg6 + 3, 0] {Pingpong} : memref<4x4xbf16>, vector<4xbf16>
    %24:4 = ADORA.deinterleaver %23 : vector<4xbf16> -> (bf16, bf16, bf16, bf16)
    affine.for %arg8 = 0 to 64 {
      %25 = affine.load %5[0, %arg8] {Pingpong} : memref<1x64xbf16>
      %26 = arith.mulf %18#0, %25 : bf16
      %27 = affine.load %6[0, %arg8] {Pingpong} : memref<1x64xbf16>
      %28 = arith.mulf %18#1, %27 : bf16
      %29 = arith.addf %28, %26 : bf16
      %30 = affine.load %7[0, %arg8] {Pingpong} : memref<1x64xbf16>
      %31 = arith.mulf %18#2, %30 : bf16
      %32 = arith.addf %31, %29 : bf16
      %33 = affine.load %8[0, %arg8] {Pingpong} : memref<1x64xbf16>
      %34 = arith.mulf %18#3, %33 : bf16
      %35 = arith.addf %34, %32 : bf16
      %36 = affine.load %5[0, %arg8] {Pingpong} : memref<1x64xbf16>
      %37 = arith.mulf %20#0, %36 : bf16
      %38 = affine.load %6[0, %arg8] {Pingpong} : memref<1x64xbf16>
      %39 = arith.mulf %20#1, %38 : bf16
      %40 = arith.addf %39, %37 : bf16
      %41 = affine.load %7[0, %arg8] {Pingpong} : memref<1x64xbf16>
      %42 = arith.mulf %20#2, %41 : bf16
      %43 = arith.addf %42, %40 : bf16
      %44 = affine.load %8[0, %arg8] {Pingpong} : memref<1x64xbf16>
      %45 = arith.mulf %20#3, %44 : bf16
      %46 = arith.addf %45, %43 : bf16
      %47 = affine.load %5[0, %arg8] {Pingpong} : memref<1x64xbf16>
      %48 = arith.mulf %22#0, %47 : bf16
      %49 = affine.load %6[0, %arg8] {Pingpong} : memref<1x64xbf16>
      %50 = arith.mulf %22#1, %49 : bf16
      %51 = arith.addf %50, %48 : bf16
      %52 = affine.load %7[0, %arg8] {Pingpong} : memref<1x64xbf16>
      %53 = arith.mulf %22#2, %52 : bf16
      %54 = arith.addf %53, %51 : bf16
      %55 = affine.load %8[0, %arg8] {Pingpong} : memref<1x64xbf16>
      %56 = arith.mulf %22#3, %55 : bf16
      %57 = arith.addf %56, %54 : bf16
      %58 = affine.load %5[0, %arg8] {Pingpong} : memref<1x64xbf16>
      %59 = arith.mulf %24#0, %58 : bf16
      %60 = affine.load %6[0, %arg8] {Pingpong} : memref<1x64xbf16>
      %61 = arith.mulf %24#1, %60 : bf16
      %62 = arith.addf %61, %59 : bf16
      %63 = affine.load %7[0, %arg8] {Pingpong} : memref<1x64xbf16>
      %64 = arith.mulf %24#2, %63 : bf16
      %65 = arith.addf %64, %62 : bf16
      %66 = affine.load %8[0, %arg8] {Pingpong} : memref<1x64xbf16>
      %67 = arith.mulf %24#3, %66 : bf16
      %68 = arith.addf %67, %65 : bf16
      %69 = affine.load %9[%arg6, %arg8] {Pingpong} : memref<4x64xbf16>
      %70 = arith.addf %35, %69 : bf16
      affine.store %70, %10[%arg6, %arg8] {Pingpong} : memref<4x64xbf16>
      %71 = affine.load %11[%arg6, %arg8] {Pingpong} : memref<4x64xbf16>
      %72 = arith.addf %46, %71 : bf16
      affine.store %72, %12[%arg6, %arg8] {Pingpong} : memref<4x64xbf16>
      %73 = affine.load %13[%arg6, %arg8] {Pingpong} : memref<4x64xbf16>
      %74 = arith.addf %57, %73 : bf16
      affine.store %74, %14[%arg6, %arg8] {Pingpong} : memref<4x64xbf16>
      %75 = affine.load %15[%arg6, %arg8] {Pingpong} : memref<4x64xbf16>
      %76 = arith.addf %68, %75 : bf16
      affine.store %76, %16[%arg6, %arg8] {Pingpong} : memref<4x64xbf16>
    }
  }
}
  2: imperfect, innermost
 1: perfect
0: outermost
affine.for %arg8 = 0 to 64 {
  %25 = affine.load %5[0, %arg8] {Pingpong} : memref<1x64xbf16>
  %26 = arith.mulf %18#0, %25 : bf16
  %27 = affine.load %6[0, %arg8] {Pingpong} : memref<1x64xbf16>
  %28 = arith.mulf %18#1, %27 : bf16
  %29 = arith.addf %28, %26 : bf16
  %30 = affine.load %7[0, %arg8] {Pingpong} : memref<1x64xbf16>
  %31 = arith.mulf %18#2, %30 : bf16
  %32 = arith.addf %31, %29 : bf16
  %33 = affine.load %8[0, %arg8] {Pingpong} : memref<1x64xbf16>
  %34 = arith.mulf %18#3, %33 : bf16
  %35 = arith.addf %34, %32 : bf16
  %36 = affine.load %5[0, %arg8] {Pingpong} : memref<1x64xbf16>
  %37 = arith.mulf %20#0, %36 : bf16
  %38 = affine.load %6[0, %arg8] {Pingpong} : memref<1x64xbf16>
  %39 = arith.mulf %20#1, %38 : bf16
  %40 = arith.addf %39, %37 : bf16
  %41 = affine.load %7[0, %arg8] {Pingpong} : memref<1x64xbf16>
  %42 = arith.mulf %20#2, %41 : bf16
  %43 = arith.addf %42, %40 : bf16
  %44 = affine.load %8[0, %arg8] {Pingpong} : memref<1x64xbf16>
  %45 = arith.mulf %20#3, %44 : bf16
  %46 = arith.addf %45, %43 : bf16
  %47 = affine.load %5[0, %arg8] {Pingpong} : memref<1x64xbf16>
  %48 = arith.mulf %22#0, %47 : bf16
  %49 = affine.load %6[0, %arg8] {Pingpong} : memref<1x64xbf16>
  %50 = arith.mulf %22#1, %49 : bf16
  %51 = arith.addf %50, %48 : bf16
  %52 = affine.load %7[0, %arg8] {Pingpong} : memref<1x64xbf16>
  %53 = arith.mulf %22#2, %52 : bf16
  %54 = arith.addf %53, %51 : bf16
  %55 = affine.load %8[0, %arg8] {Pingpong} : memref<1x64xbf16>
  %56 = arith.mulf %22#3, %55 : bf16
  %57 = arith.addf %56, %54 : bf16
  %58 = affine.load %5[0, %arg8] {Pingpong} : memref<1x64xbf16>
  %59 = arith.mulf %24#0, %58 : bf16
  %60 = affine.load %6[0, %arg8] {Pingpong} : memref<1x64xbf16>
  %61 = arith.mulf %24#1, %60 : bf16
  %62 = arith.addf %61, %59 : bf16
  %63 = affine.load %7[0, %arg8] {Pingpong} : memref<1x64xbf16>
  %64 = arith.mulf %24#2, %63 : bf16
  %65 = arith.addf %64, %62 : bf16
  %66 = affine.load %8[0, %arg8] {Pingpong} : memref<1x64xbf16>
  %67 = arith.mulf %24#3, %66 : bf16
  %68 = arith.addf %67, %65 : bf16
  %69 = affine.load %9[%arg6, %arg8] {Pingpong} : memref<4x64xbf16>
  %70 = arith.addf %35, %69 : bf16
  affine.store %70, %10[%arg6, %arg8] {Pingpong} : memref<4x64xbf16>
  %71 = affine.load %11[%arg6, %arg8] {Pingpong} : memref<4x64xbf16>
  %72 = arith.addf %46, %71 : bf16
  affine.store %72, %12[%arg6, %arg8] {Pingpong} : memref<4x64xbf16>
  %73 = affine.load %13[%arg6, %arg8] {Pingpong} : memref<4x64xbf16>
  %74 = arith.addf %57, %73 : bf16
  affine.store %74, %14[%arg6, %arg8] {Pingpong} : memref<4x64xbf16>
  %75 = affine.load %15[%arg6, %arg8] {Pingpong} : memref<4x64xbf16>
  %76 = arith.addf %68, %75 : bf16
  affine.store %76, %16[%arg6, %arg8] {Pingpong} : memref<4x64xbf16>
}
affine.for %arg7 = 0 to 64 {
  %17 = affine.vector_load %1[%arg6, 0] {Pingpong} : memref<4x4xbf16>, vector<4xbf16>
  %18:4 = ADORA.deinterleaver %17 : vector<4xbf16> -> (bf16, bf16, bf16, bf16)
  %19 = affine.vector_load %2[%arg6 + 1, 0] {Pingpong} : memref<4x4xbf16>, vector<4xbf16>
  %20:4 = ADORA.deinterleaver %19 : vector<4xbf16> -> (bf16, bf16, bf16, bf16)
  %21 = affine.vector_load %3[%arg6 + 2, 0] {Pingpong} : memref<4x4xbf16>, vector<4xbf16>
  %22:4 = ADORA.deinterleaver %21 : vector<4xbf16> -> (bf16, bf16, bf16, bf16)
  %23 = affine.vector_load %4[%arg6 + 3, 0] {Pingpong} : memref<4x4xbf16>, vector<4xbf16>
  %24:4 = ADORA.deinterleaver %23 : vector<4xbf16> -> (bf16, bf16, bf16, bf16)
  affine.for %arg8 = 0 to 64 {
    %25 = affine.load %5[0, %arg8] {Pingpong} : memref<1x64xbf16>
    %26 = arith.mulf %18#0, %25 : bf16
    %27 = affine.load %6[0, %arg8] {Pingpong} : memref<1x64xbf16>
    %28 = arith.mulf %18#1, %27 : bf16
    %29 = arith.addf %28, %26 : bf16
    %30 = affine.load %7[0, %arg8] {Pingpong} : memref<1x64xbf16>
    %31 = arith.mulf %18#2, %30 : bf16
    %32 = arith.addf %31, %29 : bf16
    %33 = affine.load %8[0, %arg8] {Pingpong} : memref<1x64xbf16>
    %34 = arith.mulf %18#3, %33 : bf16
    %35 = arith.addf %34, %32 : bf16
    %36 = arith.mulf %20#0, %25 : bf16
    %37 = arith.mulf %20#1, %27 : bf16
    %38 = arith.addf %37, %36 : bf16
    %39 = arith.mulf %20#2, %30 : bf16
    %40 = arith.addf %39, %38 : bf16
    %41 = arith.mulf %20#3, %33 : bf16
    %42 = arith.addf %41, %40 : bf16
    %43 = arith.mulf %22#0, %25 : bf16
    %44 = arith.mulf %22#1, %27 : bf16
    %45 = arith.addf %44, %43 : bf16
    %46 = arith.mulf %22#2, %30 : bf16
    %47 = arith.addf %46, %45 : bf16
    %48 = arith.mulf %22#3, %33 : bf16
    %49 = arith.addf %48, %47 : bf16
    %50 = arith.mulf %24#0, %25 : bf16
    %51 = arith.mulf %24#1, %27 : bf16
    %52 = arith.addf %51, %50 : bf16
    %53 = arith.mulf %24#2, %30 : bf16
    %54 = arith.addf %53, %52 : bf16
    %55 = arith.mulf %24#3, %33 : bf16
    %56 = arith.addf %55, %54 : bf16
    %57 = affine.load %9[%arg6, %arg8] {Pingpong} : memref<4x64xbf16>
    %58 = arith.addf %35, %57 : bf16
    affine.store %58, %10[%arg6, %arg8] {Pingpong} : memref<4x64xbf16>
    %59 = affine.load %11[%arg6, %arg8] {Pingpong} : memref<4x64xbf16>
    %60 = arith.addf %42, %59 : bf16
    affine.store %60, %12[%arg6, %arg8] {Pingpong} : memref<4x64xbf16>
    %61 = affine.load %13[%arg6, %arg8] {Pingpong} : memref<4x64xbf16>
    %62 = arith.addf %49, %61 : bf16
    affine.store %62, %14[%arg6, %arg8] {Pingpong} : memref<4x64xbf16>
    %63 = affine.load %15[%arg6, %arg8] {Pingpong} : memref<4x64xbf16>
    %64 = arith.addf %56, %63 : bf16
    affine.store %64, %16[%arg6, %arg8] {Pingpong} : memref<4x64xbf16>
  }
}
affine.for %arg6 = 0 to 4 {
  affine.for %arg7 = 0 to 64 {
    %17 = affine.vector_load %1[%arg6, 0] {Pingpong} : memref<4x4xbf16>, vector<4xbf16>
    %18:4 = ADORA.deinterleaver %17 : vector<4xbf16> -> (bf16, bf16, bf16, bf16)
    %19 = affine.vector_load %2[%arg6 + 1, 0] {Pingpong} : memref<4x4xbf16>, vector<4xbf16>
    %20:4 = ADORA.deinterleaver %19 : vector<4xbf16> -> (bf16, bf16, bf16, bf16)
    %21 = affine.vector_load %3[%arg6 + 2, 0] {Pingpong} : memref<4x4xbf16>, vector<4xbf16>
    %22:4 = ADORA.deinterleaver %21 : vector<4xbf16> -> (bf16, bf16, bf16, bf16)
    %23 = affine.vector_load %4[%arg6 + 3, 0] {Pingpong} : memref<4x4xbf16>, vector<4xbf16>
    %24:4 = ADORA.deinterleaver %23 : vector<4xbf16> -> (bf16, bf16, bf16, bf16)
    affine.for %arg8 = 0 to 64 {
      %25 = affine.load %5[0, %arg8] {Pingpong} : memref<1x64xbf16>
      %26 = arith.mulf %18#0, %25 : bf16
      %27 = affine.load %6[0, %arg8] {Pingpong} : memref<1x64xbf16>
      %28 = arith.mulf %18#1, %27 : bf16
      %29 = arith.addf %28, %26 : bf16
      %30 = affine.load %7[0, %arg8] {Pingpong} : memref<1x64xbf16>
      %31 = arith.mulf %18#2, %30 : bf16
      %32 = arith.addf %31, %29 : bf16
      %33 = affine.load %8[0, %arg8] {Pingpong} : memref<1x64xbf16>
      %34 = arith.mulf %18#3, %33 : bf16
      %35 = arith.addf %34, %32 : bf16
      %36 = arith.mulf %20#0, %25 : bf16
      %37 = arith.mulf %20#1, %27 : bf16
      %38 = arith.addf %37, %36 : bf16
      %39 = arith.mulf %20#2, %30 : bf16
      %40 = arith.addf %39, %38 : bf16
      %41 = arith.mulf %20#3, %33 : bf16
      %42 = arith.addf %41, %40 : bf16
      %43 = arith.mulf %22#0, %25 : bf16
      %44 = arith.mulf %22#1, %27 : bf16
      %45 = arith.addf %44, %43 : bf16
      %46 = arith.mulf %22#2, %30 : bf16
      %47 = arith.addf %46, %45 : bf16
      %48 = arith.mulf %22#3, %33 : bf16
      %49 = arith.addf %48, %47 : bf16
      %50 = arith.mulf %24#0, %25 : bf16
      %51 = arith.mulf %24#1, %27 : bf16
      %52 = arith.addf %51, %50 : bf16
      %53 = arith.mulf %24#2, %30 : bf16
      %54 = arith.addf %53, %52 : bf16
      %55 = arith.mulf %24#3, %33 : bf16
      %56 = arith.addf %55, %54 : bf16
      %57 = affine.load %9[%arg6, %arg8] {Pingpong} : memref<4x64xbf16>
      %58 = arith.addf %35, %57 : bf16
      affine.store %58, %10[%arg6, %arg8] {Pingpong} : memref<4x64xbf16>
      %59 = affine.load %11[%arg6, %arg8] {Pingpong} : memref<4x64xbf16>
      %60 = arith.addf %42, %59 : bf16
      affine.store %60, %12[%arg6, %arg8] {Pingpong} : memref<4x64xbf16>
      %61 = affine.load %13[%arg6, %arg8] {Pingpong} : memref<4x64xbf16>
      %62 = arith.addf %49, %61 : bf16
      affine.store %62, %14[%arg6, %arg8] {Pingpong} : memref<4x64xbf16>
      %63 = affine.load %15[%arg6, %arg8] {Pingpong} : memref<4x64xbf16>
      %64 = arith.addf %56, %63 : bf16
      affine.store %64, %16[%arg6, %arg8] {Pingpong} : memref<4x64xbf16>
    }
  }
}
affine.for %arg8 = 0 to 64 {
  %25 = affine.load %5[0, %arg8] {Pingpong} : memref<1x64xbf16>
  %26 = arith.mulf %18#0, %25 : bf16
  %27 = affine.load %6[0, %arg8] {Pingpong} : memref<1x64xbf16>
  %28 = arith.mulf %18#1, %27 : bf16
  %29 = arith.addf %28, %26 : bf16
  %30 = affine.load %7[0, %arg8] {Pingpong} : memref<1x64xbf16>
  %31 = arith.mulf %18#2, %30 : bf16
  %32 = arith.addf %31, %29 : bf16
  %33 = affine.load %8[0, %arg8] {Pingpong} : memref<1x64xbf16>
  %34 = arith.mulf %18#3, %33 : bf16
  %35 = arith.addf %34, %32 : bf16
  %36 = arith.mulf %20#0, %25 : bf16
  %37 = arith.mulf %20#1, %27 : bf16
  %38 = arith.addf %37, %36 : bf16
  %39 = arith.mulf %20#2, %30 : bf16
  %40 = arith.addf %39, %38 : bf16
  %41 = arith.mulf %20#3, %33 : bf16
  %42 = arith.addf %41, %40 : bf16
  %43 = arith.mulf %22#0, %25 : bf16
  %44 = arith.mulf %22#1, %27 : bf16
  %45 = arith.addf %44, %43 : bf16
  %46 = arith.mulf %22#2, %30 : bf16
  %47 = arith.addf %46, %45 : bf16
  %48 = arith.mulf %22#3, %33 : bf16
  %49 = arith.addf %48, %47 : bf16
  %50 = arith.mulf %24#0, %25 : bf16
  %51 = arith.mulf %24#1, %27 : bf16
  %52 = arith.addf %51, %50 : bf16
  %53 = arith.mulf %24#2, %30 : bf16
  %54 = arith.addf %53, %52 : bf16
  %55 = arith.mulf %24#3, %33 : bf16
  %56 = arith.addf %55, %54 : bf16
  %57 = affine.load %9[%arg6, %arg8] {Pingpong} : memref<4x64xbf16>
  %58 = arith.addf %35, %57 : bf16
  affine.store %58, %10[%arg6, %arg8] {Pingpong} : memref<4x64xbf16>
  %59 = affine.load %11[%arg6, %arg8] {Pingpong} : memref<4x64xbf16>
  %60 = arith.addf %42, %59 : bf16
  affine.store %60, %12[%arg6, %arg8] {Pingpong} : memref<4x64xbf16>
  %61 = affine.load %13[%arg6, %arg8] {Pingpong} : memref<4x64xbf16>
  %62 = arith.addf %49, %61 : bf16
  affine.store %62, %14[%arg6, %arg8] {Pingpong} : memref<4x64xbf16>
  %63 = affine.load %15[%arg6, %arg8] {Pingpong} : memref<4x64xbf16>
  %64 = arith.addf %56, %63 : bf16
  affine.store %64, %16[%arg6, %arg8] {Pingpong} : memref<4x64xbf16>
}
affine.for %arg7 = 0 to 64 {
  %17 = affine.vector_load %1[%arg6, 0] {Pingpong} : memref<4x4xbf16>, vector<4xbf16>
  %18:4 = ADORA.deinterleaver %17 : vector<4xbf16> -> (bf16, bf16, bf16, bf16)
  %19 = affine.vector_load %2[%arg6 + 1, 0] {Pingpong} : memref<4x4xbf16>, vector<4xbf16>
  %20:4 = ADORA.deinterleaver %19 : vector<4xbf16> -> (bf16, bf16, bf16, bf16)
  %21 = affine.vector_load %3[%arg6 + 2, 0] {Pingpong} : memref<4x4xbf16>, vector<4xbf16>
  %22:4 = ADORA.deinterleaver %21 : vector<4xbf16> -> (bf16, bf16, bf16, bf16)
  %23 = affine.vector_load %4[%arg6 + 3, 0] {Pingpong} : memref<4x4xbf16>, vector<4xbf16>
  %24:4 = ADORA.deinterleaver %23 : vector<4xbf16> -> (bf16, bf16, bf16, bf16)
  affine.for %arg8 = 0 to 64 {
    %25 = affine.load %5[0, %arg8] {Pingpong} : memref<1x64xbf16>
    %26 = arith.mulf %18#0, %25 : bf16
    %27 = affine.load %6[0, %arg8] {Pingpong} : memref<1x64xbf16>
    %28 = arith.mulf %18#1, %27 : bf16
    %29 = arith.addf %28, %26 : bf16
    %30 = affine.load %7[0, %arg8] {Pingpong} : memref<1x64xbf16>
    %31 = arith.mulf %18#2, %30 : bf16
    %32 = arith.addf %31, %29 : bf16
    %33 = affine.load %8[0, %arg8] {Pingpong} : memref<1x64xbf16>
    %34 = arith.mulf %18#3, %33 : bf16
    %35 = arith.addf %34, %32 : bf16
    %36 = arith.mulf %20#0, %25 : bf16
    %37 = arith.mulf %20#1, %27 : bf16
    %38 = arith.addf %37, %36 : bf16
    %39 = arith.mulf %20#2, %30 : bf16
    %40 = arith.addf %39, %38 : bf16
    %41 = arith.mulf %20#3, %33 : bf16
    %42 = arith.addf %41, %40 : bf16
    %43 = arith.mulf %22#0, %25 : bf16
    %44 = arith.mulf %22#1, %27 : bf16
    %45 = arith.addf %44, %43 : bf16
    %46 = arith.mulf %22#2, %30 : bf16
    %47 = arith.addf %46, %45 : bf16
    %48 = arith.mulf %22#3, %33 : bf16
    %49 = arith.addf %48, %47 : bf16
    %50 = arith.mulf %24#0, %25 : bf16
    %51 = arith.mulf %24#1, %27 : bf16
    %52 = arith.addf %51, %50 : bf16
    %53 = arith.mulf %24#2, %30 : bf16
    %54 = arith.addf %53, %52 : bf16
    %55 = arith.mulf %24#3, %33 : bf16
    %56 = arith.addf %55, %54 : bf16
    %57 = affine.load %9[%arg6, %arg8] {Pingpong} : memref<4x64xbf16>
    %58 = arith.addf %35, %57 : bf16
    affine.store %58, %10[%arg6, %arg8] {Pingpong} : memref<4x64xbf16>
    %59 = affine.load %11[%arg6, %arg8] {Pingpong} : memref<4x64xbf16>
    %60 = arith.addf %42, %59 : bf16
    affine.store %60, %12[%arg6, %arg8] {Pingpong} : memref<4x64xbf16>
    %61 = affine.load %13[%arg6, %arg8] {Pingpong} : memref<4x64xbf16>
    %62 = arith.addf %49, %61 : bf16
    affine.store %62, %14[%arg6, %arg8] {Pingpong} : memref<4x64xbf16>
    %63 = affine.load %15[%arg6, %arg8] {Pingpong} : memref<4x64xbf16>
    %64 = arith.addf %56, %63 : bf16
    affine.store %64, %16[%arg6, %arg8] {Pingpong} : memref<4x64xbf16>
  }
}
affine.for %arg6 = 0 to 4 {
  affine.for %arg7 = 0 to 64 {
    %17 = affine.vector_load %1[%arg6, 0] {Pingpong} : memref<4x4xbf16>, vector<4xbf16>
    %18:4 = ADORA.deinterleaver %17 : vector<4xbf16> -> (bf16, bf16, bf16, bf16)
    %19 = affine.vector_load %2[%arg6 + 1, 0] {Pingpong} : memref<4x4xbf16>, vector<4xbf16>
    %20:4 = ADORA.deinterleaver %19 : vector<4xbf16> -> (bf16, bf16, bf16, bf16)
    %21 = affine.vector_load %3[%arg6 + 2, 0] {Pingpong} : memref<4x4xbf16>, vector<4xbf16>
    %22:4 = ADORA.deinterleaver %21 : vector<4xbf16> -> (bf16, bf16, bf16, bf16)
    %23 = affine.vector_load %4[%arg6 + 3, 0] {Pingpong} : memref<4x4xbf16>, vector<4xbf16>
    %24:4 = ADORA.deinterleaver %23 : vector<4xbf16> -> (bf16, bf16, bf16, bf16)
    affine.for %arg8 = 0 to 64 {
      %25 = affine.load %5[0, %arg8] {Pingpong} : memref<1x64xbf16>
      %26 = arith.mulf %18#0, %25 : bf16
      %27 = affine.load %6[0, %arg8] {Pingpong} : memref<1x64xbf16>
      %28 = arith.mulf %18#1, %27 : bf16
      %29 = arith.addf %28, %26 : bf16
      %30 = affine.load %7[0, %arg8] {Pingpong} : memref<1x64xbf16>
      %31 = arith.mulf %18#2, %30 : bf16
      %32 = arith.addf %31, %29 : bf16
      %33 = affine.load %8[0, %arg8] {Pingpong} : memref<1x64xbf16>
      %34 = arith.mulf %18#3, %33 : bf16
      %35 = arith.addf %34, %32 : bf16
      %36 = arith.mulf %20#0, %25 : bf16
      %37 = arith.mulf %20#1, %27 : bf16
      %38 = arith.addf %37, %36 : bf16
      %39 = arith.mulf %20#2, %30 : bf16
      %40 = arith.addf %39, %38 : bf16
      %41 = arith.mulf %20#3, %33 : bf16
      %42 = arith.addf %41, %40 : bf16
      %43 = arith.mulf %22#0, %25 : bf16
      %44 = arith.mulf %22#1, %27 : bf16
      %45 = arith.addf %44, %43 : bf16
      %46 = arith.mulf %22#2, %30 : bf16
      %47 = arith.addf %46, %45 : bf16
      %48 = arith.mulf %22#3, %33 : bf16
      %49 = arith.addf %48, %47 : bf16
      %50 = arith.mulf %24#0, %25 : bf16
      %51 = arith.mulf %24#1, %27 : bf16
      %52 = arith.addf %51, %50 : bf16
      %53 = arith.mulf %24#2, %30 : bf16
      %54 = arith.addf %53, %52 : bf16
      %55 = arith.mulf %24#3, %33 : bf16
      %56 = arith.addf %55, %54 : bf16
      %57 = affine.load %9[%arg6, %arg8] {Pingpong} : memref<4x64xbf16>
      %58 = arith.addf %35, %57 : bf16
      affine.store %58, %10[%arg6, %arg8] {Pingpong} : memref<4x64xbf16>
      %59 = affine.load %11[%arg6, %arg8] {Pingpong} : memref<4x64xbf16>
      %60 = arith.addf %42, %59 : bf16
      affine.store %60, %12[%arg6, %arg8] {Pingpong} : memref<4x64xbf16>
      %61 = affine.load %13[%arg6, %arg8] {Pingpong} : memref<4x64xbf16>
      %62 = arith.addf %49, %61 : bf16
      affine.store %62, %14[%arg6, %arg8] {Pingpong} : memref<4x64xbf16>
      %63 = affine.load %15[%arg6, %arg8] {Pingpong} : memref<4x64xbf16>
      %64 = arith.addf %56, %63 : bf16
      affine.store %64, %16[%arg6, %arg8] {Pingpong} : memref<4x64xbf16>
    }
  }
}
affine.for %arg6 = 0 to 4 {
  affine.for %arg7 = 0 to 64 {
    %17 = affine.vector_load %1[%arg6, 0] {Pingpong} : memref<4x4xbf16>, vector<4xbf16>
    %18:4 = ADORA.deinterleaver %17 : vector<4xbf16> -> (bf16, bf16, bf16, bf16)
    %19 = affine.vector_load %2[%arg6 + 1, 0] {Pingpong} : memref<4x4xbf16>, vector<4xbf16>
    %20:4 = ADORA.deinterleaver %19 : vector<4xbf16> -> (bf16, bf16, bf16, bf16)
    %21 = affine.vector_load %3[%arg6 + 2, 0] {Pingpong} : memref<4x4xbf16>, vector<4xbf16>
    %22:4 = ADORA.deinterleaver %21 : vector<4xbf16> -> (bf16, bf16, bf16, bf16)
    %23 = affine.vector_load %4[%arg6 + 3, 0] {Pingpong} : memref<4x4xbf16>, vector<4xbf16>
    %24:4 = ADORA.deinterleaver %23 : vector<4xbf16> -> (bf16, bf16, bf16, bf16)
    affine.for %arg8 = 0 to 64 {
      %25 = affine.load %5[0, %arg8] {Pingpong} : memref<1x64xbf16>
      %26 = arith.mulf %18#0, %25 : bf16
      %27 = affine.load %6[0, %arg8] {Pingpong} : memref<1x64xbf16>
      %28 = arith.mulf %18#1, %27 : bf16
      %29 = arith.addf %28, %26 : bf16
      %30 = affine.load %7[0, %arg8] {Pingpong} : memref<1x64xbf16>
      %31 = arith.mulf %18#2, %30 : bf16
      %32 = arith.addf %31, %29 : bf16
      %33 = affine.load %8[0, %arg8] {Pingpong} : memref<1x64xbf16>
      %34 = arith.mulf %18#3, %33 : bf16
      %35 = arith.addf %34, %32 : bf16
      %36 = arith.mulf %20#0, %25 : bf16
      %37 = arith.mulf %20#1, %27 : bf16
      %38 = arith.addf %37, %36 : bf16
      %39 = arith.mulf %20#2, %30 : bf16
      %40 = arith.addf %39, %38 : bf16
      %41 = arith.mulf %20#3, %33 : bf16
      %42 = arith.addf %41, %40 : bf16
      %43 = arith.mulf %22#0, %25 : bf16
      %44 = arith.mulf %22#1, %27 : bf16
      %45 = arith.addf %44, %43 : bf16
      %46 = arith.mulf %22#2, %30 : bf16
      %47 = arith.addf %46, %45 : bf16
      %48 = arith.mulf %22#3, %33 : bf16
      %49 = arith.addf %48, %47 : bf16
      %50 = arith.mulf %24#0, %25 : bf16
      %51 = arith.mulf %24#1, %27 : bf16
      %52 = arith.addf %51, %50 : bf16
      %53 = arith.mulf %24#2, %30 : bf16
      %54 = arith.addf %53, %52 : bf16
      %55 = arith.mulf %24#3, %33 : bf16
      %56 = arith.addf %55, %54 : bf16
      %57 = affine.load %9[%arg6, %arg8] {Pingpong} : memref<4x64xbf16>
      %58 = arith.addf %35, %57 : bf16
      affine.store %58, %10[%arg6, %arg8] {Pingpong} : memref<4x64xbf16>
      %59 = affine.load %11[%arg6, %arg8] {Pingpong} : memref<4x64xbf16>
      %60 = arith.addf %42, %59 : bf16
      affine.store %60, %12[%arg6, %arg8] {Pingpong} : memref<4x64xbf16>
      %61 = affine.load %13[%arg6, %arg8] {Pingpong} : memref<4x64xbf16>
      %62 = arith.addf %49, %61 : bf16
      affine.store %62, %14[%arg6, %arg8] {Pingpong} : memref<4x64xbf16>
      %63 = affine.load %15[%arg6, %arg8] {Pingpong} : memref<4x64xbf16>
      %64 = arith.addf %56, %63 : bf16
      affine.store %64, %16[%arg6, %arg8] {Pingpong} : memref<4x64xbf16>
    }
  }
}
  2: imperfect, innermost
 1: perfect
0: outermost
affine.for %arg3 = 0 to 128 step 4 {
  affine.for %arg4 = 0 to 32 step 16 {
    affine.for %arg5 = 0 to 64 step 64 {
      %1 = ADORA.BlockLoad %arg0 [%arg4, %arg3] : memref<32x128xbf16> -> memref<4x4xbf16> , stride [4, 1] {ADORAGemm, Id = "0", KernelName = "GEMMIS", Pingpong}
      %2 = ADORA.BlockLoad %arg0 [%arg4 + 1, %arg3] : memref<32x128xbf16> -> memref<4x4xbf16> , stride [4, 1] {ADORAGemm, Id = "1", KernelName = "GEMMIS", Pingpong}
      %3 = ADORA.BlockLoad %arg0 [%arg4 + 2, %arg3] : memref<32x128xbf16> -> memref<4x4xbf16> , stride [4, 1] {ADORAGemm, Id = "2", KernelName = "GEMMIS", Pingpong}
      %4 = ADORA.BlockLoad %arg0 [%arg4 + 3, %arg3] : memref<32x128xbf16> -> memref<4x4xbf16> , stride [4, 1] {ADORAGemm, Id = "3", KernelName = "GEMMIS", Pingpong}
      %5 = ADORA.BlockLoad %arg1 [%arg3, %arg5] : memref<128x64xbf16> -> memref<1x64xbf16>  {ADORAGemm, Id = "4", KernelName = "GEMMIS", Pingpong}
      %6 = ADORA.BlockLoad %arg1 [%arg3 + 1, %arg5] : memref<128x64xbf16> -> memref<1x64xbf16>  {ADORAGemm, Id = "5", KernelName = "GEMMIS", Pingpong}
      %7 = ADORA.BlockLoad %arg1 [%arg3 + 2, %arg5] : memref<128x64xbf16> -> memref<1x64xbf16>  {ADORAGemm, Id = "6", KernelName = "GEMMIS", Pingpong}
      %8 = ADORA.BlockLoad %arg1 [%arg3 + 3, %arg5] : memref<128x64xbf16> -> memref<1x64xbf16>  {ADORAGemm, Id = "7", KernelName = "GEMMIS", Pingpong}
      %9 = ADORA.BlockLoad %alloc [%arg4, %arg5] : memref<32x64xbf16> -> memref<4x64xbf16> , stride [4, 1] {ADORAGemm, Id = "8", KernelName = "GEMMIS", Pingpong}
      %10 = ADORA.LocalMemAlloc memref<4x64xbf16>  {ADORAGemm, Id = "9", KernelName = "GEMMIS", Pingpong}
      %11 = ADORA.BlockLoad %alloc [%arg4 + 1, %arg5] : memref<32x64xbf16> -> memref<4x64xbf16> , stride [4, 1] {ADORAGemm, Id = "10", KernelName = "GEMMIS", Pingpong}
      %12 = ADORA.LocalMemAlloc memref<4x64xbf16>  {ADORAGemm, Id = "11", KernelName = "GEMMIS", Pingpong}
      %13 = ADORA.BlockLoad %alloc [%arg4 + 2, %arg5] : memref<32x64xbf16> -> memref<4x64xbf16> , stride [4, 1] {ADORAGemm, Id = "12", KernelName = "GEMMIS", Pingpong}
      %14 = ADORA.LocalMemAlloc memref<4x64xbf16>  {ADORAGemm, Id = "13", KernelName = "GEMMIS", Pingpong}
      %15 = ADORA.BlockLoad %alloc [%arg4 + 3, %arg5] : memref<32x64xbf16> -> memref<4x64xbf16> , stride [4, 1] {ADORAGemm, Id = "14", KernelName = "GEMMIS", Pingpong}
      %16 = ADORA.LocalMemAlloc memref<4x64xbf16>  {ADORAGemm, Id = "15", KernelName = "GEMMIS", Pingpong}
      ADORA.kernel {
        affine.for %arg6 = 0 to 4 {
          affine.for %arg7 = 0 to 64 {
            %17 = affine.vector_load %1[%arg6, 0] {ADORAGemm, Pingpong} : memref<4x4xbf16>, vector<4xbf16>
            %18:4 = ADORA.deinterleaver %17 : vector<4xbf16> -> (bf16, bf16, bf16, bf16) {ADORAGemm}
            %19 = affine.vector_load %2[%arg6 + 1, 0] {ADORAGemm, Pingpong} : memref<4x4xbf16>, vector<4xbf16>
            %20:4 = ADORA.deinterleaver %19 : vector<4xbf16> -> (bf16, bf16, bf16, bf16) {ADORAGemm}
            %21 = affine.vector_load %3[%arg6 + 2, 0] {ADORAGemm, Pingpong} : memref<4x4xbf16>, vector<4xbf16>
            %22:4 = ADORA.deinterleaver %21 : vector<4xbf16> -> (bf16, bf16, bf16, bf16) {ADORAGemm}
            %23 = affine.vector_load %4[%arg6 + 3, 0] {ADORAGemm, Pingpong} : memref<4x4xbf16>, vector<4xbf16>
            %24:4 = ADORA.deinterleaver %23 : vector<4xbf16> -> (bf16, bf16, bf16, bf16) {ADORAGemm}
            affine.for %arg8 = 0 to 64 {
              %25 = affine.load %5[0, %arg8] {ADORAGemm, Pingpong} : memref<1x64xbf16>
              %26 = arith.mulf %18#0, %25 {ADORAGemm} : bf16
              %27 = affine.load %6[0, %arg8] {ADORAGemm, Pingpong} : memref<1x64xbf16>
              %28 = arith.mulf %18#1, %27 {ADORAGemm} : bf16
              %29 = arith.addf %28, %26 {ADORAGemm} : bf16
              %30 = affine.load %7[0, %arg8] {ADORAGemm, Pingpong} : memref<1x64xbf16>
              %31 = arith.mulf %18#2, %30 {ADORAGemm} : bf16
              %32 = arith.addf %31, %29 {ADORAGemm} : bf16
              %33 = affine.load %8[0, %arg8] {ADORAGemm, Pingpong} : memref<1x64xbf16>
              %34 = arith.mulf %18#3, %33 {ADORAGemm} : bf16
              %35 = arith.addf %34, %32 {ADORAGemm} : bf16
              %36 = arith.mulf %20#0, %25 {ADORAGemm} : bf16
              %37 = arith.mulf %20#1, %27 {ADORAGemm} : bf16
              %38 = arith.addf %37, %36 {ADORAGemm} : bf16
              %39 = arith.mulf %20#2, %30 {ADORAGemm} : bf16
              %40 = arith.addf %39, %38 {ADORAGemm} : bf16
              %41 = arith.mulf %20#3, %33 {ADORAGemm} : bf16
              %42 = arith.addf %41, %40 {ADORAGemm} : bf16
              %43 = arith.mulf %22#0, %25 {ADORAGemm} : bf16
              %44 = arith.mulf %22#1, %27 {ADORAGemm} : bf16
              %45 = arith.addf %44, %43 {ADORAGemm} : bf16
              %46 = arith.mulf %22#2, %30 {ADORAGemm} : bf16
              %47 = arith.addf %46, %45 {ADORAGemm} : bf16
              %48 = arith.mulf %22#3, %33 {ADORAGemm} : bf16
              %49 = arith.addf %48, %47 {ADORAGemm} : bf16
              %50 = arith.mulf %24#0, %25 {ADORAGemm} : bf16
              %51 = arith.mulf %24#1, %27 {ADORAGemm} : bf16
              %52 = arith.addf %51, %50 {ADORAGemm} : bf16
              %53 = arith.mulf %24#2, %30 {ADORAGemm} : bf16
              %54 = arith.addf %53, %52 {ADORAGemm} : bf16
              %55 = arith.mulf %24#3, %33 {ADORAGemm} : bf16
              %56 = arith.addf %55, %54 {ADORAGemm} : bf16
              %57 = affine.load %9[%arg6, %arg8] {ADORAGemm, Pingpong} : memref<4x64xbf16>
              %58 = arith.addf %35, %57 {ADORAGemm} : bf16
              affine.store %58, %10[%arg6, %arg8] {ADORAGemm, Pingpong} : memref<4x64xbf16>
              %59 = affine.load %11[%arg6, %arg8] {ADORAGemm, Pingpong} : memref<4x64xbf16>
              %60 = arith.addf %42, %59 {ADORAGemm} : bf16
              affine.store %60, %12[%arg6, %arg8] {ADORAGemm, Pingpong} : memref<4x64xbf16>
              %61 = affine.load %13[%arg6, %arg8] {ADORAGemm, Pingpong} : memref<4x64xbf16>
              %62 = arith.addf %49, %61 {ADORAGemm} : bf16
              affine.store %62, %14[%arg6, %arg8] {ADORAGemm, Pingpong} : memref<4x64xbf16>
              %63 = affine.load %15[%arg6, %arg8] {ADORAGemm, Pingpong} : memref<4x64xbf16>
              %64 = arith.addf %56, %63 {ADORAGemm} : bf16
              affine.store %64, %16[%arg6, %arg8] {ADORAGemm, Pingpong} : memref<4x64xbf16>
            } {ADORAGemm}
          } {ADORAGemm}
        } {ADORAGemm}
        ADORA.terminator {ADORAGemm}
      } {ADORAGemm, KernelName = "GEMMIS"}
      ADORA.BlockStore %10, %alloc [%arg4, %arg5] : memref<4x64xbf16> -> memref<32x64xbf16> , stride [4, 1] {ADORAGemm, Id = "9", KernelName = "GEMMIS", Pingpong}
      ADORA.BlockStore %12, %alloc [%arg4 + 1, %arg5] : memref<4x64xbf16> -> memref<32x64xbf16> , stride [4, 1] {ADORAGemm, Id = "11", KernelName = "GEMMIS", Pingpong}
      ADORA.BlockStore %14, %alloc [%arg4 + 2, %arg5] : memref<4x64xbf16> -> memref<32x64xbf16> , stride [4, 1] {ADORAGemm, Id = "13", KernelName = "GEMMIS", Pingpong}
      ADORA.BlockStore %16, %alloc [%arg4 + 3, %arg5] : memref<4x64xbf16> -> memref<32x64xbf16> , stride [4, 1] {ADORAGemm, Id = "15", KernelName = "GEMMIS", Pingpong}
    } {ADORAGemm}
  } {ADORAGemm}
} {ADORAGemm}
%5 = ADORA.BlockLoad %arg1 [%arg3, %c0] : memref<128x64xbf16> -> memref<1x64xbf16>  {ADORAGemm, Id = "4", KernelName = "GEMMIS", Pingpong}
(d0, d1) -> (d0, d1)
%5 = ADORA.BlockLoad %arg1 [%arg3, %c0] : memref<128x64xbf16> -> memref<1x64xbf16>  {ADORAGemm, Id = "4", KernelName = "GEMMIS", Pingpong}
(d0) -> (d0, 0)
%5 = ADORA.BlockLoad %arg1 [%arg3, 0] : memref<128x64xbf16> -> memref<1x64xbf16>  {ADORAGemm, Id = "4", KernelName = "GEMMIS", Pingpong}
^bb0(%arg3: index):
  %1 = ADORA.BlockLoad %arg1 [%arg3, 0] : memref<128x64xbf16> -> memref<1x64xbf16>  {ADORAGemm, Id = "4", KernelName = "GEMMIS", Pingpong}
  affine.for %arg4 = 0 to 32 step 16 {
    %c0 = arith.constant 0 : index
    %2 = ADORA.BlockLoad %arg0 [%arg4, %arg3] : memref<32x128xbf16> -> memref<4x4xbf16> , stride [4, 1] {ADORAGemm, Id = "0", KernelName = "GEMMIS", Pingpong}
    %3 = ADORA.BlockLoad %arg0 [%arg4 + 1, %arg3] : memref<32x128xbf16> -> memref<4x4xbf16> , stride [4, 1] {ADORAGemm, Id = "1", KernelName = "GEMMIS", Pingpong}
    %4 = ADORA.BlockLoad %arg0 [%arg4 + 2, %arg3] : memref<32x128xbf16> -> memref<4x4xbf16> , stride [4, 1] {ADORAGemm, Id = "2", KernelName = "GEMMIS", Pingpong}
    %5 = ADORA.BlockLoad %arg0 [%arg4 + 3, %arg3] : memref<32x128xbf16> -> memref<4x4xbf16> , stride [4, 1] {ADORAGemm, Id = "3", KernelName = "GEMMIS", Pingpong}
    %6 = ADORA.BlockLoad %arg1 [%arg3 + 1, %c0] : memref<128x64xbf16> -> memref<1x64xbf16>  {ADORAGemm, Id = "5", KernelName = "GEMMIS", Pingpong}
    %7 = ADORA.BlockLoad %arg1 [%arg3 + 2, %c0] : memref<128x64xbf16> -> memref<1x64xbf16>  {ADORAGemm, Id = "6", KernelName = "GEMMIS", Pingpong}
    %8 = ADORA.BlockLoad %arg1 [%arg3 + 3, %c0] : memref<128x64xbf16> -> memref<1x64xbf16>  {ADORAGemm, Id = "7", KernelName = "GEMMIS", Pingpong}
    %9 = ADORA.BlockLoad %alloc [%arg4, %c0] : memref<32x64xbf16> -> memref<4x64xbf16> , stride [4, 1] {ADORAGemm, Id = "8", KernelName = "GEMMIS", Pingpong}
    %10 = ADORA.LocalMemAlloc memref<4x64xbf16>  {ADORAGemm, Id = "9", KernelName = "GEMMIS", Pingpong}
    %11 = ADORA.BlockLoad %alloc [%arg4 + 1, %c0] : memref<32x64xbf16> -> memref<4x64xbf16> , stride [4, 1] {ADORAGemm, Id = "10", KernelName = "GEMMIS", Pingpong}
    %12 = ADORA.LocalMemAlloc memref<4x64xbf16>  {ADORAGemm, Id = "11", KernelName = "GEMMIS", Pingpong}
    %13 = ADORA.BlockLoad %alloc [%arg4 + 2, %c0] : memref<32x64xbf16> -> memref<4x64xbf16> , stride [4, 1] {ADORAGemm, Id = "12", KernelName = "GEMMIS", Pingpong}
    %14 = ADORA.LocalMemAlloc memref<4x64xbf16>  {ADORAGemm, Id = "13", KernelName = "GEMMIS", Pingpong}
    %15 = ADORA.BlockLoad %alloc [%arg4 + 3, %c0] : memref<32x64xbf16> -> memref<4x64xbf16> , stride [4, 1] {ADORAGemm, Id = "14", KernelName = "GEMMIS", Pingpong}
    %16 = ADORA.LocalMemAlloc memref<4x64xbf16>  {ADORAGemm, Id = "15", KernelName = "GEMMIS", Pingpong}
    ADORA.kernel {
      affine.for %arg5 = 0 to 4 {
        affine.for %arg6 = 0 to 64 {
          %17 = affine.vector_load %2[%arg5, 0] {ADORAGemm, Pingpong} : memref<4x4xbf16>, vector<4xbf16>
          %18:4 = ADORA.deinterleaver %17 : vector<4xbf16> -> (bf16, bf16, bf16, bf16) {ADORAGemm}
          %19 = affine.vector_load %3[%arg5 + 1, 0] {ADORAGemm, Pingpong} : memref<4x4xbf16>, vector<4xbf16>
          %20:4 = ADORA.deinterleaver %19 : vector<4xbf16> -> (bf16, bf16, bf16, bf16) {ADORAGemm}
          %21 = affine.vector_load %4[%arg5 + 2, 0] {ADORAGemm, Pingpong} : memref<4x4xbf16>, vector<4xbf16>
          %22:4 = ADORA.deinterleaver %21 : vector<4xbf16> -> (bf16, bf16, bf16, bf16) {ADORAGemm}
          %23 = affine.vector_load %5[%arg5 + 3, 0] {ADORAGemm, Pingpong} : memref<4x4xbf16>, vector<4xbf16>
          %24:4 = ADORA.deinterleaver %23 : vector<4xbf16> -> (bf16, bf16, bf16, bf16) {ADORAGemm}
          affine.for %arg7 = 0 to 64 {
            %25 = affine.load %1[0, %arg7] {ADORAGemm, Pingpong} : memref<1x64xbf16>
            %26 = arith.mulf %18#0, %25 {ADORAGemm} : bf16
            %27 = affine.load %6[0, %arg7] {ADORAGemm, Pingpong} : memref<1x64xbf16>
            %28 = arith.mulf %18#1, %27 {ADORAGemm} : bf16
            %29 = arith.addf %28, %26 {ADORAGemm} : bf16
            %30 = affine.load %7[0, %arg7] {ADORAGemm, Pingpong} : memref<1x64xbf16>
            %31 = arith.mulf %18#2, %30 {ADORAGemm} : bf16
            %32 = arith.addf %31, %29 {ADORAGemm} : bf16
            %33 = affine.load %8[0, %arg7] {ADORAGemm, Pingpong} : memref<1x64xbf16>
            %34 = arith.mulf %18#3, %33 {ADORAGemm} : bf16
            %35 = arith.addf %34, %32 {ADORAGemm} : bf16
            %36 = arith.mulf %20#0, %25 {ADORAGemm} : bf16
            %37 = arith.mulf %20#1, %27 {ADORAGemm} : bf16
            %38 = arith.addf %37, %36 {ADORAGemm} : bf16
            %39 = arith.mulf %20#2, %30 {ADORAGemm} : bf16
            %40 = arith.addf %39, %38 {ADORAGemm} : bf16
            %41 = arith.mulf %20#3, %33 {ADORAGemm} : bf16
            %42 = arith.addf %41, %40 {ADORAGemm} : bf16
            %43 = arith.mulf %22#0, %25 {ADORAGemm} : bf16
            %44 = arith.mulf %22#1, %27 {ADORAGemm} : bf16
            %45 = arith.addf %44, %43 {ADORAGemm} : bf16
            %46 = arith.mulf %22#2, %30 {ADORAGemm} : bf16
            %47 = arith.addf %46, %45 {ADORAGemm} : bf16
            %48 = arith.mulf %22#3, %33 {ADORAGemm} : bf16
            %49 = arith.addf %48, %47 {ADORAGemm} : bf16
            %50 = arith.mulf %24#0, %25 {ADORAGemm} : bf16
            %51 = arith.mulf %24#1, %27 {ADORAGemm} : bf16
            %52 = arith.addf %51, %50 {ADORAGemm} : bf16
            %53 = arith.mulf %24#2, %30 {ADORAGemm} : bf16
            %54 = arith.addf %53, %52 {ADORAGemm} : bf16
            %55 = arith.mulf %24#3, %33 {ADORAGemm} : bf16
            %56 = arith.addf %55, %54 {ADORAGemm} : bf16
            %57 = affine.load %9[%arg5, %arg7] {ADORAGemm, Pingpong} : memref<4x64xbf16>
            %58 = arith.addf %35, %57 {ADORAGemm} : bf16
            affine.store %58, %10[%arg5, %arg7] {ADORAGemm, Pingpong} : memref<4x64xbf16>
            %59 = affine.load %11[%arg5, %arg7] {ADORAGemm, Pingpong} : memref<4x64xbf16>
            %60 = arith.addf %42, %59 {ADORAGemm} : bf16
            affine.store %60, %12[%arg5, %arg7] {ADORAGemm, Pingpong} : memref<4x64xbf16>
            %61 = affine.load %13[%arg5, %arg7] {ADORAGemm, Pingpong} : memref<4x64xbf16>
            %62 = arith.addf %49, %61 {ADORAGemm} : bf16
            affine.store %62, %14[%arg5, %arg7] {ADORAGemm, Pingpong} : memref<4x64xbf16>
            %63 = affine.load %15[%arg5, %arg7] {ADORAGemm, Pingpong} : memref<4x64xbf16>
            %64 = arith.addf %56, %63 {ADORAGemm} : bf16
            affine.store %64, %16[%arg5, %arg7] {ADORAGemm, Pingpong} : memref<4x64xbf16>
          } {ADORAGemm}
        } {ADORAGemm}
      } {ADORAGemm}
      ADORA.terminator {ADORAGemm}
    } {ADORAGemm, KernelName = "GEMMIS"}
    ADORA.BlockStore %10, %alloc [%arg4, %c0] : memref<4x64xbf16> -> memref<32x64xbf16> , stride [4, 1] {ADORAGemm, Id = "9", KernelName = "GEMMIS", Pingpong}
    ADORA.BlockStore %12, %alloc [%arg4 + 1, %c0] : memref<4x64xbf16> -> memref<32x64xbf16> , stride [4, 1] {ADORAGemm, Id = "11", KernelName = "GEMMIS", Pingpong}
    ADORA.BlockStore %14, %alloc [%arg4 + 2, %c0] : memref<4x64xbf16> -> memref<32x64xbf16> , stride [4, 1] {ADORAGemm, Id = "13", KernelName = "GEMMIS", Pingpong}
    ADORA.BlockStore %16, %alloc [%arg4 + 3, %c0] : memref<4x64xbf16> -> memref<32x64xbf16> , stride [4, 1] {ADORAGemm, Id = "15", KernelName = "GEMMIS", Pingpong}
  } {ADORAGemm}
  affine.yield {ADORAGemm}
%6 = ADORA.BlockLoad %arg1 [%arg3 + 1, %c0] : memref<128x64xbf16> -> memref<1x64xbf16>  {ADORAGemm, Id = "5", KernelName = "GEMMIS", Pingpong}
(d0, d1) -> (d0 + 1, d1)
%6 = ADORA.BlockLoad %arg1 [%arg3 + 1, %c0] : memref<128x64xbf16> -> memref<1x64xbf16>  {ADORAGemm, Id = "5", KernelName = "GEMMIS", Pingpong}
(d0) -> (d0 + 1, 0)
%6 = ADORA.BlockLoad %arg1 [%arg3 + 1, 0] : memref<128x64xbf16> -> memref<1x64xbf16>  {ADORAGemm, Id = "5", KernelName = "GEMMIS", Pingpong}
^bb0(%arg3: index):
  %1 = ADORA.BlockLoad %arg1 [%arg3, 0] : memref<128x64xbf16> -> memref<1x64xbf16>  {ADORAGemm, Id = "4", KernelName = "GEMMIS", Pingpong}
  %2 = ADORA.BlockLoad %arg1 [%arg3 + 1, 0] : memref<128x64xbf16> -> memref<1x64xbf16>  {ADORAGemm, Id = "5", KernelName = "GEMMIS", Pingpong}
  affine.for %arg4 = 0 to 32 step 16 {
    %c0 = arith.constant 0 : index
    %3 = ADORA.BlockLoad %arg0 [%arg4, %arg3] : memref<32x128xbf16> -> memref<4x4xbf16> , stride [4, 1] {ADORAGemm, Id = "0", KernelName = "GEMMIS", Pingpong}
    %4 = ADORA.BlockLoad %arg0 [%arg4 + 1, %arg3] : memref<32x128xbf16> -> memref<4x4xbf16> , stride [4, 1] {ADORAGemm, Id = "1", KernelName = "GEMMIS", Pingpong}
    %5 = ADORA.BlockLoad %arg0 [%arg4 + 2, %arg3] : memref<32x128xbf16> -> memref<4x4xbf16> , stride [4, 1] {ADORAGemm, Id = "2", KernelName = "GEMMIS", Pingpong}
    %6 = ADORA.BlockLoad %arg0 [%arg4 + 3, %arg3] : memref<32x128xbf16> -> memref<4x4xbf16> , stride [4, 1] {ADORAGemm, Id = "3", KernelName = "GEMMIS", Pingpong}
    %7 = ADORA.BlockLoad %arg1 [%arg3 + 2, %c0] : memref<128x64xbf16> -> memref<1x64xbf16>  {ADORAGemm, Id = "6", KernelName = "GEMMIS", Pingpong}
    %8 = ADORA.BlockLoad %arg1 [%arg3 + 3, %c0] : memref<128x64xbf16> -> memref<1x64xbf16>  {ADORAGemm, Id = "7", KernelName = "GEMMIS", Pingpong}
    %9 = ADORA.BlockLoad %alloc [%arg4, %c0] : memref<32x64xbf16> -> memref<4x64xbf16> , stride [4, 1] {ADORAGemm, Id = "8", KernelName = "GEMMIS", Pingpong}
    %10 = ADORA.LocalMemAlloc memref<4x64xbf16>  {ADORAGemm, Id = "9", KernelName = "GEMMIS", Pingpong}
    %11 = ADORA.BlockLoad %alloc [%arg4 + 1, %c0] : memref<32x64xbf16> -> memref<4x64xbf16> , stride [4, 1] {ADORAGemm, Id = "10", KernelName = "GEMMIS", Pingpong}
    %12 = ADORA.LocalMemAlloc memref<4x64xbf16>  {ADORAGemm, Id = "11", KernelName = "GEMMIS", Pingpong}
    %13 = ADORA.BlockLoad %alloc [%arg4 + 2, %c0] : memref<32x64xbf16> -> memref<4x64xbf16> , stride [4, 1] {ADORAGemm, Id = "12", KernelName = "GEMMIS", Pingpong}
    %14 = ADORA.LocalMemAlloc memref<4x64xbf16>  {ADORAGemm, Id = "13", KernelName = "GEMMIS", Pingpong}
    %15 = ADORA.BlockLoad %alloc [%arg4 + 3, %c0] : memref<32x64xbf16> -> memref<4x64xbf16> , stride [4, 1] {ADORAGemm, Id = "14", KernelName = "GEMMIS", Pingpong}
    %16 = ADORA.LocalMemAlloc memref<4x64xbf16>  {ADORAGemm, Id = "15", KernelName = "GEMMIS", Pingpong}
    ADORA.kernel {
      affine.for %arg5 = 0 to 4 {
        affine.for %arg6 = 0 to 64 {
          %17 = affine.vector_load %3[%arg5, 0] {ADORAGemm, Pingpong} : memref<4x4xbf16>, vector<4xbf16>
          %18:4 = ADORA.deinterleaver %17 : vector<4xbf16> -> (bf16, bf16, bf16, bf16) {ADORAGemm}
          %19 = affine.vector_load %4[%arg5 + 1, 0] {ADORAGemm, Pingpong} : memref<4x4xbf16>, vector<4xbf16>
          %20:4 = ADORA.deinterleaver %19 : vector<4xbf16> -> (bf16, bf16, bf16, bf16) {ADORAGemm}
          %21 = affine.vector_load %5[%arg5 + 2, 0] {ADORAGemm, Pingpong} : memref<4x4xbf16>, vector<4xbf16>
          %22:4 = ADORA.deinterleaver %21 : vector<4xbf16> -> (bf16, bf16, bf16, bf16) {ADORAGemm}
          %23 = affine.vector_load %6[%arg5 + 3, 0] {ADORAGemm, Pingpong} : memref<4x4xbf16>, vector<4xbf16>
          %24:4 = ADORA.deinterleaver %23 : vector<4xbf16> -> (bf16, bf16, bf16, bf16) {ADORAGemm}
          affine.for %arg7 = 0 to 64 {
            %25 = affine.load %1[0, %arg7] {ADORAGemm, Pingpong} : memref<1x64xbf16>
            %26 = arith.mulf %18#0, %25 {ADORAGemm} : bf16
            %27 = affine.load %2[0, %arg7] {ADORAGemm, Pingpong} : memref<1x64xbf16>
            %28 = arith.mulf %18#1, %27 {ADORAGemm} : bf16
            %29 = arith.addf %28, %26 {ADORAGemm} : bf16
            %30 = affine.load %7[0, %arg7] {ADORAGemm, Pingpong} : memref<1x64xbf16>
            %31 = arith.mulf %18#2, %30 {ADORAGemm} : bf16
            %32 = arith.addf %31, %29 {ADORAGemm} : bf16
            %33 = affine.load %8[0, %arg7] {ADORAGemm, Pingpong} : memref<1x64xbf16>
            %34 = arith.mulf %18#3, %33 {ADORAGemm} : bf16
            %35 = arith.addf %34, %32 {ADORAGemm} : bf16
            %36 = arith.mulf %20#0, %25 {ADORAGemm} : bf16
            %37 = arith.mulf %20#1, %27 {ADORAGemm} : bf16
            %38 = arith.addf %37, %36 {ADORAGemm} : bf16
            %39 = arith.mulf %20#2, %30 {ADORAGemm} : bf16
            %40 = arith.addf %39, %38 {ADORAGemm} : bf16
            %41 = arith.mulf %20#3, %33 {ADORAGemm} : bf16
            %42 = arith.addf %41, %40 {ADORAGemm} : bf16
            %43 = arith.mulf %22#0, %25 {ADORAGemm} : bf16
            %44 = arith.mulf %22#1, %27 {ADORAGemm} : bf16
            %45 = arith.addf %44, %43 {ADORAGemm} : bf16
            %46 = arith.mulf %22#2, %30 {ADORAGemm} : bf16
            %47 = arith.addf %46, %45 {ADORAGemm} : bf16
            %48 = arith.mulf %22#3, %33 {ADORAGemm} : bf16
            %49 = arith.addf %48, %47 {ADORAGemm} : bf16
            %50 = arith.mulf %24#0, %25 {ADORAGemm} : bf16
            %51 = arith.mulf %24#1, %27 {ADORAGemm} : bf16
            %52 = arith.addf %51, %50 {ADORAGemm} : bf16
            %53 = arith.mulf %24#2, %30 {ADORAGemm} : bf16
            %54 = arith.addf %53, %52 {ADORAGemm} : bf16
            %55 = arith.mulf %24#3, %33 {ADORAGemm} : bf16
            %56 = arith.addf %55, %54 {ADORAGemm} : bf16
            %57 = affine.load %9[%arg5, %arg7] {ADORAGemm, Pingpong} : memref<4x64xbf16>
            %58 = arith.addf %35, %57 {ADORAGemm} : bf16
            affine.store %58, %10[%arg5, %arg7] {ADORAGemm, Pingpong} : memref<4x64xbf16>
            %59 = affine.load %11[%arg5, %arg7] {ADORAGemm, Pingpong} : memref<4x64xbf16>
            %60 = arith.addf %42, %59 {ADORAGemm} : bf16
            affine.store %60, %12[%arg5, %arg7] {ADORAGemm, Pingpong} : memref<4x64xbf16>
            %61 = affine.load %13[%arg5, %arg7] {ADORAGemm, Pingpong} : memref<4x64xbf16>
            %62 = arith.addf %49, %61 {ADORAGemm} : bf16
            affine.store %62, %14[%arg5, %arg7] {ADORAGemm, Pingpong} : memref<4x64xbf16>
            %63 = affine.load %15[%arg5, %arg7] {ADORAGemm, Pingpong} : memref<4x64xbf16>
            %64 = arith.addf %56, %63 {ADORAGemm} : bf16
            affine.store %64, %16[%arg5, %arg7] {ADORAGemm, Pingpong} : memref<4x64xbf16>
          } {ADORAGemm}
        } {ADORAGemm}
      } {ADORAGemm}
      ADORA.terminator {ADORAGemm}
    } {ADORAGemm, KernelName = "GEMMIS"}
    ADORA.BlockStore %10, %alloc [%arg4, %c0] : memref<4x64xbf16> -> memref<32x64xbf16> , stride [4, 1] {ADORAGemm, Id = "9", KernelName = "GEMMIS", Pingpong}
    ADORA.BlockStore %12, %alloc [%arg4 + 1, %c0] : memref<4x64xbf16> -> memref<32x64xbf16> , stride [4, 1] {ADORAGemm, Id = "11", KernelName = "GEMMIS", Pingpong}
    ADORA.BlockStore %14, %alloc [%arg4 + 2, %c0] : memref<4x64xbf16> -> memref<32x64xbf16> , stride [4, 1] {ADORAGemm, Id = "13", KernelName = "GEMMIS", Pingpong}
    ADORA.BlockStore %16, %alloc [%arg4 + 3, %c0] : memref<4x64xbf16> -> memref<32x64xbf16> , stride [4, 1] {ADORAGemm, Id = "15", KernelName = "GEMMIS", Pingpong}
  } {ADORAGemm}
  affine.yield {ADORAGemm}
%7 = ADORA.BlockLoad %arg1 [%arg3 + 2, %c0] : memref<128x64xbf16> -> memref<1x64xbf16>  {ADORAGemm, Id = "6", KernelName = "GEMMIS", Pingpong}
(d0, d1) -> (d0 + 2, d1)
%7 = ADORA.BlockLoad %arg1 [%arg3 + 2, %c0] : memref<128x64xbf16> -> memref<1x64xbf16>  {ADORAGemm, Id = "6", KernelName = "GEMMIS", Pingpong}
(d0) -> (d0 + 2, 0)
%7 = ADORA.BlockLoad %arg1 [%arg3 + 2, 0] : memref<128x64xbf16> -> memref<1x64xbf16>  {ADORAGemm, Id = "6", KernelName = "GEMMIS", Pingpong}
^bb0(%arg3: index):
  %1 = ADORA.BlockLoad %arg1 [%arg3, 0] : memref<128x64xbf16> -> memref<1x64xbf16>  {ADORAGemm, Id = "4", KernelName = "GEMMIS", Pingpong}
  %2 = ADORA.BlockLoad %arg1 [%arg3 + 1, 0] : memref<128x64xbf16> -> memref<1x64xbf16>  {ADORAGemm, Id = "5", KernelName = "GEMMIS", Pingpong}
  %3 = ADORA.BlockLoad %arg1 [%arg3 + 2, 0] : memref<128x64xbf16> -> memref<1x64xbf16>  {ADORAGemm, Id = "6", KernelName = "GEMMIS", Pingpong}
  affine.for %arg4 = 0 to 32 step 16 {
    %c0 = arith.constant 0 : index
    %4 = ADORA.BlockLoad %arg0 [%arg4, %arg3] : memref<32x128xbf16> -> memref<4x4xbf16> , stride [4, 1] {ADORAGemm, Id = "0", KernelName = "GEMMIS", Pingpong}
    %5 = ADORA.BlockLoad %arg0 [%arg4 + 1, %arg3] : memref<32x128xbf16> -> memref<4x4xbf16> , stride [4, 1] {ADORAGemm, Id = "1", KernelName = "GEMMIS", Pingpong}
    %6 = ADORA.BlockLoad %arg0 [%arg4 + 2, %arg3] : memref<32x128xbf16> -> memref<4x4xbf16> , stride [4, 1] {ADORAGemm, Id = "2", KernelName = "GEMMIS", Pingpong}
    %7 = ADORA.BlockLoad %arg0 [%arg4 + 3, %arg3] : memref<32x128xbf16> -> memref<4x4xbf16> , stride [4, 1] {ADORAGemm, Id = "3", KernelName = "GEMMIS", Pingpong}
    %8 = ADORA.BlockLoad %arg1 [%arg3 + 3, %c0] : memref<128x64xbf16> -> memref<1x64xbf16>  {ADORAGemm, Id = "7", KernelName = "GEMMIS", Pingpong}
    %9 = ADORA.BlockLoad %alloc [%arg4, %c0] : memref<32x64xbf16> -> memref<4x64xbf16> , stride [4, 1] {ADORAGemm, Id = "8", KernelName = "GEMMIS", Pingpong}
    %10 = ADORA.LocalMemAlloc memref<4x64xbf16>  {ADORAGemm, Id = "9", KernelName = "GEMMIS", Pingpong}
    %11 = ADORA.BlockLoad %alloc [%arg4 + 1, %c0] : memref<32x64xbf16> -> memref<4x64xbf16> , stride [4, 1] {ADORAGemm, Id = "10", KernelName = "GEMMIS", Pingpong}
    %12 = ADORA.LocalMemAlloc memref<4x64xbf16>  {ADORAGemm, Id = "11", KernelName = "GEMMIS", Pingpong}
    %13 = ADORA.BlockLoad %alloc [%arg4 + 2, %c0] : memref<32x64xbf16> -> memref<4x64xbf16> , stride [4, 1] {ADORAGemm, Id = "12", KernelName = "GEMMIS", Pingpong}
    %14 = ADORA.LocalMemAlloc memref<4x64xbf16>  {ADORAGemm, Id = "13", KernelName = "GEMMIS", Pingpong}
    %15 = ADORA.BlockLoad %alloc [%arg4 + 3, %c0] : memref<32x64xbf16> -> memref<4x64xbf16> , stride [4, 1] {ADORAGemm, Id = "14", KernelName = "GEMMIS", Pingpong}
    %16 = ADORA.LocalMemAlloc memref<4x64xbf16>  {ADORAGemm, Id = "15", KernelName = "GEMMIS", Pingpong}
    ADORA.kernel {
      affine.for %arg5 = 0 to 4 {
        affine.for %arg6 = 0 to 64 {
          %17 = affine.vector_load %4[%arg5, 0] {ADORAGemm, Pingpong} : memref<4x4xbf16>, vector<4xbf16>
          %18:4 = ADORA.deinterleaver %17 : vector<4xbf16> -> (bf16, bf16, bf16, bf16) {ADORAGemm}
          %19 = affine.vector_load %5[%arg5 + 1, 0] {ADORAGemm, Pingpong} : memref<4x4xbf16>, vector<4xbf16>
          %20:4 = ADORA.deinterleaver %19 : vector<4xbf16> -> (bf16, bf16, bf16, bf16) {ADORAGemm}
          %21 = affine.vector_load %6[%arg5 + 2, 0] {ADORAGemm, Pingpong} : memref<4x4xbf16>, vector<4xbf16>
          %22:4 = ADORA.deinterleaver %21 : vector<4xbf16> -> (bf16, bf16, bf16, bf16) {ADORAGemm}
          %23 = affine.vector_load %7[%arg5 + 3, 0] {ADORAGemm, Pingpong} : memref<4x4xbf16>, vector<4xbf16>
          %24:4 = ADORA.deinterleaver %23 : vector<4xbf16> -> (bf16, bf16, bf16, bf16) {ADORAGemm}
          affine.for %arg7 = 0 to 64 {
            %25 = affine.load %1[0, %arg7] {ADORAGemm, Pingpong} : memref<1x64xbf16>
            %26 = arith.mulf %18#0, %25 {ADORAGemm} : bf16
            %27 = affine.load %2[0, %arg7] {ADORAGemm, Pingpong} : memref<1x64xbf16>
            %28 = arith.mulf %18#1, %27 {ADORAGemm} : bf16
            %29 = arith.addf %28, %26 {ADORAGemm} : bf16
            %30 = affine.load %3[0, %arg7] {ADORAGemm, Pingpong} : memref<1x64xbf16>
            %31 = arith.mulf %18#2, %30 {ADORAGemm} : bf16
            %32 = arith.addf %31, %29 {ADORAGemm} : bf16
            %33 = affine.load %8[0, %arg7] {ADORAGemm, Pingpong} : memref<1x64xbf16>
            %34 = arith.mulf %18#3, %33 {ADORAGemm} : bf16
            %35 = arith.addf %34, %32 {ADORAGemm} : bf16
            %36 = arith.mulf %20#0, %25 {ADORAGemm} : bf16
            %37 = arith.mulf %20#1, %27 {ADORAGemm} : bf16
            %38 = arith.addf %37, %36 {ADORAGemm} : bf16
            %39 = arith.mulf %20#2, %30 {ADORAGemm} : bf16
            %40 = arith.addf %39, %38 {ADORAGemm} : bf16
            %41 = arith.mulf %20#3, %33 {ADORAGemm} : bf16
            %42 = arith.addf %41, %40 {ADORAGemm} : bf16
            %43 = arith.mulf %22#0, %25 {ADORAGemm} : bf16
            %44 = arith.mulf %22#1, %27 {ADORAGemm} : bf16
            %45 = arith.addf %44, %43 {ADORAGemm} : bf16
            %46 = arith.mulf %22#2, %30 {ADORAGemm} : bf16
            %47 = arith.addf %46, %45 {ADORAGemm} : bf16
            %48 = arith.mulf %22#3, %33 {ADORAGemm} : bf16
            %49 = arith.addf %48, %47 {ADORAGemm} : bf16
            %50 = arith.mulf %24#0, %25 {ADORAGemm} : bf16
            %51 = arith.mulf %24#1, %27 {ADORAGemm} : bf16
            %52 = arith.addf %51, %50 {ADORAGemm} : bf16
            %53 = arith.mulf %24#2, %30 {ADORAGemm} : bf16
            %54 = arith.addf %53, %52 {ADORAGemm} : bf16
            %55 = arith.mulf %24#3, %33 {ADORAGemm} : bf16
            %56 = arith.addf %55, %54 {ADORAGemm} : bf16
            %57 = affine.load %9[%arg5, %arg7] {ADORAGemm, Pingpong} : memref<4x64xbf16>
            %58 = arith.addf %35, %57 {ADORAGemm} : bf16
            affine.store %58, %10[%arg5, %arg7] {ADORAGemm, Pingpong} : memref<4x64xbf16>
            %59 = affine.load %11[%arg5, %arg7] {ADORAGemm, Pingpong} : memref<4x64xbf16>
            %60 = arith.addf %42, %59 {ADORAGemm} : bf16
            affine.store %60, %12[%arg5, %arg7] {ADORAGemm, Pingpong} : memref<4x64xbf16>
            %61 = affine.load %13[%arg5, %arg7] {ADORAGemm, Pingpong} : memref<4x64xbf16>
            %62 = arith.addf %49, %61 {ADORAGemm} : bf16
            affine.store %62, %14[%arg5, %arg7] {ADORAGemm, Pingpong} : memref<4x64xbf16>
            %63 = affine.load %15[%arg5, %arg7] {ADORAGemm, Pingpong} : memref<4x64xbf16>
            %64 = arith.addf %56, %63 {ADORAGemm} : bf16
            affine.store %64, %16[%arg5, %arg7] {ADORAGemm, Pingpong} : memref<4x64xbf16>
          } {ADORAGemm}
        } {ADORAGemm}
      } {ADORAGemm}
      ADORA.terminator {ADORAGemm}
    } {ADORAGemm, KernelName = "GEMMIS"}
    ADORA.BlockStore %10, %alloc [%arg4, %c0] : memref<4x64xbf16> -> memref<32x64xbf16> , stride [4, 1] {ADORAGemm, Id = "9", KernelName = "GEMMIS", Pingpong}
    ADORA.BlockStore %12, %alloc [%arg4 + 1, %c0] : memref<4x64xbf16> -> memref<32x64xbf16> , stride [4, 1] {ADORAGemm, Id = "11", KernelName = "GEMMIS", Pingpong}
    ADORA.BlockStore %14, %alloc [%arg4 + 2, %c0] : memref<4x64xbf16> -> memref<32x64xbf16> , stride [4, 1] {ADORAGemm, Id = "13", KernelName = "GEMMIS", Pingpong}
    ADORA.BlockStore %16, %alloc [%arg4 + 3, %c0] : memref<4x64xbf16> -> memref<32x64xbf16> , stride [4, 1] {ADORAGemm, Id = "15", KernelName = "GEMMIS", Pingpong}
  } {ADORAGemm}
  affine.yield {ADORAGemm}
%8 = ADORA.BlockLoad %arg1 [%arg3 + 3, %c0] : memref<128x64xbf16> -> memref<1x64xbf16>  {ADORAGemm, Id = "7", KernelName = "GEMMIS", Pingpong}
(d0, d1) -> (d0 + 3, d1)
%8 = ADORA.BlockLoad %arg1 [%arg3 + 3, %c0] : memref<128x64xbf16> -> memref<1x64xbf16>  {ADORAGemm, Id = "7", KernelName = "GEMMIS", Pingpong}
(d0) -> (d0 + 3, 0)
%8 = ADORA.BlockLoad %arg1 [%arg3 + 3, 0] : memref<128x64xbf16> -> memref<1x64xbf16>  {ADORAGemm, Id = "7", KernelName = "GEMMIS", Pingpong}
^bb0(%arg3: index):
  %1 = ADORA.BlockLoad %arg1 [%arg3, 0] : memref<128x64xbf16> -> memref<1x64xbf16>  {ADORAGemm, Id = "4", KernelName = "GEMMIS", Pingpong}
  %2 = ADORA.BlockLoad %arg1 [%arg3 + 1, 0] : memref<128x64xbf16> -> memref<1x64xbf16>  {ADORAGemm, Id = "5", KernelName = "GEMMIS", Pingpong}
  %3 = ADORA.BlockLoad %arg1 [%arg3 + 2, 0] : memref<128x64xbf16> -> memref<1x64xbf16>  {ADORAGemm, Id = "6", KernelName = "GEMMIS", Pingpong}
  %4 = ADORA.BlockLoad %arg1 [%arg3 + 3, 0] : memref<128x64xbf16> -> memref<1x64xbf16>  {ADORAGemm, Id = "7", KernelName = "GEMMIS", Pingpong}
  affine.for %arg4 = 0 to 32 step 16 {
    %c0 = arith.constant 0 : index
    %5 = ADORA.BlockLoad %arg0 [%arg4, %arg3] : memref<32x128xbf16> -> memref<4x4xbf16> , stride [4, 1] {ADORAGemm, Id = "0", KernelName = "GEMMIS", Pingpong}
    %6 = ADORA.BlockLoad %arg0 [%arg4 + 1, %arg3] : memref<32x128xbf16> -> memref<4x4xbf16> , stride [4, 1] {ADORAGemm, Id = "1", KernelName = "GEMMIS", Pingpong}
    %7 = ADORA.BlockLoad %arg0 [%arg4 + 2, %arg3] : memref<32x128xbf16> -> memref<4x4xbf16> , stride [4, 1] {ADORAGemm, Id = "2", KernelName = "GEMMIS", Pingpong}
    %8 = ADORA.BlockLoad %arg0 [%arg4 + 3, %arg3] : memref<32x128xbf16> -> memref<4x4xbf16> , stride [4, 1] {ADORAGemm, Id = "3", KernelName = "GEMMIS", Pingpong}
    %9 = ADORA.BlockLoad %alloc [%arg4, %c0] : memref<32x64xbf16> -> memref<4x64xbf16> , stride [4, 1] {ADORAGemm, Id = "8", KernelName = "GEMMIS", Pingpong}
    %10 = ADORA.LocalMemAlloc memref<4x64xbf16>  {ADORAGemm, Id = "9", KernelName = "GEMMIS", Pingpong}
    %11 = ADORA.BlockLoad %alloc [%arg4 + 1, %c0] : memref<32x64xbf16> -> memref<4x64xbf16> , stride [4, 1] {ADORAGemm, Id = "10", KernelName = "GEMMIS", Pingpong}
    %12 = ADORA.LocalMemAlloc memref<4x64xbf16>  {ADORAGemm, Id = "11", KernelName = "GEMMIS", Pingpong}
    %13 = ADORA.BlockLoad %alloc [%arg4 + 2, %c0] : memref<32x64xbf16> -> memref<4x64xbf16> , stride [4, 1] {ADORAGemm, Id = "12", KernelName = "GEMMIS", Pingpong}
    %14 = ADORA.LocalMemAlloc memref<4x64xbf16>  {ADORAGemm, Id = "13", KernelName = "GEMMIS", Pingpong}
    %15 = ADORA.BlockLoad %alloc [%arg4 + 3, %c0] : memref<32x64xbf16> -> memref<4x64xbf16> , stride [4, 1] {ADORAGemm, Id = "14", KernelName = "GEMMIS", Pingpong}
    %16 = ADORA.LocalMemAlloc memref<4x64xbf16>  {ADORAGemm, Id = "15", KernelName = "GEMMIS", Pingpong}
    ADORA.kernel {
      affine.for %arg5 = 0 to 4 {
        affine.for %arg6 = 0 to 64 {
          %17 = affine.vector_load %5[%arg5, 0] {ADORAGemm, Pingpong} : memref<4x4xbf16>, vector<4xbf16>
          %18:4 = ADORA.deinterleaver %17 : vector<4xbf16> -> (bf16, bf16, bf16, bf16) {ADORAGemm}
          %19 = affine.vector_load %6[%arg5 + 1, 0] {ADORAGemm, Pingpong} : memref<4x4xbf16>, vector<4xbf16>
          %20:4 = ADORA.deinterleaver %19 : vector<4xbf16> -> (bf16, bf16, bf16, bf16) {ADORAGemm}
          %21 = affine.vector_load %7[%arg5 + 2, 0] {ADORAGemm, Pingpong} : memref<4x4xbf16>, vector<4xbf16>
          %22:4 = ADORA.deinterleaver %21 : vector<4xbf16> -> (bf16, bf16, bf16, bf16) {ADORAGemm}
          %23 = affine.vector_load %8[%arg5 + 3, 0] {ADORAGemm, Pingpong} : memref<4x4xbf16>, vector<4xbf16>
          %24:4 = ADORA.deinterleaver %23 : vector<4xbf16> -> (bf16, bf16, bf16, bf16) {ADORAGemm}
          affine.for %arg7 = 0 to 64 {
            %25 = affine.load %1[0, %arg7] {ADORAGemm, Pingpong} : memref<1x64xbf16>
            %26 = arith.mulf %18#0, %25 {ADORAGemm} : bf16
            %27 = affine.load %2[0, %arg7] {ADORAGemm, Pingpong} : memref<1x64xbf16>
            %28 = arith.mulf %18#1, %27 {ADORAGemm} : bf16
            %29 = arith.addf %28, %26 {ADORAGemm} : bf16
            %30 = affine.load %3[0, %arg7] {ADORAGemm, Pingpong} : memref<1x64xbf16>
            %31 = arith.mulf %18#2, %30 {ADORAGemm} : bf16
            %32 = arith.addf %31, %29 {ADORAGemm} : bf16
            %33 = affine.load %4[0, %arg7] {ADORAGemm, Pingpong} : memref<1x64xbf16>
            %34 = arith.mulf %18#3, %33 {ADORAGemm} : bf16
            %35 = arith.addf %34, %32 {ADORAGemm} : bf16
            %36 = arith.mulf %20#0, %25 {ADORAGemm} : bf16
            %37 = arith.mulf %20#1, %27 {ADORAGemm} : bf16
            %38 = arith.addf %37, %36 {ADORAGemm} : bf16
            %39 = arith.mulf %20#2, %30 {ADORAGemm} : bf16
            %40 = arith.addf %39, %38 {ADORAGemm} : bf16
            %41 = arith.mulf %20#3, %33 {ADORAGemm} : bf16
            %42 = arith.addf %41, %40 {ADORAGemm} : bf16
            %43 = arith.mulf %22#0, %25 {ADORAGemm} : bf16
            %44 = arith.mulf %22#1, %27 {ADORAGemm} : bf16
            %45 = arith.addf %44, %43 {ADORAGemm} : bf16
            %46 = arith.mulf %22#2, %30 {ADORAGemm} : bf16
            %47 = arith.addf %46, %45 {ADORAGemm} : bf16
            %48 = arith.mulf %22#3, %33 {ADORAGemm} : bf16
            %49 = arith.addf %48, %47 {ADORAGemm} : bf16
            %50 = arith.mulf %24#0, %25 {ADORAGemm} : bf16
            %51 = arith.mulf %24#1, %27 {ADORAGemm} : bf16
            %52 = arith.addf %51, %50 {ADORAGemm} : bf16
            %53 = arith.mulf %24#2, %30 {ADORAGemm} : bf16
            %54 = arith.addf %53, %52 {ADORAGemm} : bf16
            %55 = arith.mulf %24#3, %33 {ADORAGemm} : bf16
            %56 = arith.addf %55, %54 {ADORAGemm} : bf16
            %57 = affine.load %9[%arg5, %arg7] {ADORAGemm, Pingpong} : memref<4x64xbf16>
            %58 = arith.addf %35, %57 {ADORAGemm} : bf16
            affine.store %58, %10[%arg5, %arg7] {ADORAGemm, Pingpong} : memref<4x64xbf16>
            %59 = affine.load %11[%arg5, %arg7] {ADORAGemm, Pingpong} : memref<4x64xbf16>
            %60 = arith.addf %42, %59 {ADORAGemm} : bf16
            affine.store %60, %12[%arg5, %arg7] {ADORAGemm, Pingpong} : memref<4x64xbf16>
            %61 = affine.load %13[%arg5, %arg7] {ADORAGemm, Pingpong} : memref<4x64xbf16>
            %62 = arith.addf %49, %61 {ADORAGemm} : bf16
            affine.store %62, %14[%arg5, %arg7] {ADORAGemm, Pingpong} : memref<4x64xbf16>
            %63 = affine.load %15[%arg5, %arg7] {ADORAGemm, Pingpong} : memref<4x64xbf16>
            %64 = arith.addf %56, %63 {ADORAGemm} : bf16
            affine.store %64, %16[%arg5, %arg7] {ADORAGemm, Pingpong} : memref<4x64xbf16>
          } {ADORAGemm}
        } {ADORAGemm}
      } {ADORAGemm}
      ADORA.terminator {ADORAGemm}
    } {ADORAGemm, KernelName = "GEMMIS"}
    ADORA.BlockStore %10, %alloc [%arg4, %c0] : memref<4x64xbf16> -> memref<32x64xbf16> , stride [4, 1] {ADORAGemm, Id = "9", KernelName = "GEMMIS", Pingpong}
    ADORA.BlockStore %12, %alloc [%arg4 + 1, %c0] : memref<4x64xbf16> -> memref<32x64xbf16> , stride [4, 1] {ADORAGemm, Id = "11", KernelName = "GEMMIS", Pingpong}
    ADORA.BlockStore %14, %alloc [%arg4 + 2, %c0] : memref<4x64xbf16> -> memref<32x64xbf16> , stride [4, 1] {ADORAGemm, Id = "13", KernelName = "GEMMIS", Pingpong}
    ADORA.BlockStore %16, %alloc [%arg4 + 3, %c0] : memref<4x64xbf16> -> memref<32x64xbf16> , stride [4, 1] {ADORAGemm, Id = "15", KernelName = "GEMMIS", Pingpong}
  } {ADORAGemm}
  affine.yield {ADORAGemm}
affine.for %arg7 = 0 to 64 {
  %37 = affine.load %1[0, %arg7] {ADORAGemm, Pingpong} : memref<1x64xbf16>
  %38 = arith.mulf %30#0, %37 {ADORAGemm} : bf16
  %39 = affine.load %3[0, %arg7] {ADORAGemm, Pingpong} : memref<1x64xbf16>
  %40 = arith.mulf %30#1, %39 {ADORAGemm} : bf16
  %41 = arith.addf %40, %38 {ADORAGemm} : bf16
  %42 = affine.load %5[0, %arg7] {ADORAGemm, Pingpong} : memref<1x64xbf16>
  %43 = arith.mulf %30#2, %42 {ADORAGemm} : bf16
  %44 = arith.addf %43, %41 {ADORAGemm} : bf16
  %45 = affine.load %7[0, %arg7] {ADORAGemm, Pingpong} : memref<1x64xbf16>
  %46 = arith.mulf %30#3, %45 {ADORAGemm} : bf16
  %47 = arith.addf %46, %44 {ADORAGemm} : bf16
  %48 = arith.mulf %32#0, %37 {ADORAGemm} : bf16
  %49 = arith.mulf %32#1, %39 {ADORAGemm} : bf16
  %50 = arith.addf %49, %48 {ADORAGemm} : bf16
  %51 = arith.mulf %32#2, %42 {ADORAGemm} : bf16
  %52 = arith.addf %51, %50 {ADORAGemm} : bf16
  %53 = arith.mulf %32#3, %45 {ADORAGemm} : bf16
  %54 = arith.addf %53, %52 {ADORAGemm} : bf16
  %55 = arith.mulf %34#0, %37 {ADORAGemm} : bf16
  %56 = arith.mulf %34#1, %39 {ADORAGemm} : bf16
  %57 = arith.addf %56, %55 {ADORAGemm} : bf16
  %58 = arith.mulf %34#2, %42 {ADORAGemm} : bf16
  %59 = arith.addf %58, %57 {ADORAGemm} : bf16
  %60 = arith.mulf %34#3, %45 {ADORAGemm} : bf16
  %61 = arith.addf %60, %59 {ADORAGemm} : bf16
  %62 = arith.mulf %36#0, %37 {ADORAGemm} : bf16
  %63 = arith.mulf %36#1, %39 {ADORAGemm} : bf16
  %64 = arith.addf %63, %62 {ADORAGemm} : bf16
  %65 = arith.mulf %36#2, %42 {ADORAGemm} : bf16
  %66 = arith.addf %65, %64 {ADORAGemm} : bf16
  %67 = arith.mulf %36#3, %45 {ADORAGemm} : bf16
  %68 = arith.addf %67, %66 {ADORAGemm} : bf16
  %69 = affine.load %15[%arg5, %arg7] {ADORAGemm, Pingpong} : memref<4x64xbf16>
  %70 = arith.addf %47, %69 {ADORAGemm} : bf16
  affine.store %70, %16[%arg5, %arg7] {ADORAGemm, Pingpong} : memref<4x64xbf16>
  %71 = affine.load %18[%arg5, %arg7] {ADORAGemm, Pingpong} : memref<4x64xbf16>
  %72 = arith.addf %54, %71 {ADORAGemm} : bf16
  affine.store %72, %19[%arg5, %arg7] {ADORAGemm, Pingpong} : memref<4x64xbf16>
  %73 = affine.load %21[%arg5, %arg7] {ADORAGemm, Pingpong} : memref<4x64xbf16>
  %74 = arith.addf %61, %73 {ADORAGemm} : bf16
  affine.store %74, %22[%arg5, %arg7] {ADORAGemm, Pingpong} : memref<4x64xbf16>
  %75 = affine.load %24[%arg5, %arg7] {ADORAGemm, Pingpong} : memref<4x64xbf16>
  %76 = arith.addf %68, %75 {ADORAGemm} : bf16
  affine.store %76, %25[%arg5, %arg7] {ADORAGemm, Pingpong} : memref<4x64xbf16>
} {ADORAGemm}
affine.for %arg7 = 0 to 64 {
  %37 = affine.load %1[0, %arg7] {ADORAGemm, Pingpong} : memref<1x64xbf16>
  %38 = arith.mulf %30#0, %37 {ADORAGemm} : bf16
  %39 = affine.load %3[0, %arg7] {ADORAGemm, Pingpong} : memref<1x64xbf16>
  %40 = arith.mulf %30#1, %39 {ADORAGemm} : bf16
  %41 = arith.addf %40, %38 {ADORAGemm} : bf16
  %42 = affine.load %5[0, %arg7] {ADORAGemm, Pingpong} : memref<1x64xbf16>
  %43 = arith.mulf %30#2, %42 {ADORAGemm} : bf16
  %44 = arith.addf %43, %41 {ADORAGemm} : bf16
  %45 = affine.load %7[0, %arg7] {ADORAGemm, Pingpong} : memref<1x64xbf16>
  %46 = arith.mulf %30#3, %45 {ADORAGemm} : bf16
  %47 = arith.addf %46, %44 {ADORAGemm} : bf16
  %48 = arith.mulf %32#0, %37 {ADORAGemm} : bf16
  %49 = arith.mulf %32#1, %39 {ADORAGemm} : bf16
  %50 = arith.addf %49, %48 {ADORAGemm} : bf16
  %51 = arith.mulf %32#2, %42 {ADORAGemm} : bf16
  %52 = arith.addf %51, %50 {ADORAGemm} : bf16
  %53 = arith.mulf %32#3, %45 {ADORAGemm} : bf16
  %54 = arith.addf %53, %52 {ADORAGemm} : bf16
  %55 = arith.mulf %34#0, %37 {ADORAGemm} : bf16
  %56 = arith.mulf %34#1, %39 {ADORAGemm} : bf16
  %57 = arith.addf %56, %55 {ADORAGemm} : bf16
  %58 = arith.mulf %34#2, %42 {ADORAGemm} : bf16
  %59 = arith.addf %58, %57 {ADORAGemm} : bf16
  %60 = arith.mulf %34#3, %45 {ADORAGemm} : bf16
  %61 = arith.addf %60, %59 {ADORAGemm} : bf16
  %62 = arith.mulf %36#0, %37 {ADORAGemm} : bf16
  %63 = arith.mulf %36#1, %39 {ADORAGemm} : bf16
  %64 = arith.addf %63, %62 {ADORAGemm} : bf16
  %65 = arith.mulf %36#2, %42 {ADORAGemm} : bf16
  %66 = arith.addf %65, %64 {ADORAGemm} : bf16
  %67 = arith.mulf %36#3, %45 {ADORAGemm} : bf16
  %68 = arith.addf %67, %66 {ADORAGemm} : bf16
  %69 = affine.load %15[%arg5, %arg7] {ADORAGemm, Pingpong} : memref<4x64xbf16>
  %70 = arith.addf %47, %69 {ADORAGemm} : bf16
  affine.store %70, %16[%arg5, %arg7] {ADORAGemm, Pingpong} : memref<4x64xbf16>
  %71 = affine.load %18[%arg5, %arg7] {ADORAGemm, Pingpong} : memref<4x64xbf16>
  %72 = arith.addf %54, %71 {ADORAGemm} : bf16
  affine.store %72, %19[%arg5, %arg7] {ADORAGemm, Pingpong} : memref<4x64xbf16>
  %73 = affine.load %21[%arg5, %arg7] {ADORAGemm, Pingpong} : memref<4x64xbf16>
  %74 = arith.addf %61, %73 {ADORAGemm} : bf16
  affine.store %74, %22[%arg5, %arg7] {ADORAGemm, Pingpong} : memref<4x64xbf16>
  %75 = affine.load %24[%arg5, %arg7] {ADORAGemm, Pingpong} : memref<4x64xbf16>
  %76 = arith.addf %68, %75 {ADORAGemm} : bf16
  affine.store %76, %25[%arg5, %arg7] {ADORAGemm, Pingpong} : memref<4x64xbf16>
} {ADORAGemm}
affine.for %arg6 = 0 to 64 {
  %29 = affine.vector_load %8[%arg5, 0] {ADORAGemm, Pingpong} : memref<4x4xbf16>, vector<4xbf16>
  %30:4 = ADORA.deinterleaver %29 : vector<4xbf16> -> (bf16, bf16, bf16, bf16) {ADORAGemm}
  %31 = affine.vector_load %10[%arg5 + 1, 0] {ADORAGemm, Pingpong} : memref<4x4xbf16>, vector<4xbf16>
  %32:4 = ADORA.deinterleaver %31 : vector<4xbf16> -> (bf16, bf16, bf16, bf16) {ADORAGemm}
  %33 = affine.vector_load %12[%arg5 + 2, 0] {ADORAGemm, Pingpong} : memref<4x4xbf16>, vector<4xbf16>
  %34:4 = ADORA.deinterleaver %33 : vector<4xbf16> -> (bf16, bf16, bf16, bf16) {ADORAGemm}
  %35 = affine.vector_load %14[%arg5 + 3, 0] {ADORAGemm, Pingpong} : memref<4x4xbf16>, vector<4xbf16>
  %36:4 = ADORA.deinterleaver %35 : vector<4xbf16> -> (bf16, bf16, bf16, bf16) {ADORAGemm}
  affine.for %arg7 = 0 to 64 {
    %37 = affine.load %1[0, %arg7] {ADORAGemm, Pingpong} : memref<1x64xbf16>
    %38 = arith.mulf %30#0, %37 {ADORAGemm} : bf16
    %39 = affine.load %3[0, %arg7] {ADORAGemm, Pingpong} : memref<1x64xbf16>
    %40 = arith.mulf %30#1, %39 {ADORAGemm} : bf16
    %41 = arith.addf %40, %38 {ADORAGemm} : bf16
    %42 = affine.load %5[0, %arg7] {ADORAGemm, Pingpong} : memref<1x64xbf16>
    %43 = arith.mulf %30#2, %42 {ADORAGemm} : bf16
    %44 = arith.addf %43, %41 {ADORAGemm} : bf16
    %45 = affine.load %7[0, %arg7] {ADORAGemm, Pingpong} : memref<1x64xbf16>
    %46 = arith.mulf %30#3, %45 {ADORAGemm} : bf16
    %47 = arith.addf %46, %44 {ADORAGemm} : bf16
    %48 = arith.mulf %32#0, %37 {ADORAGemm} : bf16
    %49 = arith.mulf %32#1, %39 {ADORAGemm} : bf16
    %50 = arith.addf %49, %48 {ADORAGemm} : bf16
    %51 = arith.mulf %32#2, %42 {ADORAGemm} : bf16
    %52 = arith.addf %51, %50 {ADORAGemm} : bf16
    %53 = arith.mulf %32#3, %45 {ADORAGemm} : bf16
    %54 = arith.addf %53, %52 {ADORAGemm} : bf16
    %55 = arith.mulf %34#0, %37 {ADORAGemm} : bf16
    %56 = arith.mulf %34#1, %39 {ADORAGemm} : bf16
    %57 = arith.addf %56, %55 {ADORAGemm} : bf16
    %58 = arith.mulf %34#2, %42 {ADORAGemm} : bf16
    %59 = arith.addf %58, %57 {ADORAGemm} : bf16
    %60 = arith.mulf %34#3, %45 {ADORAGemm} : bf16
    %61 = arith.addf %60, %59 {ADORAGemm} : bf16
    %62 = arith.mulf %36#0, %37 {ADORAGemm} : bf16
    %63 = arith.mulf %36#1, %39 {ADORAGemm} : bf16
    %64 = arith.addf %63, %62 {ADORAGemm} : bf16
    %65 = arith.mulf %36#2, %42 {ADORAGemm} : bf16
    %66 = arith.addf %65, %64 {ADORAGemm} : bf16
    %67 = arith.mulf %36#3, %45 {ADORAGemm} : bf16
    %68 = arith.addf %67, %66 {ADORAGemm} : bf16
    %69 = affine.load %15[%arg5, %arg7] {ADORAGemm, Pingpong} : memref<4x64xbf16>
    %70 = arith.addf %47, %69 {ADORAGemm} : bf16
    affine.store %70, %16[%arg5, %arg7] {ADORAGemm, Pingpong} : memref<4x64xbf16>
    %71 = affine.load %18[%arg5, %arg7] {ADORAGemm, Pingpong} : memref<4x64xbf16>
    %72 = arith.addf %54, %71 {ADORAGemm} : bf16
    affine.store %72, %19[%arg5, %arg7] {ADORAGemm, Pingpong} : memref<4x64xbf16>
    %73 = affine.load %21[%arg5, %arg7] {ADORAGemm, Pingpong} : memref<4x64xbf16>
    %74 = arith.addf %61, %73 {ADORAGemm} : bf16
    affine.store %74, %22[%arg5, %arg7] {ADORAGemm, Pingpong} : memref<4x64xbf16>
    %75 = affine.load %24[%arg5, %arg7] {ADORAGemm, Pingpong} : memref<4x64xbf16>
    %76 = arith.addf %68, %75 {ADORAGemm} : bf16
    affine.store %76, %25[%arg5, %arg7] {ADORAGemm, Pingpong} : memref<4x64xbf16>
  } {ADORAGemm}
} {ADORAGemm}
affine.for %arg7 = 0 to 64 {
  %37 = affine.load %1[0, %arg7] {ADORAGemm, Pingpong} : memref<1x64xbf16>
  %38 = arith.mulf %30#0, %37 {ADORAGemm} : bf16
  %39 = affine.load %3[0, %arg7] {ADORAGemm, Pingpong} : memref<1x64xbf16>
  %40 = arith.mulf %30#1, %39 {ADORAGemm} : bf16
  %41 = arith.addf %40, %38 {ADORAGemm} : bf16
  %42 = affine.load %5[0, %arg7] {ADORAGemm, Pingpong} : memref<1x64xbf16>
  %43 = arith.mulf %30#2, %42 {ADORAGemm} : bf16
  %44 = arith.addf %43, %41 {ADORAGemm} : bf16
  %45 = affine.load %7[0, %arg7] {ADORAGemm, Pingpong} : memref<1x64xbf16>
  %46 = arith.mulf %30#3, %45 {ADORAGemm} : bf16
  %47 = arith.addf %46, %44 {ADORAGemm} : bf16
  %48 = arith.mulf %32#0, %37 {ADORAGemm} : bf16
  %49 = arith.mulf %32#1, %39 {ADORAGemm} : bf16
  %50 = arith.addf %49, %48 {ADORAGemm} : bf16
  %51 = arith.mulf %32#2, %42 {ADORAGemm} : bf16
  %52 = arith.addf %51, %50 {ADORAGemm} : bf16
  %53 = arith.mulf %32#3, %45 {ADORAGemm} : bf16
  %54 = arith.addf %53, %52 {ADORAGemm} : bf16
  %55 = arith.mulf %34#0, %37 {ADORAGemm} : bf16
  %56 = arith.mulf %34#1, %39 {ADORAGemm} : bf16
  %57 = arith.addf %56, %55 {ADORAGemm} : bf16
  %58 = arith.mulf %34#2, %42 {ADORAGemm} : bf16
  %59 = arith.addf %58, %57 {ADORAGemm} : bf16
  %60 = arith.mulf %34#3, %45 {ADORAGemm} : bf16
  %61 = arith.addf %60, %59 {ADORAGemm} : bf16
  %62 = arith.mulf %36#0, %37 {ADORAGemm} : bf16
  %63 = arith.mulf %36#1, %39 {ADORAGemm} : bf16
  %64 = arith.addf %63, %62 {ADORAGemm} : bf16
  %65 = arith.mulf %36#2, %42 {ADORAGemm} : bf16
  %66 = arith.addf %65, %64 {ADORAGemm} : bf16
  %67 = arith.mulf %36#3, %45 {ADORAGemm} : bf16
  %68 = arith.addf %67, %66 {ADORAGemm} : bf16
  %69 = affine.load %15[%arg5, %arg7] {ADORAGemm, Pingpong} : memref<4x64xbf16>
  %70 = arith.addf %47, %69 {ADORAGemm} : bf16
  affine.store %70, %16[%arg5, %arg7] {ADORAGemm, Pingpong} : memref<4x64xbf16>
  %71 = affine.load %18[%arg5, %arg7] {ADORAGemm, Pingpong} : memref<4x64xbf16>
  %72 = arith.addf %54, %71 {ADORAGemm} : bf16
  affine.store %72, %19[%arg5, %arg7] {ADORAGemm, Pingpong} : memref<4x64xbf16>
  %73 = affine.load %21[%arg5, %arg7] {ADORAGemm, Pingpong} : memref<4x64xbf16>
  %74 = arith.addf %61, %73 {ADORAGemm} : bf16
  affine.store %74, %22[%arg5, %arg7] {ADORAGemm, Pingpong} : memref<4x64xbf16>
  %75 = affine.load %24[%arg5, %arg7] {ADORAGemm, Pingpong} : memref<4x64xbf16>
  %76 = arith.addf %68, %75 {ADORAGemm} : bf16
  affine.store %76, %25[%arg5, %arg7] {ADORAGemm, Pingpong} : memref<4x64xbf16>
} {ADORAGemm}
affine.for %arg6 = 0 to 64 {
  %29 = affine.vector_load %8[%arg5, 0] {ADORAGemm, Pingpong} : memref<4x4xbf16>, vector<4xbf16>
  %30:4 = ADORA.deinterleaver %29 : vector<4xbf16> -> (bf16, bf16, bf16, bf16) {ADORAGemm}
  %31 = affine.vector_load %10[%arg5 + 1, 0] {ADORAGemm, Pingpong} : memref<4x4xbf16>, vector<4xbf16>
  %32:4 = ADORA.deinterleaver %31 : vector<4xbf16> -> (bf16, bf16, bf16, bf16) {ADORAGemm}
  %33 = affine.vector_load %12[%arg5 + 2, 0] {ADORAGemm, Pingpong} : memref<4x4xbf16>, vector<4xbf16>
  %34:4 = ADORA.deinterleaver %33 : vector<4xbf16> -> (bf16, bf16, bf16, bf16) {ADORAGemm}
  %35 = affine.vector_load %14[%arg5 + 3, 0] {ADORAGemm, Pingpong} : memref<4x4xbf16>, vector<4xbf16>
  %36:4 = ADORA.deinterleaver %35 : vector<4xbf16> -> (bf16, bf16, bf16, bf16) {ADORAGemm}
  affine.for %arg7 = 0 to 64 {
    %37 = affine.load %1[0, %arg7] {ADORAGemm, Pingpong} : memref<1x64xbf16>
    %38 = arith.mulf %30#0, %37 {ADORAGemm} : bf16
    %39 = affine.load %3[0, %arg7] {ADORAGemm, Pingpong} : memref<1x64xbf16>
    %40 = arith.mulf %30#1, %39 {ADORAGemm} : bf16
    %41 = arith.addf %40, %38 {ADORAGemm} : bf16
    %42 = affine.load %5[0, %arg7] {ADORAGemm, Pingpong} : memref<1x64xbf16>
    %43 = arith.mulf %30#2, %42 {ADORAGemm} : bf16
    %44 = arith.addf %43, %41 {ADORAGemm} : bf16
    %45 = affine.load %7[0, %arg7] {ADORAGemm, Pingpong} : memref<1x64xbf16>
    %46 = arith.mulf %30#3, %45 {ADORAGemm} : bf16
    %47 = arith.addf %46, %44 {ADORAGemm} : bf16
    %48 = arith.mulf %32#0, %37 {ADORAGemm} : bf16
    %49 = arith.mulf %32#1, %39 {ADORAGemm} : bf16
    %50 = arith.addf %49, %48 {ADORAGemm} : bf16
    %51 = arith.mulf %32#2, %42 {ADORAGemm} : bf16
    %52 = arith.addf %51, %50 {ADORAGemm} : bf16
    %53 = arith.mulf %32#3, %45 {ADORAGemm} : bf16
    %54 = arith.addf %53, %52 {ADORAGemm} : bf16
    %55 = arith.mulf %34#0, %37 {ADORAGemm} : bf16
    %56 = arith.mulf %34#1, %39 {ADORAGemm} : bf16
    %57 = arith.addf %56, %55 {ADORAGemm} : bf16
    %58 = arith.mulf %34#2, %42 {ADORAGemm} : bf16
    %59 = arith.addf %58, %57 {ADORAGemm} : bf16
    %60 = arith.mulf %34#3, %45 {ADORAGemm} : bf16
    %61 = arith.addf %60, %59 {ADORAGemm} : bf16
    %62 = arith.mulf %36#0, %37 {ADORAGemm} : bf16
    %63 = arith.mulf %36#1, %39 {ADORAGemm} : bf16
    %64 = arith.addf %63, %62 {ADORAGemm} : bf16
    %65 = arith.mulf %36#2, %42 {ADORAGemm} : bf16
    %66 = arith.addf %65, %64 {ADORAGemm} : bf16
    %67 = arith.mulf %36#3, %45 {ADORAGemm} : bf16
    %68 = arith.addf %67, %66 {ADORAGemm} : bf16
    %69 = affine.load %15[%arg5, %arg7] {ADORAGemm, Pingpong} : memref<4x64xbf16>
    %70 = arith.addf %47, %69 {ADORAGemm} : bf16
    affine.store %70, %16[%arg5, %arg7] {ADORAGemm, Pingpong} : memref<4x64xbf16>
    %71 = affine.load %18[%arg5, %arg7] {ADORAGemm, Pingpong} : memref<4x64xbf16>
    %72 = arith.addf %54, %71 {ADORAGemm} : bf16
    affine.store %72, %19[%arg5, %arg7] {ADORAGemm, Pingpong} : memref<4x64xbf16>
    %73 = affine.load %21[%arg5, %arg7] {ADORAGemm, Pingpong} : memref<4x64xbf16>
    %74 = arith.addf %61, %73 {ADORAGemm} : bf16
    affine.store %74, %22[%arg5, %arg7] {ADORAGemm, Pingpong} : memref<4x64xbf16>
    %75 = affine.load %24[%arg5, %arg7] {ADORAGemm, Pingpong} : memref<4x64xbf16>
    %76 = arith.addf %68, %75 {ADORAGemm} : bf16
    affine.store %76, %25[%arg5, %arg7] {ADORAGemm, Pingpong} : memref<4x64xbf16>
  } {ADORAGemm}
} {ADORAGemm}
affine.for %arg5 = 0 to 4 {
  affine.for %arg6 = 0 to 64 {
    %29 = affine.vector_load %8[%arg5, 0] {ADORAGemm, Pingpong} : memref<4x4xbf16>, vector<4xbf16>
    %30:4 = ADORA.deinterleaver %29 : vector<4xbf16> -> (bf16, bf16, bf16, bf16) {ADORAGemm}
    %31 = affine.vector_load %10[%arg5 + 1, 0] {ADORAGemm, Pingpong} : memref<4x4xbf16>, vector<4xbf16>
    %32:4 = ADORA.deinterleaver %31 : vector<4xbf16> -> (bf16, bf16, bf16, bf16) {ADORAGemm}
    %33 = affine.vector_load %12[%arg5 + 2, 0] {ADORAGemm, Pingpong} : memref<4x4xbf16>, vector<4xbf16>
    %34:4 = ADORA.deinterleaver %33 : vector<4xbf16> -> (bf16, bf16, bf16, bf16) {ADORAGemm}
    %35 = affine.vector_load %14[%arg5 + 3, 0] {ADORAGemm, Pingpong} : memref<4x4xbf16>, vector<4xbf16>
    %36:4 = ADORA.deinterleaver %35 : vector<4xbf16> -> (bf16, bf16, bf16, bf16) {ADORAGemm}
    affine.for %arg7 = 0 to 64 {
      %37 = affine.load %1[0, %arg7] {ADORAGemm, Pingpong} : memref<1x64xbf16>
      %38 = arith.mulf %30#0, %37 {ADORAGemm} : bf16
      %39 = affine.load %3[0, %arg7] {ADORAGemm, Pingpong} : memref<1x64xbf16>
      %40 = arith.mulf %30#1, %39 {ADORAGemm} : bf16
      %41 = arith.addf %40, %38 {ADORAGemm} : bf16
      %42 = affine.load %5[0, %arg7] {ADORAGemm, Pingpong} : memref<1x64xbf16>
      %43 = arith.mulf %30#2, %42 {ADORAGemm} : bf16
      %44 = arith.addf %43, %41 {ADORAGemm} : bf16
      %45 = affine.load %7[0, %arg7] {ADORAGemm, Pingpong} : memref<1x64xbf16>
      %46 = arith.mulf %30#3, %45 {ADORAGemm} : bf16
      %47 = arith.addf %46, %44 {ADORAGemm} : bf16
      %48 = arith.mulf %32#0, %37 {ADORAGemm} : bf16
      %49 = arith.mulf %32#1, %39 {ADORAGemm} : bf16
      %50 = arith.addf %49, %48 {ADORAGemm} : bf16
      %51 = arith.mulf %32#2, %42 {ADORAGemm} : bf16
      %52 = arith.addf %51, %50 {ADORAGemm} : bf16
      %53 = arith.mulf %32#3, %45 {ADORAGemm} : bf16
      %54 = arith.addf %53, %52 {ADORAGemm} : bf16
      %55 = arith.mulf %34#0, %37 {ADORAGemm} : bf16
      %56 = arith.mulf %34#1, %39 {ADORAGemm} : bf16
      %57 = arith.addf %56, %55 {ADORAGemm} : bf16
      %58 = arith.mulf %34#2, %42 {ADORAGemm} : bf16
      %59 = arith.addf %58, %57 {ADORAGemm} : bf16
      %60 = arith.mulf %34#3, %45 {ADORAGemm} : bf16
      %61 = arith.addf %60, %59 {ADORAGemm} : bf16
      %62 = arith.mulf %36#0, %37 {ADORAGemm} : bf16
      %63 = arith.mulf %36#1, %39 {ADORAGemm} : bf16
      %64 = arith.addf %63, %62 {ADORAGemm} : bf16
      %65 = arith.mulf %36#2, %42 {ADORAGemm} : bf16
      %66 = arith.addf %65, %64 {ADORAGemm} : bf16
      %67 = arith.mulf %36#3, %45 {ADORAGemm} : bf16
      %68 = arith.addf %67, %66 {ADORAGemm} : bf16
      %69 = affine.load %15[%arg5, %arg7] {ADORAGemm, Pingpong} : memref<4x64xbf16>
      %70 = arith.addf %47, %69 {ADORAGemm} : bf16
      affine.store %70, %16[%arg5, %arg7] {ADORAGemm, Pingpong} : memref<4x64xbf16>
      %71 = affine.load %18[%arg5, %arg7] {ADORAGemm, Pingpong} : memref<4x64xbf16>
      %72 = arith.addf %54, %71 {ADORAGemm} : bf16
      affine.store %72, %19[%arg5, %arg7] {ADORAGemm, Pingpong} : memref<4x64xbf16>
      %73 = affine.load %21[%arg5, %arg7] {ADORAGemm, Pingpong} : memref<4x64xbf16>
      %74 = arith.addf %61, %73 {ADORAGemm} : bf16
      affine.store %74, %22[%arg5, %arg7] {ADORAGemm, Pingpong} : memref<4x64xbf16>
      %75 = affine.load %24[%arg5, %arg7] {ADORAGemm, Pingpong} : memref<4x64xbf16>
      %76 = arith.addf %68, %75 {ADORAGemm} : bf16
      affine.store %76, %25[%arg5, %arg7] {ADORAGemm, Pingpong} : memref<4x64xbf16>
    } {ADORAGemm}
  } {ADORAGemm}
} {ADORAGemm}
[ADDNodes!] %37 = affine.load %1[0, %arg7] {ADORAGemm, Pingpong} : memref<1x64xbf16>
[ADDNodes!] %38 = arith.mulf %30#0, %37 {ADORAGemm} : bf16
[ADDNodes!] %39 = affine.load %3[0, %arg7] {ADORAGemm, Pingpong} : memref<1x64xbf16>
[ADDNodes!] %40 = arith.mulf %30#1, %39 {ADORAGemm} : bf16
[ADDNodes!] %41 = arith.addf %40, %38 {ADORAGemm} : bf16
[ADDNodes!] %42 = affine.load %5[0, %arg7] {ADORAGemm, Pingpong} : memref<1x64xbf16>
[ADDNodes!] %43 = arith.mulf %30#2, %42 {ADORAGemm} : bf16
[ADDNodes!] %44 = arith.addf %43, %41 {ADORAGemm} : bf16
[ADDNodes!] %45 = affine.load %7[0, %arg7] {ADORAGemm, Pingpong} : memref<1x64xbf16>
[ADDNodes!] %46 = arith.mulf %30#3, %45 {ADORAGemm} : bf16
[ADDNodes!] %47 = arith.addf %46, %44 {ADORAGemm} : bf16
[ADDNodes!] %48 = arith.mulf %32#0, %37 {ADORAGemm} : bf16
[ADDNodes!] %49 = arith.mulf %32#1, %39 {ADORAGemm} : bf16
[ADDNodes!] %50 = arith.addf %49, %48 {ADORAGemm} : bf16
[ADDNodes!] %51 = arith.mulf %32#2, %42 {ADORAGemm} : bf16
[ADDNodes!] %52 = arith.addf %51, %50 {ADORAGemm} : bf16
[ADDNodes!] %53 = arith.mulf %32#3, %45 {ADORAGemm} : bf16
[ADDNodes!] %54 = arith.addf %53, %52 {ADORAGemm} : bf16
[ADDNodes!] %55 = arith.mulf %34#0, %37 {ADORAGemm} : bf16
[ADDNodes!] %56 = arith.mulf %34#1, %39 {ADORAGemm} : bf16
[ADDNodes!] %57 = arith.addf %56, %55 {ADORAGemm} : bf16
[ADDNodes!] %58 = arith.mulf %34#2, %42 {ADORAGemm} : bf16
[ADDNodes!] %59 = arith.addf %58, %57 {ADORAGemm} : bf16
[ADDNodes!] %60 = arith.mulf %34#3, %45 {ADORAGemm} : bf16
[ADDNodes!] %61 = arith.addf %60, %59 {ADORAGemm} : bf16
[ADDNodes!] %62 = arith.mulf %36#0, %37 {ADORAGemm} : bf16
[ADDNodes!] %63 = arith.mulf %36#1, %39 {ADORAGemm} : bf16
[ADDNodes!] %64 = arith.addf %63, %62 {ADORAGemm} : bf16
[ADDNodes!] %65 = arith.mulf %36#2, %42 {ADORAGemm} : bf16
[ADDNodes!] %66 = arith.addf %65, %64 {ADORAGemm} : bf16
[ADDNodes!] %67 = arith.mulf %36#3, %45 {ADORAGemm} : bf16
[ADDNodes!] %68 = arith.addf %67, %66 {ADORAGemm} : bf16
[ADDNodes!] %69 = affine.load %15[%arg5, %arg7] {ADORAGemm, Pingpong} : memref<4x64xbf16>
[ADDNodes!] %70 = arith.addf %47, %69 {ADORAGemm} : bf16
[ADDNodes!] affine.store %70, %16[%arg5, %arg7] {ADORAGemm, Pingpong} : memref<4x64xbf16>
[ADDNodes!] %71 = affine.load %18[%arg5, %arg7] {ADORAGemm, Pingpong} : memref<4x64xbf16>
[ADDNodes!] %72 = arith.addf %54, %71 {ADORAGemm} : bf16
[ADDNodes!] affine.store %72, %19[%arg5, %arg7] {ADORAGemm, Pingpong} : memref<4x64xbf16>
[ADDNodes!] %73 = affine.load %21[%arg5, %arg7] {ADORAGemm, Pingpong} : memref<4x64xbf16>
[ADDNodes!] %74 = arith.addf %61, %73 {ADORAGemm} : bf16
[ADDNodes!] affine.store %74, %22[%arg5, %arg7] {ADORAGemm, Pingpong} : memref<4x64xbf16>
[ADDNodes!] %75 = affine.load %24[%arg5, %arg7] {ADORAGemm, Pingpong} : memref<4x64xbf16>
[ADDNodes!] %76 = arith.addf %68, %75 {ADORAGemm} : bf16
[ADDNodes!] affine.store %76, %25[%arg5, %arg7] {ADORAGemm, Pingpong} : memref<4x64xbf16>
[ADDNodes!] affine.yield {ADORAGemm}
[ADDNodes!] affine.for %arg7 = 0 to 64 {
  %37 = affine.load %1[0, %arg7] {ADORAGemm, Pingpong} : memref<1x64xbf16>
  %38 = arith.mulf %30#0, %37 {ADORAGemm} : bf16
  %39 = affine.load %3[0, %arg7] {ADORAGemm, Pingpong} : memref<1x64xbf16>
  %40 = arith.mulf %30#1, %39 {ADORAGemm} : bf16
  %41 = arith.addf %40, %38 {ADORAGemm} : bf16
  %42 = affine.load %5[0, %arg7] {ADORAGemm, Pingpong} : memref<1x64xbf16>
  %43 = arith.mulf %30#2, %42 {ADORAGemm} : bf16
  %44 = arith.addf %43, %41 {ADORAGemm} : bf16
  %45 = affine.load %7[0, %arg7] {ADORAGemm, Pingpong} : memref<1x64xbf16>
  %46 = arith.mulf %30#3, %45 {ADORAGemm} : bf16
  %47 = arith.addf %46, %44 {ADORAGemm} : bf16
  %48 = arith.mulf %32#0, %37 {ADORAGemm} : bf16
  %49 = arith.mulf %32#1, %39 {ADORAGemm} : bf16
  %50 = arith.addf %49, %48 {ADORAGemm} : bf16
  %51 = arith.mulf %32#2, %42 {ADORAGemm} : bf16
  %52 = arith.addf %51, %50 {ADORAGemm} : bf16
  %53 = arith.mulf %32#3, %45 {ADORAGemm} : bf16
  %54 = arith.addf %53, %52 {ADORAGemm} : bf16
  %55 = arith.mulf %34#0, %37 {ADORAGemm} : bf16
  %56 = arith.mulf %34#1, %39 {ADORAGemm} : bf16
  %57 = arith.addf %56, %55 {ADORAGemm} : bf16
  %58 = arith.mulf %34#2, %42 {ADORAGemm} : bf16
  %59 = arith.addf %58, %57 {ADORAGemm} : bf16
  %60 = arith.mulf %34#3, %45 {ADORAGemm} : bf16
  %61 = arith.addf %60, %59 {ADORAGemm} : bf16
  %62 = arith.mulf %36#0, %37 {ADORAGemm} : bf16
  %63 = arith.mulf %36#1, %39 {ADORAGemm} : bf16
  %64 = arith.addf %63, %62 {ADORAGemm} : bf16
  %65 = arith.mulf %36#2, %42 {ADORAGemm} : bf16
  %66 = arith.addf %65, %64 {ADORAGemm} : bf16
  %67 = arith.mulf %36#3, %45 {ADORAGemm} : bf16
  %68 = arith.addf %67, %66 {ADORAGemm} : bf16
  %69 = affine.load %15[%arg5, %arg7] {ADORAGemm, Pingpong} : memref<4x64xbf16>
  %70 = arith.addf %47, %69 {ADORAGemm} : bf16
  affine.store %70, %16[%arg5, %arg7] {ADORAGemm, Pingpong} : memref<4x64xbf16>
  %71 = affine.load %18[%arg5, %arg7] {ADORAGemm, Pingpong} : memref<4x64xbf16>
  %72 = arith.addf %54, %71 {ADORAGemm} : bf16
  affine.store %72, %19[%arg5, %arg7] {ADORAGemm, Pingpong} : memref<4x64xbf16>
  %73 = affine.load %21[%arg5, %arg7] {ADORAGemm, Pingpong} : memref<4x64xbf16>
  %74 = arith.addf %61, %73 {ADORAGemm} : bf16
  affine.store %74, %22[%arg5, %arg7] {ADORAGemm, Pingpong} : memref<4x64xbf16>
  %75 = affine.load %24[%arg5, %arg7] {ADORAGemm, Pingpong} : memref<4x64xbf16>
  %76 = arith.addf %68, %75 {ADORAGemm} : bf16
  affine.store %76, %25[%arg5, %arg7] {ADORAGemm, Pingpong} : memref<4x64xbf16>
} {ADORAGemm}
[ADDNodes!] %29 = affine.vector_load %8[%arg5, 0] {ADORAGemm, Pingpong} : memref<4x4xbf16>, vector<4xbf16>
[ADDNodes!] %30:4 = ADORA.deinterleaver %29 : vector<4xbf16> -> (bf16, bf16, bf16, bf16) {ADORAGemm}
[ADDNodes!] %31 = affine.vector_load %10[%arg5 + 1, 0] {ADORAGemm, Pingpong} : memref<4x4xbf16>, vector<4xbf16>
[ADDNodes!] %32:4 = ADORA.deinterleaver %31 : vector<4xbf16> -> (bf16, bf16, bf16, bf16) {ADORAGemm}
[ADDNodes!] %33 = affine.vector_load %12[%arg5 + 2, 0] {ADORAGemm, Pingpong} : memref<4x4xbf16>, vector<4xbf16>
[ADDNodes!] %34:4 = ADORA.deinterleaver %33 : vector<4xbf16> -> (bf16, bf16, bf16, bf16) {ADORAGemm}
[ADDNodes!] %35 = affine.vector_load %14[%arg5 + 3, 0] {ADORAGemm, Pingpong} : memref<4x4xbf16>, vector<4xbf16>
[ADDNodes!] %36:4 = ADORA.deinterleaver %35 : vector<4xbf16> -> (bf16, bf16, bf16, bf16) {ADORAGemm}
[ADDNodes!] affine.yield {ADORAGemm}
[ADDNodes!] affine.for %arg6 = 0 to 64 {
  %29 = affine.vector_load %8[%arg5, 0] {ADORAGemm, Pingpong} : memref<4x4xbf16>, vector<4xbf16>
  %30:4 = ADORA.deinterleaver %29 : vector<4xbf16> -> (bf16, bf16, bf16, bf16) {ADORAGemm}
  %31 = affine.vector_load %10[%arg5 + 1, 0] {ADORAGemm, Pingpong} : memref<4x4xbf16>, vector<4xbf16>
  %32:4 = ADORA.deinterleaver %31 : vector<4xbf16> -> (bf16, bf16, bf16, bf16) {ADORAGemm}
  %33 = affine.vector_load %12[%arg5 + 2, 0] {ADORAGemm, Pingpong} : memref<4x4xbf16>, vector<4xbf16>
  %34:4 = ADORA.deinterleaver %33 : vector<4xbf16> -> (bf16, bf16, bf16, bf16) {ADORAGemm}
  %35 = affine.vector_load %14[%arg5 + 3, 0] {ADORAGemm, Pingpong} : memref<4x4xbf16>, vector<4xbf16>
  %36:4 = ADORA.deinterleaver %35 : vector<4xbf16> -> (bf16, bf16, bf16, bf16) {ADORAGemm}
  affine.for %arg7 = 0 to 64 {
    %37 = affine.load %1[0, %arg7] {ADORAGemm, Pingpong} : memref<1x64xbf16>
    %38 = arith.mulf %30#0, %37 {ADORAGemm} : bf16
    %39 = affine.load %3[0, %arg7] {ADORAGemm, Pingpong} : memref<1x64xbf16>
    %40 = arith.mulf %30#1, %39 {ADORAGemm} : bf16
    %41 = arith.addf %40, %38 {ADORAGemm} : bf16
    %42 = affine.load %5[0, %arg7] {ADORAGemm, Pingpong} : memref<1x64xbf16>
    %43 = arith.mulf %30#2, %42 {ADORAGemm} : bf16
    %44 = arith.addf %43, %41 {ADORAGemm} : bf16
    %45 = affine.load %7[0, %arg7] {ADORAGemm, Pingpong} : memref<1x64xbf16>
    %46 = arith.mulf %30#3, %45 {ADORAGemm} : bf16
    %47 = arith.addf %46, %44 {ADORAGemm} : bf16
    %48 = arith.mulf %32#0, %37 {ADORAGemm} : bf16
    %49 = arith.mulf %32#1, %39 {ADORAGemm} : bf16
    %50 = arith.addf %49, %48 {ADORAGemm} : bf16
    %51 = arith.mulf %32#2, %42 {ADORAGemm} : bf16
    %52 = arith.addf %51, %50 {ADORAGemm} : bf16
    %53 = arith.mulf %32#3, %45 {ADORAGemm} : bf16
    %54 = arith.addf %53, %52 {ADORAGemm} : bf16
    %55 = arith.mulf %34#0, %37 {ADORAGemm} : bf16
    %56 = arith.mulf %34#1, %39 {ADORAGemm} : bf16
    %57 = arith.addf %56, %55 {ADORAGemm} : bf16
    %58 = arith.mulf %34#2, %42 {ADORAGemm} : bf16
    %59 = arith.addf %58, %57 {ADORAGemm} : bf16
    %60 = arith.mulf %34#3, %45 {ADORAGemm} : bf16
    %61 = arith.addf %60, %59 {ADORAGemm} : bf16
    %62 = arith.mulf %36#0, %37 {ADORAGemm} : bf16
    %63 = arith.mulf %36#1, %39 {ADORAGemm} : bf16
    %64 = arith.addf %63, %62 {ADORAGemm} : bf16
    %65 = arith.mulf %36#2, %42 {ADORAGemm} : bf16
    %66 = arith.addf %65, %64 {ADORAGemm} : bf16
    %67 = arith.mulf %36#3, %45 {ADORAGemm} : bf16
    %68 = arith.addf %67, %66 {ADORAGemm} : bf16
    %69 = affine.load %15[%arg5, %arg7] {ADORAGemm, Pingpong} : memref<4x64xbf16>
    %70 = arith.addf %47, %69 {ADORAGemm} : bf16
    affine.store %70, %16[%arg5, %arg7] {ADORAGemm, Pingpong} : memref<4x64xbf16>
    %71 = affine.load %18[%arg5, %arg7] {ADORAGemm, Pingpong} : memref<4x64xbf16>
    %72 = arith.addf %54, %71 {ADORAGemm} : bf16
    affine.store %72, %19[%arg5, %arg7] {ADORAGemm, Pingpong} : memref<4x64xbf16>
    %73 = affine.load %21[%arg5, %arg7] {ADORAGemm, Pingpong} : memref<4x64xbf16>
    %74 = arith.addf %61, %73 {ADORAGemm} : bf16
    affine.store %74, %22[%arg5, %arg7] {ADORAGemm, Pingpong} : memref<4x64xbf16>
    %75 = affine.load %24[%arg5, %arg7] {ADORAGemm, Pingpong} : memref<4x64xbf16>
    %76 = arith.addf %68, %75 {ADORAGemm} : bf16
    affine.store %76, %25[%arg5, %arg7] {ADORAGemm, Pingpong} : memref<4x64xbf16>
  } {ADORAGemm}
} {ADORAGemm}
[ADDNodes!] affine.yield {ADORAGemm}
[ADDNodes!] affine.for %arg5 = 0 to 4 {
  affine.for %arg6 = 0 to 64 {
    %29 = affine.vector_load %8[%arg5, 0] {ADORAGemm, Pingpong} : memref<4x4xbf16>, vector<4xbf16>
    %30:4 = ADORA.deinterleaver %29 : vector<4xbf16> -> (bf16, bf16, bf16, bf16) {ADORAGemm}
    %31 = affine.vector_load %10[%arg5 + 1, 0] {ADORAGemm, Pingpong} : memref<4x4xbf16>, vector<4xbf16>
    %32:4 = ADORA.deinterleaver %31 : vector<4xbf16> -> (bf16, bf16, bf16, bf16) {ADORAGemm}
    %33 = affine.vector_load %12[%arg5 + 2, 0] {ADORAGemm, Pingpong} : memref<4x4xbf16>, vector<4xbf16>
    %34:4 = ADORA.deinterleaver %33 : vector<4xbf16> -> (bf16, bf16, bf16, bf16) {ADORAGemm}
    %35 = affine.vector_load %14[%arg5 + 3, 0] {ADORAGemm, Pingpong} : memref<4x4xbf16>, vector<4xbf16>
    %36:4 = ADORA.deinterleaver %35 : vector<4xbf16> -> (bf16, bf16, bf16, bf16) {ADORAGemm}
    affine.for %arg7 = 0 to 64 {
      %37 = affine.load %1[0, %arg7] {ADORAGemm, Pingpong} : memref<1x64xbf16>
      %38 = arith.mulf %30#0, %37 {ADORAGemm} : bf16
      %39 = affine.load %3[0, %arg7] {ADORAGemm, Pingpong} : memref<1x64xbf16>
      %40 = arith.mulf %30#1, %39 {ADORAGemm} : bf16
      %41 = arith.addf %40, %38 {ADORAGemm} : bf16
      %42 = affine.load %5[0, %arg7] {ADORAGemm, Pingpong} : memref<1x64xbf16>
      %43 = arith.mulf %30#2, %42 {ADORAGemm} : bf16
      %44 = arith.addf %43, %41 {ADORAGemm} : bf16
      %45 = affine.load %7[0, %arg7] {ADORAGemm, Pingpong} : memref<1x64xbf16>
      %46 = arith.mulf %30#3, %45 {ADORAGemm} : bf16
      %47 = arith.addf %46, %44 {ADORAGemm} : bf16
      %48 = arith.mulf %32#0, %37 {ADORAGemm} : bf16
      %49 = arith.mulf %32#1, %39 {ADORAGemm} : bf16
      %50 = arith.addf %49, %48 {ADORAGemm} : bf16
      %51 = arith.mulf %32#2, %42 {ADORAGemm} : bf16
      %52 = arith.addf %51, %50 {ADORAGemm} : bf16
      %53 = arith.mulf %32#3, %45 {ADORAGemm} : bf16
      %54 = arith.addf %53, %52 {ADORAGemm} : bf16
      %55 = arith.mulf %34#0, %37 {ADORAGemm} : bf16
      %56 = arith.mulf %34#1, %39 {ADORAGemm} : bf16
      %57 = arith.addf %56, %55 {ADORAGemm} : bf16
      %58 = arith.mulf %34#2, %42 {ADORAGemm} : bf16
      %59 = arith.addf %58, %57 {ADORAGemm} : bf16
      %60 = arith.mulf %34#3, %45 {ADORAGemm} : bf16
      %61 = arith.addf %60, %59 {ADORAGemm} : bf16
      %62 = arith.mulf %36#0, %37 {ADORAGemm} : bf16
      %63 = arith.mulf %36#1, %39 {ADORAGemm} : bf16
      %64 = arith.addf %63, %62 {ADORAGemm} : bf16
      %65 = arith.mulf %36#2, %42 {ADORAGemm} : bf16
      %66 = arith.addf %65, %64 {ADORAGemm} : bf16
      %67 = arith.mulf %36#3, %45 {ADORAGemm} : bf16
      %68 = arith.addf %67, %66 {ADORAGemm} : bf16
      %69 = affine.load %15[%arg5, %arg7] {ADORAGemm, Pingpong} : memref<4x64xbf16>
      %70 = arith.addf %47, %69 {ADORAGemm} : bf16
      affine.store %70, %16[%arg5, %arg7] {ADORAGemm, Pingpong} : memref<4x64xbf16>
      %71 = affine.load %18[%arg5, %arg7] {ADORAGemm, Pingpong} : memref<4x64xbf16>
      %72 = arith.addf %54, %71 {ADORAGemm} : bf16
      affine.store %72, %19[%arg5, %arg7] {ADORAGemm, Pingpong} : memref<4x64xbf16>
      %73 = affine.load %21[%arg5, %arg7] {ADORAGemm, Pingpong} : memref<4x64xbf16>
      %74 = arith.addf %61, %73 {ADORAGemm} : bf16
      affine.store %74, %22[%arg5, %arg7] {ADORAGemm, Pingpong} : memref<4x64xbf16>
      %75 = affine.load %24[%arg5, %arg7] {ADORAGemm, Pingpong} : memref<4x64xbf16>
      %76 = arith.addf %68, %75 {ADORAGemm} : bf16
      affine.store %76, %25[%arg5, %arg7] {ADORAGemm, Pingpong} : memref<4x64xbf16>
    } {ADORAGemm}
  } {ADORAGemm}
} {ADORAGemm}
Input1
BFMUL162
Input3
BFMUL164
BFADD165
Input6
BFMUL167
BFADD168
Input9
BFMUL1610
BFADD1611
BFMUL1612
BFMUL1613
BFADD1614
BFMUL1615
BFADD1616
BFMUL1617
BFADD1618
BFMUL1619
BFMUL1620
BFADD1621
BFMUL1622
BFADD1623
BFMUL1624
BFADD1625
BFMUL1626
BFMUL1627
BFADD1628
BFMUL1629
BFADD1630
BFMUL1631
BFADD1632
Input33
BFADD1634
Output35
Input36
BFADD1637
Output38
Input39
BFADD1640
Output41
Input42
BFADD1643
Output44
Input47
DEINTLV448
Input49
DEINTLV450
Input51
DEINTLV452
Input53
DEINTLV454
Start mapping >>>>>>
Pre-map checking passed!
.Running time(s): 0.074
=====================================
id: 2
type: 
name: BFMUL162
bitWidth: 9
numInputs: 2
numOutputs: 1
inputs: 
0: (48, 0)
1: (1, 0)
outputs: 
0: (5, 1) 
operation: BFMUL16, opLatency: 3
commutative: 1
accumulative: 0
imm: 0, immIdx: -1
=====================================
id: 26
type: 
name: BFMUL1626
bitWidth: 17
numInputs: 2
numOutputs: 1
inputs: 
0: (54, 0)
1: (1, 0)
outputs: 
0: (28, 1) 
operation: BFMUL16, opLatency: 3
commutative: 1
accumulative: 0
imm: 42949672971, immIdx: -1
=====================================
id: 5
type: 
name: BFADD165
bitWidth: 4
numInputs: 2
numOutputs: 1
inputs: 
0: (4, 0)
1: (2, 0)
outputs: 
0: (8, 1) 
operation: BFADD16, opLatency: 1
commutative: 1
accumulative: 0
imm: 94096304772272, immIdx: -1
=====================================
id: 8
type: 
name: BFADD168
bitWidth: 15
numInputs: 2
numOutputs: 1
inputs: 
0: (7, 0)
1: (5, 0)
outputs: 
0: (11, 1) 
operation: BFADD16, opLatency: 1
commutative: 1
accumulative: 0
imm: 8589934594, immIdx: -1
=====================================
id: 54
type: 
name: DEINTLV454
bitWidth: 8
numInputs: 1
numOutputs: 1
inputs: 
0: (53, 0)
outputs: 
0: (26, 0) (27, 0) (29, 0) (31, 0) 
operation: DEINTLV4, opLatency: 4
commutative: 0
accumulative: 1
imm: 55834574862, immIdx: -1
=====================================
id: 25
type: GPE
name: GPE25
bitWidth: 0
numInputs: 16
numOutputs: 1
inputs: 
0: (23, 10)
1: (24, 20)
2: (27, 4)
3: (28, 6)
4: (23, 11)
5: (24, 21)
6: (27, 5)
7: (28, 7)
8: (23, 12)
9: (24, 22)
10: (27, 6)
11: (28, 8)
12: (23, 13)
13: (24, 23)
14: (27, 7)
15: (28, 9)
outputs: 
0: (23, 7) (24, 11) (27, 4) (28, 6) 
cfgBlkIdx: 25
operations: ACC, ADD, AND, ASHR, ASUB, BFACC16, BFADD16, BFEQ16, BFMUL16, BFOLE16, BFOLT16, BFSUB16, BFUNO16, DEINTLV2, DEINTLV3, DEINTLV4, FACC32, FADD32, FMUL32, FSUB32, INTLV2, INTLV3, INTLV4, ISEL, LSHR, MUL, OR, PASS, SEL, SHL, SLE, SLT, SUB, 
maxDelay: 10
numOperands: 4
operandInputs: 
0: 0 1 2 3 
1: 4 5 6 7 
2: 8 9 10 11 
3: 12 13 14 15 
cfgIdMap: Cycles, 12; InitVal, 9; Latency, 11; Repeats, 13; SkipFirst, 14; WI, 10; 
numRfReg: 0
=====================================
id: 48
type: 
name: DEINTLV448
bitWidth: 11
numInputs: 1
numOutputs: 1
inputs: 
0: (47, 0)
outputs: 
0: (2, 0) (4, 0) (7, 0) (10, 0) 
operation: DEINTLV4, opLatency: 4
commutative: 0
accumulative: 1
imm: 21474836487, immIdx: -1
=====================================
id: 26
type: GPE
name: GPE26
bitWidth: 0
numInputs: 16
numOutputs: 1
inputs: 
0: (24, 16)
1: (53, 20)
2: (28, 10)
3: (57, 6)
4: (24, 17)
5: (53, 21)
6: (28, 11)
7: (57, 7)
8: (24, 18)
9: (53, 22)
10: (28, 12)
11: (57, 8)
12: (24, 19)
13: (53, 23)
14: (28, 13)
15: (57, 9)
outputs: 
0: (24, 10) (28, 7) (53, 11) (57, 6) 
cfgBlkIdx: 26
operations: ACC, ADD, AND, ASHR, ASUB, BFACC16, BFADD16, BFEQ16, BFMUL16, BFOLE16, BFOLT16, BFSUB16, BFUNO16, DEINTLV2, DEINTLV3, DEINTLV4, FACC32, FADD32, FMUL32, FSUB32, INTLV2, INTLV3, INTLV4, ISEL, LSHR, MUL, OR, PASS, SEL, SHL, SLE, SLT, SUB, 
maxDelay: 10
numOperands: 4
operandInputs: 
0: 0 1 2 3 
1: 4 5 6 7 
2: 8 9 10 11 
3: 12 13 14 15 
cfgIdMap: Cycles, 12; InitVal, 9; Latency, 11; Repeats, 13; SkipFirst, 14; WI, 10; 
numRfReg: 0
stride:0
stride:0
stride:0
stride:0
stride:0
stride:0
stride:0
=====================================
id: 27
type: 
name: BFMUL1627
bitWidth: 10
numInputs: 2
numOutputs: 1
inputs: 
0: (54, 0)
1: (3, 0)
outputs: 
0: (28, 0) 
operation: BFMUL16, opLatency: 3
commutative: 1
accumulative: 0
imm: 17179869188, immIdx: -1
=====================================
id: 28
type: 
name: BFADD1628
bitWidth: 22
numInputs: 2
numOutputs: 1
inputs: 
0: (27, 0)
1: (26, 0)
outputs: 
0: (30, 1) 
operation: BFADD16, opLatency: 1
commutative: 1
accumulative: 0
imm: 60129542160, immIdx: -1
=====================================
id: 30
type: 
name: BFADD1630
bitWidth: 15
numInputs: 2
numOutputs: 1
inputs: 
0: (29, 0)
1: (28, 0)
outputs: 
0: (32, 1) 
operation: BFADD16, opLatency: 1
commutative: 1
accumulative: 0
imm: 30064771081, immIdx: -1
=====================================
id: 11
type: 
name: BFADD1611
bitWidth: 8
numInputs: 2
numOutputs: 1
inputs: 
0: (10, 0)
1: (8, 0)
outputs: 
0: (34, 0) 
operation: BFADD16, opLatency: 1
commutative: 1
accumulative: 0
imm: 68719476750, immIdx: -1
=====================================
id: 4
type: 
name: BFMUL164
bitWidth: 0
numInputs: 2
numOutputs: 1
inputs: 
0: (48, 0)
1: (3, 0)
outputs: 
0: (5, 0) 
operation: BFMUL16, opLatency: 3
commutative: 1
accumulative: 0
imm: 68719476750, immIdx: -1
=====================================
id: 32
type: 
name: BFADD1632
bitWidth: 10
numInputs: 2
numOutputs: 1
inputs: 
0: (31, 0)
1: (30, 0)
outputs: 
0: (43, 0) 
operation: BFADD16, opLatency: 1
commutative: 1
accumulative: 0
imm: 12884901892, immIdx: -1
=====================================
id: 7
type: 
name: BFMUL167
bitWidth: 0
numInputs: 2
numOutputs: 1
inputs: 
0: (48, 0)
1: (6, 0)
outputs: 
0: (8, 0) 
operation: BFMUL16, opLatency: 3
commutative: 1
accumulative: 0
imm: 51539607563, immIdx: -1
=====================================
id: 10
type: 
name: BFMUL1610
bitWidth: -2133712160
numInputs: 2
numOutputs: 1
inputs: 
0: (48, 0)
1: (9, 0)
outputs: 
0: (11, 0) 
operation: BFMUL16, opLatency: 3
commutative: 1
accumulative: 0
imm: 94096304868992, immIdx: -1
stride:0
stride:0
stride:0
stride:0
stride:0
stride:0
stride:0
stride:0
stride:0
stride:0
=====================================
id: 12
type: 
name: BFMUL1612
bitWidth: 18
numInputs: 2
numOutputs: 1
inputs: 
0: (50, 0)
1: (1, 0)
outputs: 
0: (14, 1) 
operation: BFMUL16, opLatency: 3
commutative: 1
accumulative: 0
imm: 94096304795696, immIdx: -1
=====================================
id: 13
type: 
name: BFMUL1613
bitWidth: -2133619072
numInputs: 2
numOutputs: 1
inputs: 
0: (50, 0)
1: (3, 0)
outputs: 
0: (14, 0) 
operation: BFMUL16, opLatency: 3
commutative: 1
accumulative: 0
imm: 0, immIdx: -1
=====================================
id: 14
type: 
name: BFADD1614
bitWidth: 16
numInputs: 2
numOutputs: 1
inputs: 
0: (13, 0)
1: (12, 0)
outputs: 
0: (16, 1) 
operation: BFADD16, opLatency: 1
commutative: 1
accumulative: 0
imm: 38654705674, immIdx: -1
=====================================
id: 43
type: 
name: BFADD1643
bitWidth: 13
numInputs: 2
numOutputs: 1
inputs: 
0: (32, 0)
1: (42, 0)
outputs: 
0: (44, 0) 
operation: BFADD16, opLatency: 1
commutative: 1
accumulative: 0
imm: 25769803783, immIdx: -1
=====================================
id: 21
type: 
name: BFADD1621
bitWidth: 14
numInputs: 2
numOutputs: 1
inputs: 
0: (20, 0)
1: (19, 0)
outputs: 
0: (23, 1) 
operation: BFADD16, opLatency: 1
commutative: 1
accumulative: 0
imm: 30064771080, immIdx: -1
=====================================
id: 19
type: 
name: BFMUL1619
bitWidth: 17
numInputs: 2
numOutputs: 1
inputs: 
0: (52, 0)
1: (1, 0)
outputs: 
0: (21, 1) 
operation: BFMUL16, opLatency: 3
commutative: 1
accumulative: 0
imm: 42949672971, immIdx: -1
=====================================
id: 20
type: 
name: BFMUL1620
bitWidth: 3
numInputs: 2
numOutputs: 1
inputs: 
0: (52, 0)
1: (3, 0)
outputs: 
0: (21, 0) 
operation: BFMUL16, opLatency: 3
commutative: 1
accumulative: 0
imm: 8589934595, immIdx: -1
=====================================
id: 29
type: 
name: BFMUL1629
bitWidth: 5
numInputs: 2
numOutputs: 1
inputs: 
0: (54, 0)
1: (6, 0)
outputs: 
0: (30, 0) 
operation: BFMUL16, opLatency: 3
commutative: 1
accumulative: 0
imm: 68719476753, immIdx: -1
=====================================
id: 23
type: 
name: BFADD1623
bitWidth: 10
numInputs: 2
numOutputs: 1
inputs: 
0: (22, 0)
1: (21, 0)
outputs: 
0: (25, 1) 
operation: BFADD16, opLatency: 1
commutative: 1
accumulative: 0
imm: 12884901892, immIdx: -1
=====================================
id: 31
type: 
name: BFMUL1631
bitWidth: 1
numInputs: 2
numOutputs: 1
inputs: 
0: (54, 0)
1: (9, 0)
outputs: 
0: (32, 0) 
operation: BFMUL16, opLatency: 3
commutative: 1
accumulative: 0
imm: 81604378645, immIdx: -1
=====================================
id: 52
type: 
name: DEINTLV452
bitWidth: 10
numInputs: 1
numOutputs: 1
inputs: 
0: (51, 0)
outputs: 
0: (19, 0) (20, 0) (22, 0) (24, 0) 
operation: DEINTLV4, opLatency: 4
commutative: 0
accumulative: 1
imm: 8589934596, immIdx: -1
=====================================
id: 86
type: GPE
name: GPE86
bitWidth: 0
numInputs: 16
numOutputs: 1
inputs: 
0: (84, 16)
1: (113, 20)
2: (88, 10)
3: (117, 6)
4: (84, 17)
5: (113, 21)
6: (88, 11)
7: (117, 7)
8: (84, 18)
9: (113, 22)
10: (88, 12)
11: (117, 8)
12: (84, 19)
13: (113, 23)
14: (88, 13)
15: (117, 9)
outputs: 
0: (84, 10) (88, 7) (113, 11) (117, 6) 
cfgBlkIdx: 86
operations: ACC, ADD, AND, ASHR, ASUB, BFACC16, BFADD16, BFEQ16, BFMUL16, BFOLE16, BFOLT16, BFSUB16, BFUNO16, DEINTLV2, DEINTLV3, DEINTLV4, FACC32, FADD32, FMUL32, FSUB32, INTLV2, INTLV3, INTLV4, ISEL, LSHR, MUL, OR, PASS, SEL, SHL, SLE, SLT, SUB, 
maxDelay: 10
numOperands: 4
operandInputs: 
0: 0 1 2 3 
1: 4 5 6 7 
2: 8 9 10 11 
3: 12 13 14 15 
cfgIdMap: Cycles, 12; InitVal, 9; Latency, 11; Repeats, 13; SkipFirst, 14; WI, 10; 
numRfReg: 0
stride:0
stride:0
stride:0
stride:0
stride:0
stride:0
stride:0
stride:0
stride:0
stride:0
stride:0
=====================================
id: 50
type: 
name: DEINTLV450
bitWidth: 22
numInputs: 1
numOutputs: 1
inputs: 
0: (49, 0)
outputs: 
0: (12, 0) (13, 0) (15, 0) (17, 0) 
operation: DEINTLV4, opLatency: 4
commutative: 0
accumulative: 1
imm: 60129542160, immIdx: -1
=====================================
id: 95
type: GPE
name: GPE95
bitWidth: 0
numInputs: 16
numOutputs: 1
inputs: 
0: (93, 10)
1: (94, 14)
2: (97, 12)
3: (98, 8)
4: (93, 11)
5: (94, 15)
6: (97, 13)
7: (98, 9)
8: (93, 12)
9: (94, 16)
10: (97, 14)
11: (98, 10)
12: (93, 13)
13: (94, 17)
14: (97, 15)
15: (98, 11)
outputs: 
0: (93, 8) (94, 9) (97, 9) (98, 8) 
cfgBlkIdx: 95
operations: ACC, ADD, AND, ASHR, ASUB, BFACC16, BFADD16, BFEQ16, BFMUL16, BFOLE16, BFOLT16, BFSUB16, BFUNO16, DEINTLV2, DEINTLV3, DEINTLV4, FACC32, FADD32, FMUL32, FSUB32, INTLV2, INTLV3, INTLV4, ISEL, LSHR, MUL, OR, PASS, SEL, SHL, SLE, SLT, SUB, 
maxDelay: 10
numOperands: 4
operandInputs: 
0: 0 1 2 3 
1: 4 5 6 7 
2: 8 9 10 11 
3: 12 13 14 15 
cfgIdMap: Cycles, 12; InitVal, 9; Latency, 11; Repeats, 13; SkipFirst, 14; WI, 10; 
numRfReg: 0
=====================================
id: 18
type: 
name: BFADD1618
bitWidth: 9
numInputs: 2
numOutputs: 1
inputs: 
0: (17, 0)
1: (16, 0)
outputs: 
0: (37, 0) 
operation: BFADD16, opLatency: 1
commutative: 1
accumulative: 0
imm: 8589934595, immIdx: -1
=====================================
id: 16
type: 
name: BFADD1616
bitWidth: 10
numInputs: 2
numOutputs: 1
inputs: 
0: (15, 0)
1: (14, 0)
outputs: 
0: (18, 1) 
operation: BFADD16, opLatency: 1
commutative: 1
accumulative: 0
imm: 25769803780, immIdx: -1
=====================================
id: 40
type: 
name: BFADD1640
bitWidth: 14
numInputs: 2
numOutputs: 1
inputs: 
0: (25, 0)
1: (39, 0)
outputs: 
0: (41, 0) 
operation: BFADD16, opLatency: 1
commutative: 1
accumulative: 0
imm: 30064771080, immIdx: -1
=====================================
id: 25
type: 
name: BFADD1625
bitWidth: 16
numInputs: 2
numOutputs: 1
inputs: 
0: (24, 0)
1: (23, 0)
outputs: 
0: (40, 0) 
operation: BFADD16, opLatency: 1
commutative: 1
accumulative: 0
imm: 34359738378, immIdx: -1
=====================================
id: 15
type: 
name: BFMUL1615
bitWidth: 17
numInputs: 2
numOutputs: 1
inputs: 
0: (50, 0)
1: (6, 0)
outputs: 
0: (16, 0) 
operation: BFMUL16, opLatency: 3
commutative: 1
accumulative: 0
imm: 42949672971, immIdx: -1
=====================================
id: 22
type: 
name: BFMUL1622
bitWidth: 11
numInputs: 2
numOutputs: 1
inputs: 
0: (52, 0)
1: (6, 0)
outputs: 
0: (23, 0) 
operation: BFMUL16, opLatency: 3
commutative: 1
accumulative: 0
imm: 64424509456, immIdx: -1
stride:0
stride:0
stride:0
stride:0
stride:0
stride:0
stride:0
stride:0
stride:0
=====================================
id: 34
type: 
name: BFADD1634
bitWidth: 8
numInputs: 2
numOutputs: 1
inputs: 
0: (11, 0)
1: (33, 0)
outputs: 
0: (35, 0) 
operation: BFADD16, opLatency: 1
commutative: 1
accumulative: 0
imm: 64424509457, immIdx: -1
=====================================
id: 17
type: 
name: BFMUL1617
bitWidth: 16
numInputs: 2
numOutputs: 1
inputs: 
0: (50, 0)
1: (9, 0)
outputs: 
0: (18, 0) 
operation: BFMUL16, opLatency: 3
commutative: 1
accumulative: 0
imm: 38654705674, immIdx: -1
=====================================
id: 37
type: 
name: BFADD1637
bitWidth: 20
numInputs: 2
numOutputs: 1
inputs: 
0: (18, 0)
1: (36, 0)
outputs: 
0: (38, 0) 
operation: BFADD16, opLatency: 1
commutative: 1
accumulative: 0
imm: 55834574862, immIdx: -1
stride:0
stride:0
stride:0
stride:0
stride:0
stride:0
stride:0
stride:0
stride:0
stride:0
stride:0
stride:0
=====================================
id: 24
type: 
name: BFMUL1624
bitWidth: 5
numInputs: 2
numOutputs: 1
inputs: 
0: (52, 0)
1: (9, 0)
outputs: 
0: (25, 0) 
operation: BFMUL16, opLatency: 3
commutative: 1
accumulative: 0
imm: 51539607565, immIdx: -1
%1 = ADORA.BlockLoad %arg1 [%arg3, 0] : memref<128x64xbf16> -> memref<1x64xbf16>  {ADORAGemm, Id = "4", KernelName = "GEMMIS", Pingpong}
%3 = ADORA.BlockLoad %arg1 [%2, %c0] : memref<128x64xbf16> -> memref<1x64xbf16>  {ADORAGemm, Id = "5", KernelName = "GEMMIS", Pingpong}
%5 = ADORA.BlockLoad %arg1 [%4, %c0_0] : memref<128x64xbf16> -> memref<1x64xbf16>  {ADORAGemm, Id = "6", KernelName = "GEMMIS", Pingpong}
%7 = ADORA.BlockLoad %arg1 [%6, %c0_1] : memref<128x64xbf16> -> memref<1x64xbf16>  {ADORAGemm, Id = "7", KernelName = "GEMMIS", Pingpong}
%8 = ADORA.BlockLoad %arg0 [%arg4, %arg3] : memref<32x128xbf16> -> memref<4x4xbf16> , stride [4, 1] {ADORAGemm, Id = "0", KernelName = "GEMMIS", Pingpong}
%10 = ADORA.BlockLoad %arg0 [%9, %arg3] : memref<32x128xbf16> -> memref<4x4xbf16> , stride [4, 1] {ADORAGemm, Id = "1", KernelName = "GEMMIS", Pingpong}
%12 = ADORA.BlockLoad %arg0 [%11, %arg3] : memref<32x128xbf16> -> memref<4x4xbf16> , stride [4, 1] {ADORAGemm, Id = "2", KernelName = "GEMMIS", Pingpong}
%14 = ADORA.BlockLoad %arg0 [%13, %arg3] : memref<32x128xbf16> -> memref<4x4xbf16> , stride [4, 1] {ADORAGemm, Id = "3", KernelName = "GEMMIS", Pingpong}
%15 = ADORA.BlockLoad %alloc [%arg4, %c0_2] : memref<32x64xbf16> -> memref<4x64xbf16> , stride [4, 1] {ADORAGemm, Id = "8", KernelName = "GEMMIS", Pingpong}
%18 = ADORA.BlockLoad %alloc [%17, %c0_2] : memref<32x64xbf16> -> memref<4x64xbf16> , stride [4, 1] {ADORAGemm, Id = "10", KernelName = "GEMMIS", Pingpong}
%21 = ADORA.BlockLoad %alloc [%20, %c0_2] : memref<32x64xbf16> -> memref<4x64xbf16> , stride [4, 1] {ADORAGemm, Id = "12", KernelName = "GEMMIS", Pingpong}
%24 = ADORA.BlockLoad %alloc [%23, %c0_2] : memref<32x64xbf16> -> memref<4x64xbf16> , stride [4, 1] {ADORAGemm, Id = "14", KernelName = "GEMMIS", Pingpong}
%7 = ADORA.BlockLoad %arg1 [%6, %c0_1] : memref<128x64xbf16> -> memref<1x64xbf16>  {ADORAGemm, Id = "7", KernelName = "GEMMIS", Pingpong}
180224, 0
%21 = ADORA.BlockLoad %alloc [%20, %c0_2] : memref<32x64xbf16> -> memref<4x64xbf16> , stride [4, 1] {ADORAGemm, Id = "12", KernelName = "GEMMIS", Pingpong}
172032, 4096
%18 = ADORA.BlockLoad %alloc [%17, %c0_2] : memref<32x64xbf16> -> memref<4x64xbf16> , stride [4, 1] {ADORAGemm, Id = "10", KernelName = "GEMMIS", Pingpong}
147456, 0
%24 = ADORA.BlockLoad %alloc [%23, %c0_2] : memref<32x64xbf16> -> memref<4x64xbf16> , stride [4, 1] {ADORAGemm, Id = "14", KernelName = "GEMMIS", Pingpong}
106496, 4096
%1 = ADORA.BlockLoad %arg1 [%arg3, 0] : memref<128x64xbf16> -> memref<1x64xbf16>  {ADORAGemm, Id = "4", KernelName = "GEMMIS", Pingpong}
32768, 0
%5 = ADORA.BlockLoad %arg1 [%4, %c0_0] : memref<128x64xbf16> -> memref<1x64xbf16>  {ADORAGemm, Id = "6", KernelName = "GEMMIS", Pingpong}
114688, 0
%8 = ADORA.BlockLoad %arg0 [%arg4, %arg3] : memref<32x128xbf16> -> memref<4x4xbf16> , stride [4, 1] {ADORAGemm, Id = "0", KernelName = "GEMMIS", Pingpong}
49152, 0
%14 = ADORA.BlockLoad %arg0 [%13, %arg3] : memref<32x128xbf16> -> memref<4x4xbf16> , stride [4, 1] {ADORAGemm, Id = "3", KernelName = "GEMMIS", Pingpong}
16384, 0
%10 = ADORA.BlockLoad %arg0 [%9, %arg3] : memref<32x128xbf16> -> memref<4x4xbf16> , stride [4, 1] {ADORAGemm, Id = "1", KernelName = "GEMMIS", Pingpong}
98304, 0
%3 = ADORA.BlockLoad %arg1 [%2, %c0] : memref<128x64xbf16> -> memref<1x64xbf16>  {ADORAGemm, Id = "5", KernelName = "GEMMIS", Pingpong}
65536, 0
%15 = ADORA.BlockLoad %alloc [%arg4, %c0_2] : memref<32x64xbf16> -> memref<4x64xbf16> , stride [4, 1] {ADORAGemm, Id = "8", KernelName = "GEMMIS", Pingpong}
163840, 0
%12 = ADORA.BlockLoad %arg0 [%11, %arg3] : memref<32x128xbf16> -> memref<4x4xbf16> , stride [4, 1] {ADORAGemm, Id = "2", KernelName = "GEMMIS", Pingpong}
81920, 0
stride:0
stride:0
stride:0
Succeed to map DFG to ADG!<<<<<<
=====================================
id: 2
type: 
name: BFMUL162
bitWidth: 9
numInputs: 2
numOutputs: 1
inputs: 
0: (48, 0)
1: (1, 0)
outputs: 
0: (5, 1) 
operation: BFMUL16, opLatency: 3
commutative: 1
accumulative: 0
imm: 0, immIdx: -1
=====================================
id: 26
type: 
name: BFMUL1626
bitWidth: 17
numInputs: 2
numOutputs: 1
inputs: 
0: (54, 0)
1: (1, 0)
outputs: 
0: (28, 1) 
operation: BFMUL16, opLatency: 3
commutative: 1
accumulative: 0
imm: 42949672971, immIdx: -1
=====================================
id: 5
type: 
name: BFADD165
bitWidth: 4
numInputs: 2
numOutputs: 1
inputs: 
0: (4, 0)
1: (2, 0)
outputs: 
0: (8, 1) 
operation: BFADD16, opLatency: 1
commutative: 1
accumulative: 0
imm: 94096304772272, immIdx: -1
=====================================
id: 8
type: 
name: BFADD168
bitWidth: 15
numInputs: 2
numOutputs: 1
inputs: 
0: (7, 0)
1: (5, 0)
outputs: 
0: (11, 1) 
operation: BFADD16, opLatency: 1
commutative: 1
accumulative: 0
imm: 8589934594, immIdx: -1
=====================================
id: 54
type: 
name: DEINTLV454
bitWidth: 8
numInputs: 1
numOutputs: 1
inputs: 
0: (53, 0)
outputs: 
0: (26, 0) (27, 0) (29, 0) (31, 0) 
operation: DEINTLV4, opLatency: 4
commutative: 0
accumulative: 1
imm: 55834574862, immIdx: -1
=====================================
id: 25
type: GPE
name: GPE25
bitWidth: 0
numInputs: 16
numOutputs: 1
inputs: 
0: (23, 10)
1: (24, 20)
2: (27, 4)
3: (28, 6)
4: (23, 11)
5: (24, 21)
6: (27, 5)
7: (28, 7)
8: (23, 12)
9: (24, 22)
10: (27, 6)
11: (28, 8)
12: (23, 13)
13: (24, 23)
14: (27, 7)
15: (28, 9)
outputs: 
0: (23, 7) (24, 11) (27, 4) (28, 6) 
cfgBlkIdx: 25
operations: ACC, ADD, AND, ASHR, ASUB, BFACC16, BFADD16, BFEQ16, BFMUL16, BFOLE16, BFOLT16, BFSUB16, BFUNO16, DEINTLV2, DEINTLV3, DEINTLV4, FACC32, FADD32, FMUL32, FSUB32, INTLV2, INTLV3, INTLV4, ISEL, LSHR, MUL, OR, PASS, SEL, SHL, SLE, SLT, SUB, 
maxDelay: 10
numOperands: 4
operandInputs: 
0: 0 1 2 3 
1: 4 5 6 7 
2: 8 9 10 11 
3: 12 13 14 15 
cfgIdMap: Cycles, 12; InitVal, 9; Latency, 11; Repeats, 13; SkipFirst, 14; WI, 10; 
numRfReg: 0
=====================================
id: 48
type: 
name: DEINTLV448
bitWidth: 11
numInputs: 1
numOutputs: 1
inputs: 
0: (47, 0)
outputs: 
0: (2, 0) (4, 0) (7, 0) (10, 0) 
operation: DEINTLV4, opLatency: 4
commutative: 0
accumulative: 1
imm: 21474836487, immIdx: -1
=====================================
id: 26
type: GPE
name: GPE26
bitWidth: 0
numInputs: 16
numOutputs: 1
inputs: 
0: (24, 16)
1: (53, 20)
2: (28, 10)
3: (57, 6)
4: (24, 17)
5: (53, 21)
6: (28, 11)
7: (57, 7)
8: (24, 18)
9: (53, 22)
10: (28, 12)
11: (57, 8)
12: (24, 19)
13: (53, 23)
14: (28, 13)
15: (57, 9)
outputs: 
0: (24, 10) (28, 7) (53, 11) (57, 6) 
cfgBlkIdx: 26
operations: ACC, ADD, AND, ASHR, ASUB, BFACC16, BFADD16, BFEQ16, BFMUL16, BFOLE16, BFOLT16, BFSUB16, BFUNO16, DEINTLV2, DEINTLV3, DEINTLV4, FACC32, FADD32, FMUL32, FSUB32, INTLV2, INTLV3, INTLV4, ISEL, LSHR, MUL, OR, PASS, SEL, SHL, SLE, SLT, SUB, 
maxDelay: 10
numOperands: 4
operandInputs: 
0: 0 1 2 3 
1: 4 5 6 7 
2: 8 9 10 11 
3: 12 13 14 15 
cfgIdMap: Cycles, 12; InitVal, 9; Latency, 11; Repeats, 13; SkipFirst, 14; WI, 10; 
numRfReg: 0
stride:0
stride:0
stride:0
stride:0
stride:0
stride:0
stride:0
=====================================
id: 27
type: 
name: BFMUL1627
bitWidth: 10
numInputs: 2
numOutputs: 1
inputs: 
0: (54, 0)
1: (3, 0)
outputs: 
0: (28, 0) 
operation: BFMUL16, opLatency: 3
commutative: 1
accumulative: 0
imm: 17179869188, immIdx: -1
=====================================
id: 28
type: 
name: BFADD1628
bitWidth: 22
numInputs: 2
numOutputs: 1
inputs: 
0: (27, 0)
1: (26, 0)
outputs: 
0: (30, 1) 
operation: BFADD16, opLatency: 1
commutative: 1
accumulative: 0
imm: 60129542160, immIdx: -1
=====================================
id: 30
type: 
name: BFADD1630
bitWidth: 15
numInputs: 2
numOutputs: 1
inputs: 
0: (29, 0)
1: (28, 0)
outputs: 
0: (32, 1) 
operation: BFADD16, opLatency: 1
commutative: 1
accumulative: 0
imm: 30064771081, immIdx: -1
=====================================
id: 11
type: 
name: BFADD1611
bitWidth: 8
numInputs: 2
numOutputs: 1
inputs: 
0: (10, 0)
1: (8, 0)
outputs: 
0: (34, 0) 
operation: BFADD16, opLatency: 1
commutative: 1
accumulative: 0
imm: 68719476750, immIdx: -1
=====================================
id: 4
type: 
name: BFMUL164
bitWidth: 0
numInputs: 2
numOutputs: 1
inputs: 
0: (48, 0)
1: (3, 0)
outputs: 
0: (5, 0) 
operation: BFMUL16, opLatency: 3
commutative: 1
accumulative: 0
imm: 68719476750, immIdx: -1
=====================================
id: 32
type: 
name: BFADD1632
bitWidth: 10
numInputs: 2
numOutputs: 1
inputs: 
0: (31, 0)
1: (30, 0)
outputs: 
0: (43, 0) 
operation: BFADD16, opLatency: 1
commutative: 1
accumulative: 0
imm: 12884901892, immIdx: -1
=====================================
id: 7
type: 
name: BFMUL167
bitWidth: 0
numInputs: 2
numOutputs: 1
inputs: 
0: (48, 0)
1: (6, 0)
outputs: 
0: (8, 0) 
operation: BFMUL16, opLatency: 3
commutative: 1
accumulative: 0
imm: 51539607563, immIdx: -1
=====================================
id: 10
type: 
name: BFMUL1610
bitWidth: -2133712160
numInputs: 2
numOutputs: 1
inputs: 
0: (48, 0)
1: (9, 0)
outputs: 
0: (11, 0) 
operation: BFMUL16, opLatency: 3
commutative: 1
accumulative: 0
imm: 94096304868992, immIdx: -1
stride:0
stride:0
stride:0
stride:0
stride:0
stride:0
stride:0
stride:0
stride:0
stride:0
=====================================
id: 12
type: 
name: BFMUL1612
bitWidth: 18
numInputs: 2
numOutputs: 1
inputs: 
0: (50, 0)
1: (1, 0)
outputs: 
0: (14, 1) 
operation: BFMUL16, opLatency: 3
commutative: 1
accumulative: 0
imm: 94096304795696, immIdx: -1
=====================================
id: 13
type: 
name: BFMUL1613
bitWidth: -2133619072
numInputs: 2
numOutputs: 1
inputs: 
0: (50, 0)
1: (3, 0)
outputs: 
0: (14, 0) 
operation: BFMUL16, opLatency: 3
commutative: 1
accumulative: 0
imm: 0, immIdx: -1
=====================================
id: 14
type: 
name: BFADD1614
bitWidth: 16
numInputs: 2
numOutputs: 1
inputs: 
0: (13, 0)
1: (12, 0)
outputs: 
0: (16, 1) 
operation: BFADD16, opLatency: 1
commutative: 1
accumulative: 0
imm: 38654705674, immIdx: -1
=====================================
id: 43
type: 
name: BFADD1643
bitWidth: 13
numInputs: 2
numOutputs: 1
inputs: 
0: (32, 0)
1: (42, 0)
outputs: 
0: (44, 0) 
operation: BFADD16, opLatency: 1
commutative: 1
accumulative: 0
imm: 25769803783, immIdx: -1
=====================================
id: 21
type: 
name: BFADD1621
bitWidth: 14
numInputs: 2
numOutputs: 1
inputs: 
0: (20, 0)
1: (19, 0)
outputs: 
0: (23, 1) 
operation: BFADD16, opLatency: 1
commutative: 1
accumulative: 0
imm: 30064771080, immIdx: -1
=====================================
id: 19
type: 
name: BFMUL1619
bitWidth: 17
numInputs: 2
numOutputs: 1
inputs: 
0: (52, 0)
1: (1, 0)
outputs: 
0: (21, 1) 
operation: BFMUL16, opLatency: 3
commutative: 1
accumulative: 0
imm: 42949672971, immIdx: -1
=====================================
id: 20
type: 
name: BFMUL1620
bitWidth: 3
numInputs: 2
numOutputs: 1
inputs: 
0: (52, 0)
1: (3, 0)
outputs: 
0: (21, 0) 
operation: BFMUL16, opLatency: 3
commutative: 1
accumulative: 0
imm: 8589934595, immIdx: -1
=====================================
id: 29
type: 
name: BFMUL1629
bitWidth: 5
numInputs: 2
numOutputs: 1
inputs: 
0: (54, 0)
1: (6, 0)
outputs: 
0: (30, 0) 
operation: BFMUL16, opLatency: 3
commutative: 1
accumulative: 0
imm: 68719476753, immIdx: -1
=====================================
id: 23
type: 
name: BFADD1623
bitWidth: 10
numInputs: 2
numOutputs: 1
inputs: 
0: (22, 0)
1: (21, 0)
outputs: 
0: (25, 1) 
operation: BFADD16, opLatency: 1
commutative: 1
accumulative: 0
imm: 12884901892, immIdx: -1
=====================================
id: 31
type: 
name: BFMUL1631
bitWidth: 1
numInputs: 2
numOutputs: 1
inputs: 
0: (54, 0)
1: (9, 0)
outputs: 
0: (32, 0) 
operation: BFMUL16, opLatency: 3
commutative: 1
accumulative: 0
imm: 81604378645, immIdx: -1
=====================================
id: 52
type: 
name: DEINTLV452
bitWidth: 10
numInputs: 1
numOutputs: 1
inputs: 
0: (51, 0)
outputs: 
0: (19, 0) (20, 0) (22, 0) (24, 0) 
operation: DEINTLV4, opLatency: 4
commutative: 0
accumulative: 1
imm: 8589934596, immIdx: -1
=====================================
id: 86
type: GPE
name: GPE86
bitWidth: 0
numInputs: 16
numOutputs: 1
inputs: 
0: (84, 16)
1: (113, 20)
2: (88, 10)
3: (117, 6)
4: (84, 17)
5: (113, 21)
6: (88, 11)
7: (117, 7)
8: (84, 18)
9: (113, 22)
10: (88, 12)
11: (117, 8)
12: (84, 19)
13: (113, 23)
14: (88, 13)
15: (117, 9)
outputs: 
0: (84, 10) (88, 7) (113, 11) (117, 6) 
cfgBlkIdx: 86
operations: ACC, ADD, AND, ASHR, ASUB, BFACC16, BFADD16, BFEQ16, BFMUL16, BFOLE16, BFOLT16, BFSUB16, BFUNO16, DEINTLV2, DEINTLV3, DEINTLV4, FACC32, FADD32, FMUL32, FSUB32, INTLV2, INTLV3, INTLV4, ISEL, LSHR, MUL, OR, PASS, SEL, SHL, SLE, SLT, SUB, 
maxDelay: 10
numOperands: 4
operandInputs: 
0: 0 1 2 3 
1: 4 5 6 7 
2: 8 9 10 11 
3: 12 13 14 15 
cfgIdMap: Cycles, 12; InitVal, 9; Latency, 11; Repeats, 13; SkipFirst, 14; WI, 10; 
numRfReg: 0
stride:0
stride:0
stride:0
stride:0
stride:0
stride:0
stride:0
stride:0
stride:0
stride:0
stride:0
=====================================
id: 50
type: 
name: DEINTLV450
bitWidth: 22
numInputs: 1
numOutputs: 1
inputs: 
0: (49, 0)
outputs: 
0: (12, 0) (13, 0) (15, 0) (17, 0) 
operation: DEINTLV4, opLatency: 4
commutative: 0
accumulative: 1
imm: 60129542160, immIdx: -1
=====================================
id: 95
type: GPE
name: GPE95
bitWidth: 0
numInputs: 16
numOutputs: 1
inputs: 
0: (93, 10)
1: (94, 14)
2: (97, 12)
3: (98, 8)
4: (93, 11)
5: (94, 15)
6: (97, 13)
7: (98, 9)
8: (93, 12)
9: (94, 16)
10: (97, 14)
11: (98, 10)
12: (93, 13)
13: (94, 17)
14: (97, 15)
15: (98, 11)
outputs: 
0: (93, 8) (94, 9) (97, 9) (98, 8) 
cfgBlkIdx: 95
operations: ACC, ADD, AND, ASHR, ASUB, BFACC16, BFADD16, BFEQ16, BFMUL16, BFOLE16, BFOLT16, BFSUB16, BFUNO16, DEINTLV2, DEINTLV3, DEINTLV4, FACC32, FADD32, FMUL32, FSUB32, INTLV2, INTLV3, INTLV4, ISEL, LSHR, MUL, OR, PASS, SEL, SHL, SLE, SLT, SUB, 
maxDelay: 10
numOperands: 4
operandInputs: 
0: 0 1 2 3 
1: 4 5 6 7 
2: 8 9 10 11 
3: 12 13 14 15 
cfgIdMap: Cycles, 12; InitVal, 9; Latency, 11; Repeats, 13; SkipFirst, 14; WI, 10; 
numRfReg: 0
=====================================
id: 18
type: 
name: BFADD1618
bitWidth: 9
numInputs: 2
numOutputs: 1
inputs: 
0: (17, 0)
1: (16, 0)
outputs: 
0: (37, 0) 
operation: BFADD16, opLatency: 1
commutative: 1
accumulative: 0
imm: 8589934595, immIdx: -1
=====================================
id: 16
type: 
name: BFADD1616
bitWidth: 10
numInputs: 2
numOutputs: 1
inputs: 
0: (15, 0)
1: (14, 0)
outputs: 
0: (18, 1) 
operation: BFADD16, opLatency: 1
commutative: 1
accumulative: 0
imm: 25769803780, immIdx: -1
=====================================
id: 40
type: 
name: BFADD1640
bitWidth: 14
numInputs: 2
numOutputs: 1
inputs: 
0: (25, 0)
1: (39, 0)
outputs: 
0: (41, 0) 
operation: BFADD16, opLatency: 1
commutative: 1
accumulative: 0
imm: 30064771080, immIdx: -1
=====================================
id: 25
type: 
name: BFADD1625
bitWidth: 16
numInputs: 2
numOutputs: 1
inputs: 
0: (24, 0)
1: (23, 0)
outputs: 
0: (40, 0) 
operation: BFADD16, opLatency: 1
commutative: 1
accumulative: 0
imm: 34359738378, immIdx: -1
=====================================
id: 15
type: 
name: BFMUL1615
bitWidth: 17
numInputs: 2
numOutputs: 1
inputs: 
0: (50, 0)
1: (6, 0)
outputs: 
0: (16, 0) 
operation: BFMUL16, opLatency: 3
commutative: 1
accumulative: 0
imm: 42949672971, immIdx: -1
=====================================
id: 22
type: 
name: BFMUL1622
bitWidth: 11
numInputs: 2
numOutputs: 1
inputs: 
0: (52, 0)
1: (6, 0)
outputs: 
0: (23, 0) 
operation: BFMUL16, opLatency: 3
commutative: 1
accumulative: 0
imm: 64424509456, immIdx: -1
stride:0
stride:0
stride:0
stride:0
stride:0
stride:0
stride:0
stride:0
stride:0
=====================================
id: 34
type: 
name: BFADD1634
bitWidth: 8
numInputs: 2
numOutputs: 1
inputs: 
0: (11, 0)
1: (33, 0)
outputs: 
0: (35, 0) 
operation: BFADD16, opLatency: 1
commutative: 1
accumulative: 0
imm: 64424509457, immIdx: -1
=====================================
id: 17
type: 
name: BFMUL1617
bitWidth: 16
numInputs: 2
numOutputs: 1
inputs: 
0: (50, 0)
1: (9, 0)
outputs: 
0: (18, 0) 
operation: BFMUL16, opLatency: 3
commutative: 1
accumulative: 0
imm: 38654705674, immIdx: -1
=====================================
id: 37
type: 
name: BFADD1637
bitWidth: 20
numInputs: 2
numOutputs: 1
inputs: 
0: (18, 0)
1: (36, 0)
outputs: 
0: (38, 0) 
operation: BFADD16, opLatency: 1
commutative: 1
accumulative: 0
imm: 55834574862, immIdx: -1
stride:0
stride:0
stride:0
stride:0
stride:0
stride:0
stride:0
stride:0
stride:0
stride:0
stride:0
stride:0
=====================================
id: 24
type: 
name: BFMUL1624
bitWidth: 5
numInputs: 2
numOutputs: 1
inputs: 
0: (52, 0)
1: (9, 0)
outputs: 
0: (25, 0) 
operation: BFMUL16, opLatency: 3
commutative: 1
accumulative: 0
imm: 51539607565, immIdx: -1
affine.for %arg3 = 0 to 128 step 4 {
  %1 = ADORA.BlockLoad %arg1 [%arg3, 0] : memref<128x64xbf16> -> memref<1x64xbf16>  {ADORAGemm, Id = "4", KernelName = "GEMMIS", Pingpong}
  %c1 = arith.constant 1 : index
  %2 = arith.addi %arg3, %c1 : index
  %c0 = arith.constant 0 : index
  %3 = ADORA.BlockLoad %arg1 [%2, %c0] : memref<128x64xbf16> -> memref<1x64xbf16>  {ADORAGemm, Id = "5", KernelName = "GEMMIS", Pingpong}
  %c2 = arith.constant 2 : index
  %4 = arith.addi %arg3, %c2 : index
  %c0_0 = arith.constant 0 : index
  %5 = ADORA.BlockLoad %arg1 [%4, %c0_0] : memref<128x64xbf16> -> memref<1x64xbf16>  {ADORAGemm, Id = "6", KernelName = "GEMMIS", Pingpong}
  %c3 = arith.constant 3 : index
  %6 = arith.addi %arg3, %c3 : index
  %c0_1 = arith.constant 0 : index
  %7 = ADORA.BlockLoad %arg1 [%6, %c0_1] : memref<128x64xbf16> -> memref<1x64xbf16>  {ADORAGemm, Id = "7", KernelName = "GEMMIS", Pingpong}
  affine.for %arg4 = 0 to 32 step 16 {
    %c0_2 = arith.constant 0 : index
    %8 = ADORA.BlockLoad %arg0 [%arg4, %arg3] : memref<32x128xbf16> -> memref<4x4xbf16> , stride [4, 1] {ADORAGemm, Id = "0", KernelName = "GEMMIS", Pingpong}
    %c1_3 = arith.constant 1 : index
    %9 = arith.addi %arg4, %c1_3 : index
    %10 = ADORA.BlockLoad %arg0 [%9, %arg3] : memref<32x128xbf16> -> memref<4x4xbf16> , stride [4, 1] {ADORAGemm, Id = "1", KernelName = "GEMMIS", Pingpong}
    %c2_4 = arith.constant 2 : index
    %11 = arith.addi %arg4, %c2_4 : index
    %12 = ADORA.BlockLoad %arg0 [%11, %arg3] : memref<32x128xbf16> -> memref<4x4xbf16> , stride [4, 1] {ADORAGemm, Id = "2", KernelName = "GEMMIS", Pingpong}
    %c3_5 = arith.constant 3 : index
    %13 = arith.addi %arg4, %c3_5 : index
    %14 = ADORA.BlockLoad %arg0 [%13, %arg3] : memref<32x128xbf16> -> memref<4x4xbf16> , stride [4, 1] {ADORAGemm, Id = "3", KernelName = "GEMMIS", Pingpong}
    %15 = ADORA.BlockLoad %alloc [%arg4, %c0_2] : memref<32x64xbf16> -> memref<4x64xbf16> , stride [4, 1] {ADORAGemm, Id = "8", KernelName = "GEMMIS", Pingpong}
    %16 = ADORA.LocalMemAlloc memref<4x64xbf16>  {ADORAGemm, Id = "9", KernelName = "GEMMIS", Pingpong}
    %c1_6 = arith.constant 1 : index
    %17 = arith.addi %arg4, %c1_6 : index
    %18 = ADORA.BlockLoad %alloc [%17, %c0_2] : memref<32x64xbf16> -> memref<4x64xbf16> , stride [4, 1] {ADORAGemm, Id = "10", KernelName = "GEMMIS", Pingpong}
    %19 = ADORA.LocalMemAlloc memref<4x64xbf16>  {ADORAGemm, Id = "11", KernelName = "GEMMIS", Pingpong}
    %c2_7 = arith.constant 2 : index
    %20 = arith.addi %arg4, %c2_7 : index
    %21 = ADORA.BlockLoad %alloc [%20, %c0_2] : memref<32x64xbf16> -> memref<4x64xbf16> , stride [4, 1] {ADORAGemm, Id = "12", KernelName = "GEMMIS", Pingpong}
    %22 = ADORA.LocalMemAlloc memref<4x64xbf16>  {ADORAGemm, Id = "13", KernelName = "GEMMIS", Pingpong}
    %c3_8 = arith.constant 3 : index
    %23 = arith.addi %arg4, %c3_8 : index
    %24 = ADORA.BlockLoad %alloc [%23, %c0_2] : memref<32x64xbf16> -> memref<4x64xbf16> , stride [4, 1] {ADORAGemm, Id = "14", KernelName = "GEMMIS", Pingpong}
    %25 = ADORA.LocalMemAlloc memref<4x64xbf16>  {ADORAGemm, Id = "15", KernelName = "GEMMIS", Pingpong}
    ADORA.kernel {
      affine.for %arg5 = 0 to 4 {
        affine.for %arg6 = 0 to 64 {
          %29 = affine.vector_load %8[%arg5, 0] {ADORAGemm, Pingpong} : memref<4x4xbf16>, vector<4xbf16>
          %30:4 = ADORA.deinterleaver %29 : vector<4xbf16> -> (bf16, bf16, bf16, bf16) {ADORAGemm}
          %31 = affine.vector_load %10[%arg5 + 1, 0] {ADORAGemm, Pingpong} : memref<4x4xbf16>, vector<4xbf16>
          %32:4 = ADORA.deinterleaver %31 : vector<4xbf16> -> (bf16, bf16, bf16, bf16) {ADORAGemm}
          %33 = affine.vector_load %12[%arg5 + 2, 0] {ADORAGemm, Pingpong} : memref<4x4xbf16>, vector<4xbf16>
          %34:4 = ADORA.deinterleaver %33 : vector<4xbf16> -> (bf16, bf16, bf16, bf16) {ADORAGemm}
          %35 = affine.vector_load %14[%arg5 + 3, 0] {ADORAGemm, Pingpong} : memref<4x4xbf16>, vector<4xbf16>
          %36:4 = ADORA.deinterleaver %35 : vector<4xbf16> -> (bf16, bf16, bf16, bf16) {ADORAGemm}
          affine.for %arg7 = 0 to 64 {
            %37 = affine.load %1[0, %arg7] {ADORAGemm, Pingpong} : memref<1x64xbf16>
            %38 = arith.mulf %30#0, %37 {ADORAGemm} : bf16
            %39 = affine.load %3[0, %arg7] {ADORAGemm, Pingpong} : memref<1x64xbf16>
            %40 = arith.mulf %30#1, %39 {ADORAGemm} : bf16
            %41 = arith.addf %40, %38 {ADORAGemm} : bf16
            %42 = affine.load %5[0, %arg7] {ADORAGemm, Pingpong} : memref<1x64xbf16>
            %43 = arith.mulf %30#2, %42 {ADORAGemm} : bf16
            %44 = arith.addf %43, %41 {ADORAGemm} : bf16
            %45 = affine.load %7[0, %arg7] {ADORAGemm, Pingpong} : memref<1x64xbf16>
            %46 = arith.mulf %30#3, %45 {ADORAGemm} : bf16
            %47 = arith.addf %46, %44 {ADORAGemm} : bf16
            %48 = arith.mulf %32#0, %37 {ADORAGemm} : bf16
            %49 = arith.mulf %32#1, %39 {ADORAGemm} : bf16
            %50 = arith.addf %49, %48 {ADORAGemm} : bf16
            %51 = arith.mulf %32#2, %42 {ADORAGemm} : bf16
            %52 = arith.addf %51, %50 {ADORAGemm} : bf16
            %53 = arith.mulf %32#3, %45 {ADORAGemm} : bf16
            %54 = arith.addf %53, %52 {ADORAGemm} : bf16
            %55 = arith.mulf %34#0, %37 {ADORAGemm} : bf16
            %56 = arith.mulf %34#1, %39 {ADORAGemm} : bf16
            %57 = arith.addf %56, %55 {ADORAGemm} : bf16
            %58 = arith.mulf %34#2, %42 {ADORAGemm} : bf16
            %59 = arith.addf %58, %57 {ADORAGemm} : bf16
            %60 = arith.mulf %34#3, %45 {ADORAGemm} : bf16
            %61 = arith.addf %60, %59 {ADORAGemm} : bf16
            %62 = arith.mulf %36#0, %37 {ADORAGemm} : bf16
            %63 = arith.mulf %36#1, %39 {ADORAGemm} : bf16
            %64 = arith.addf %63, %62 {ADORAGemm} : bf16
            %65 = arith.mulf %36#2, %42 {ADORAGemm} : bf16
            %66 = arith.addf %65, %64 {ADORAGemm} : bf16
            %67 = arith.mulf %36#3, %45 {ADORAGemm} : bf16
            %68 = arith.addf %67, %66 {ADORAGemm} : bf16
            %69 = affine.load %15[%arg5, %arg7] {ADORAGemm, Pingpong} : memref<4x64xbf16>
            %70 = arith.addf %47, %69 {ADORAGemm} : bf16
            affine.store %70, %16[%arg5, %arg7] {ADORAGemm, Pingpong} : memref<4x64xbf16>
            %71 = affine.load %18[%arg5, %arg7] {ADORAGemm, Pingpong} : memref<4x64xbf16>
            %72 = arith.addf %54, %71 {ADORAGemm} : bf16
            affine.store %72, %19[%arg5, %arg7] {ADORAGemm, Pingpong} : memref<4x64xbf16>
            %73 = affine.load %21[%arg5, %arg7] {ADORAGemm, Pingpong} : memref<4x64xbf16>
            %74 = arith.addf %61, %73 {ADORAGemm} : bf16
            affine.store %74, %22[%arg5, %arg7] {ADORAGemm, Pingpong} : memref<4x64xbf16>
            %75 = affine.load %24[%arg5, %arg7] {ADORAGemm, Pingpong} : memref<4x64xbf16>
            %76 = arith.addf %68, %75 {ADORAGemm} : bf16
            affine.store %76, %25[%arg5, %arg7] {ADORAGemm, Pingpong} : memref<4x64xbf16>
          } {ADORAGemm}
        } {ADORAGemm}
      } {ADORAGemm}
      ADORA.terminator {ADORAGemm}
    } {ADORAGemm, KernelName = "GEMMIS", Pingpong}
    ADORA.BlockStore %16, %alloc [%arg4, %c0_2] : memref<4x64xbf16> -> memref<32x64xbf16> , stride [4, 1] {ADORAGemm, Id = "9", KernelName = "GEMMIS", Pingpong}
    %c1_9 = arith.constant 1 : index
    %26 = arith.addi %arg4, %c1_9 : index
    ADORA.BlockStore %19, %alloc [%26, %c0_2] : memref<4x64xbf16> -> memref<32x64xbf16> , stride [4, 1] {ADORAGemm, Id = "11", KernelName = "GEMMIS", Pingpong}
    %c2_10 = arith.constant 2 : index
    %27 = arith.addi %arg4, %c2_10 : index
    ADORA.BlockStore %22, %alloc [%27, %c0_2] : memref<4x64xbf16> -> memref<32x64xbf16> , stride [4, 1] {ADORAGemm, Id = "13", KernelName = "GEMMIS", Pingpong}
    %c3_11 = arith.constant 3 : index
    %28 = arith.addi %arg4, %c3_11 : index
    ADORA.BlockStore %25, %alloc [%28, %c0_2] : memref<4x64xbf16> -> memref<32x64xbf16> , stride [4, 1] {ADORAGemm, Id = "15", KernelName = "GEMMIS", Pingpong}
  } {ADORAGemm}
} {ADORAGemm}
module {
  func.func @matmul_0(%arg0: memref<32x128xbf16>, %arg1: memref<128x64xbf16>, %arg2: memref<32x64xbf16>) -> memref<32x64xbf16> attributes {llvm.emit_c_interface} {
    %0 = call @Gemm_0(%arg0, %arg1, %arg2) : (memref<32x128xbf16>, memref<128x64xbf16>, memref<32x64xbf16>) -> memref<32x64xbf16>
    return %0 : memref<32x64xbf16>
  }
  func.func @Gemm_0(%arg0: memref<32x128xbf16>, %arg1: memref<128x64xbf16>, %arg2: memref<32x64xbf16>) -> memref<32x64xbf16> attributes {adora_kernel, llvm.emit_c_interface} {
    %alloc = memref.alloc() : memref<32x64xbf16>
    memref.copy %arg2, %alloc : memref<32x64xbf16> to memref<32x64xbf16>
    affine.for %arg3 = 0 to 128 step 4 {
      %0 = ADORA.BlockLoad %arg1 [%arg3, 0] : memref<128x64xbf16> -> memref<1x64xbf16>  {ADORAGemm, Id = "4", KernelName = "GEMMIS", Pingpong}
      %c1 = arith.constant 1 : index
      %1 = arith.addi %arg3, %c1 : index
      %c0 = arith.constant 0 : index
      %2 = ADORA.BlockLoad %arg1 [%1, %c0] : memref<128x64xbf16> -> memref<1x64xbf16>  {ADORAGemm, Id = "5", KernelName = "GEMMIS", Pingpong}
      %c2 = arith.constant 2 : index
      %3 = arith.addi %arg3, %c2 : index
      %c0_0 = arith.constant 0 : index
      %4 = ADORA.BlockLoad %arg1 [%3, %c0_0] : memref<128x64xbf16> -> memref<1x64xbf16>  {ADORAGemm, Id = "6", KernelName = "GEMMIS", Pingpong}
      %c3 = arith.constant 3 : index
      %5 = arith.addi %arg3, %c3 : index
      %c0_1 = arith.constant 0 : index
      %6 = ADORA.BlockLoad %arg1 [%5, %c0_1] : memref<128x64xbf16> -> memref<1x64xbf16>  {ADORAGemm, Id = "7", KernelName = "GEMMIS", Pingpong}
      affine.for %arg4 = 0 to 32 step 16 {
        %c0_2 = arith.constant 0 : index
        %7 = ADORA.BlockLoad %arg0 [%arg4, %arg3] : memref<32x128xbf16> -> memref<4x4xbf16> , stride [4, 1] {ADORAGemm, Id = "0", KernelName = "GEMMIS", Pingpong}
        %c1_3 = arith.constant 1 : index
        %8 = arith.addi %arg4, %c1_3 : index
        %9 = ADORA.BlockLoad %arg0 [%8, %arg3] : memref<32x128xbf16> -> memref<4x4xbf16> , stride [4, 1] {ADORAGemm, Id = "1", KernelName = "GEMMIS", Pingpong}
        %c2_4 = arith.constant 2 : index
        %10 = arith.addi %arg4, %c2_4 : index
        %11 = ADORA.BlockLoad %arg0 [%10, %arg3] : memref<32x128xbf16> -> memref<4x4xbf16> , stride [4, 1] {ADORAGemm, Id = "2", KernelName = "GEMMIS", Pingpong}
        %c3_5 = arith.constant 3 : index
        %12 = arith.addi %arg4, %c3_5 : index
        %13 = ADORA.BlockLoad %arg0 [%12, %arg3] : memref<32x128xbf16> -> memref<4x4xbf16> , stride [4, 1] {ADORAGemm, Id = "3", KernelName = "GEMMIS", Pingpong}
        %14 = ADORA.BlockLoad %alloc [%arg4, %c0_2] : memref<32x64xbf16> -> memref<4x64xbf16> , stride [4, 1] {ADORAGemm, Id = "8", KernelName = "GEMMIS", Pingpong}
        %15 = ADORA.LocalMemAlloc memref<4x64xbf16>  {ADORAGemm, Id = "9", KernelName = "GEMMIS", Pingpong}
        %c1_6 = arith.constant 1 : index
        %16 = arith.addi %arg4, %c1_6 : index
        %17 = ADORA.BlockLoad %alloc [%16, %c0_2] : memref<32x64xbf16> -> memref<4x64xbf16> , stride [4, 1] {ADORAGemm, Id = "10", KernelName = "GEMMIS", Pingpong}
        %18 = ADORA.LocalMemAlloc memref<4x64xbf16>  {ADORAGemm, Id = "11", KernelName = "GEMMIS", Pingpong}
        %c2_7 = arith.constant 2 : index
        %19 = arith.addi %arg4, %c2_7 : index
        %20 = ADORA.BlockLoad %alloc [%19, %c0_2] : memref<32x64xbf16> -> memref<4x64xbf16> , stride [4, 1] {ADORAGemm, Id = "12", KernelName = "GEMMIS", Pingpong}
        %21 = ADORA.LocalMemAlloc memref<4x64xbf16>  {ADORAGemm, Id = "13", KernelName = "GEMMIS", Pingpong}
        %c3_8 = arith.constant 3 : index
        %22 = arith.addi %arg4, %c3_8 : index
        %23 = ADORA.BlockLoad %alloc [%22, %c0_2] : memref<32x64xbf16> -> memref<4x64xbf16> , stride [4, 1] {ADORAGemm, Id = "14", KernelName = "GEMMIS", Pingpong}
        %24 = ADORA.LocalMemAlloc memref<4x64xbf16>  {ADORAGemm, Id = "15", KernelName = "GEMMIS", Pingpong}
        ADORA.kernel {
          affine.for %arg5 = 0 to 4 {
            affine.for %arg6 = 0 to 64 {
              %28 = affine.vector_load %7[%arg5, 0] {ADORAGemm, Pingpong} : memref<4x4xbf16>, vector<4xbf16>
              %29:4 = ADORA.deinterleaver %28 : vector<4xbf16> -> (bf16, bf16, bf16, bf16) {ADORAGemm}
              %30 = affine.vector_load %9[%arg5 + 1, 0] {ADORAGemm, Pingpong} : memref<4x4xbf16>, vector<4xbf16>
              %31:4 = ADORA.deinterleaver %30 : vector<4xbf16> -> (bf16, bf16, bf16, bf16) {ADORAGemm}
              %32 = affine.vector_load %11[%arg5 + 2, 0] {ADORAGemm, Pingpong} : memref<4x4xbf16>, vector<4xbf16>
              %33:4 = ADORA.deinterleaver %32 : vector<4xbf16> -> (bf16, bf16, bf16, bf16) {ADORAGemm}
              %34 = affine.vector_load %13[%arg5 + 3, 0] {ADORAGemm, Pingpong} : memref<4x4xbf16>, vector<4xbf16>
              %35:4 = ADORA.deinterleaver %34 : vector<4xbf16> -> (bf16, bf16, bf16, bf16) {ADORAGemm}
              affine.for %arg7 = 0 to 64 {
                %36 = affine.load %0[0, %arg7] {ADORAGemm, Pingpong} : memref<1x64xbf16>
                %37 = arith.mulf %29#0, %36 {ADORAGemm} : bf16
                %38 = affine.load %2[0, %arg7] {ADORAGemm, Pingpong} : memref<1x64xbf16>
                %39 = arith.mulf %29#1, %38 {ADORAGemm} : bf16
                %40 = arith.addf %39, %37 {ADORAGemm} : bf16
                %41 = affine.load %4[0, %arg7] {ADORAGemm, Pingpong} : memref<1x64xbf16>
                %42 = arith.mulf %29#2, %41 {ADORAGemm} : bf16
                %43 = arith.addf %42, %40 {ADORAGemm} : bf16
                %44 = affine.load %6[0, %arg7] {ADORAGemm, Pingpong} : memref<1x64xbf16>
                %45 = arith.mulf %29#3, %44 {ADORAGemm} : bf16
                %46 = arith.addf %45, %43 {ADORAGemm} : bf16
                %47 = arith.mulf %31#0, %36 {ADORAGemm} : bf16
                %48 = arith.mulf %31#1, %38 {ADORAGemm} : bf16
                %49 = arith.addf %48, %47 {ADORAGemm} : bf16
                %50 = arith.mulf %31#2, %41 {ADORAGemm} : bf16
                %51 = arith.addf %50, %49 {ADORAGemm} : bf16
                %52 = arith.mulf %31#3, %44 {ADORAGemm} : bf16
                %53 = arith.addf %52, %51 {ADORAGemm} : bf16
                %54 = arith.mulf %33#0, %36 {ADORAGemm} : bf16
                %55 = arith.mulf %33#1, %38 {ADORAGemm} : bf16
                %56 = arith.addf %55, %54 {ADORAGemm} : bf16
                %57 = arith.mulf %33#2, %41 {ADORAGemm} : bf16
                %58 = arith.addf %57, %56 {ADORAGemm} : bf16
                %59 = arith.mulf %33#3, %44 {ADORAGemm} : bf16
                %60 = arith.addf %59, %58 {ADORAGemm} : bf16
                %61 = arith.mulf %35#0, %36 {ADORAGemm} : bf16
                %62 = arith.mulf %35#1, %38 {ADORAGemm} : bf16
                %63 = arith.addf %62, %61 {ADORAGemm} : bf16
                %64 = arith.mulf %35#2, %41 {ADORAGemm} : bf16
                %65 = arith.addf %64, %63 {ADORAGemm} : bf16
                %66 = arith.mulf %35#3, %44 {ADORAGemm} : bf16
                %67 = arith.addf %66, %65 {ADORAGemm} : bf16
                %68 = affine.load %14[%arg5, %arg7] {ADORAGemm, Pingpong} : memref<4x64xbf16>
                %69 = arith.addf %46, %68 {ADORAGemm} : bf16
                affine.store %69, %15[%arg5, %arg7] {ADORAGemm, Pingpong} : memref<4x64xbf16>
                %70 = affine.load %17[%arg5, %arg7] {ADORAGemm, Pingpong} : memref<4x64xbf16>
                %71 = arith.addf %53, %70 {ADORAGemm} : bf16
                affine.store %71, %18[%arg5, %arg7] {ADORAGemm, Pingpong} : memref<4x64xbf16>
                %72 = affine.load %20[%arg5, %arg7] {ADORAGemm, Pingpong} : memref<4x64xbf16>
                %73 = arith.addf %60, %72 {ADORAGemm} : bf16
                affine.store %73, %21[%arg5, %arg7] {ADORAGemm, Pingpong} : memref<4x64xbf16>
                %74 = affine.load %23[%arg5, %arg7] {ADORAGemm, Pingpong} : memref<4x64xbf16>
                %75 = arith.addf %67, %74 {ADORAGemm} : bf16
                affine.store %75, %24[%arg5, %arg7] {ADORAGemm, Pingpong} : memref<4x64xbf16>
              } {ADORAGemm}
            } {ADORAGemm}
          } {ADORAGemm}
          ADORA.terminator {ADORAGemm}
        } {ADORAGemm, KernelName = "GEMMIS", Pingpong}
        ADORA.BlockStore %15, %alloc [%arg4, %c0_2] : memref<4x64xbf16> -> memref<32x64xbf16> , stride [4, 1] {ADORAGemm, Id = "9", KernelName = "GEMMIS", Pingpong}
        %c1_9 = arith.constant 1 : index
        %25 = arith.addi %arg4, %c1_9 : index
        ADORA.BlockStore %18, %alloc [%25, %c0_2] : memref<4x64xbf16> -> memref<32x64xbf16> , stride [4, 1] {ADORAGemm, Id = "11", KernelName = "GEMMIS", Pingpong}
        %c2_10 = arith.constant 2 : index
        %26 = arith.addi %arg4, %c2_10 : index
        ADORA.BlockStore %21, %alloc [%26, %c0_2] : memref<4x64xbf16> -> memref<32x64xbf16> , stride [4, 1] {ADORAGemm, Id = "13", KernelName = "GEMMIS", Pingpong}
        %c3_11 = arith.constant 3 : index
        %27 = arith.addi %arg4, %c3_11 : index
        ADORA.BlockStore %24, %alloc [%27, %c0_2] : memref<4x64xbf16> -> memref<32x64xbf16> , stride [4, 1] {ADORAGemm, Id = "15", KernelName = "GEMMIS", Pingpong}
      } {ADORAGemm}
    } {ADORAGemm}
    return %alloc : memref<32x64xbf16>
  }
}
func.func @matmul_0(%arg0: memref<32x128xbf16>, %arg1: memref<128x64xbf16>, %arg2: memref<32x64xbf16>) -> memref<32x64xbf16> attributes {llvm.emit_c_interface} {
  %0 = call @Gemm_0(%arg0, %arg1, %arg2) : (memref<32x128xbf16>, memref<128x64xbf16>, memref<32x64xbf16>) -> memref<32x64xbf16>
  return %0 : memref<32x64xbf16>
}
^bb0(%arg0: memref<32x128xbf16>, %arg1: memref<128x64xbf16>, %arg2: memref<32x64xbf16>):
  %0 = func.call @Gemm_0(%arg0, %arg1, %arg2) : (memref<32x128xbf16>, memref<128x64xbf16>, memref<32x64xbf16>) -> memref<32x64xbf16>
  func.return %0 : memref<32x64xbf16>
%0 = func.call @Gemm_0(%arg0, %arg1, %arg2) : (memref<32x128xbf16>, memref<128x64xbf16>, memref<32x64xbf16>) -> memref<32x64xbf16>
loc("/home/jhlou/CGRVOPT/cgra-opt/experiment/CYK/gemm/gemm_affine.mlir":6:10): error: 'func.call' op is unsupported operation.
PLEASE submit a bug report to https://github.com/llvm/llvm-project/issues/ and include the crash backtrace.
Stack dump:
0.	Program arguments: cgra-mapper --adg=/home/jhlou/CGRVOPT/MatrixMeld/vitrartl/spec/vitra_cgra_adg.json --op-file=/home/jhlou/CGRVOPT/MatrixMeld/vitrartl/spec/operations.json --output=/home/jhlou/CGRVOPT/cgra-opt/experiment/CYK/gemm/conv_config.py --output-type=pytest --obj-opt=false /home/jhlou/CGRVOPT/cgra-opt/experiment/CYK/gemm/gemm_affine.mlir
 #0 0x000055946d9998aa llvm::sys::PrintStackTrace(llvm::raw_ostream&, int) /home/jhlou/CGRVOPT/llvm-project-onnx/llvm/lib/Support/Unix/Signals.inc:800:22
 #1 0x000055946d999cc0 PrintStackTraceSignalHandler(void*) /home/jhlou/CGRVOPT/llvm-project-onnx/llvm/lib/Support/Unix/Signals.inc:876:1
 #2 0x000055946d997246 llvm::sys::RunSignalHandlers() /home/jhlou/CGRVOPT/llvm-project-onnx/llvm/lib/Support/Signals.cpp:105:20
 #3 0x000055946d999164 SignalHandler(int) /home/jhlou/CGRVOPT/llvm-project-onnx/llvm/lib/Support/Unix/Signals.inc:417:1
 #4 0x00007f9eebd9b420 __restore_rt (/lib/x86_64-linux-gnu/libpthread.so.0+0x14420)
 #5 0x00007f9eeb7ee00b raise /build/glibc-B3wQXB/glibc-2.31/signal/../sysdeps/unix/sysv/linux/raise.c:51:1
 #6 0x00007f9eeb7cd859 abort /build/glibc-B3wQXB/glibc-2.31/stdlib/abort.c:81:7
 #7 0x000055946d13d244 _ZN4llvm12function_refIFN4mlir10WalkResultEPNS1_9OperationEEEC2IRZN13PytestEmitter19lookupVarConfigNameENSt7__cxx1112basic_stringIcSt11char_traitsIcESaIcEEEEUlS4_E_EEOT_PNSt9enable_ifIXntsrSt7is_sameINS_12remove_cvrefISH_E4typeES6_E5valueEvE4typeEPNSJ_IXooL_ZNSt17integral_constantIbLb0EE5valueEEsrSt14is_convertibleIDTclcl7declvalISH_EEcl7declvalIS4_EEEES2_E5valueEvE4typeE /home/jhlou/CGRVOPT/llvm-project-onnx/build/include/llvm/ADT/STLFunctionalExtras.h:55:3
 #8 0x000055946d13cfc0 bool mlir::ADORA::MLIROpVisitorBase<(anonymous namespace)::PyOpEmitter, bool>::dispatchVisitor(mlir::Operation*)::'lambda0'(auto)::operator()<mlir::Operation*>(auto) const /home/ykchen/projects/CGRVOPT/cgra-opt/mapper/include/emit/OpVisitor.h:98:18
 #9 0x000055946d13cdab bool llvm::TypeSwitch<mlir::Operation*, bool>::Default<mlir::ADORA::MLIROpVisitorBase<(anonymous namespace)::PyOpEmitter, bool>::dispatchVisitor(mlir::Operation*)::'lambda0'(auto)>(auto&&) /home/jhlou/CGRVOPT/llvm-project-onnx/build/include/llvm/ADT/TypeSwitch.h:111:33
#10 0x000055946d13cb23 mlir::ADORA::MLIROpVisitorBase<(anonymous namespace)::PyOpEmitter, bool>::dispatchVisitor(mlir::Operation*) /home/ykchen/projects/CGRVOPT/cgra-opt/mapper/include/emit/OpVisitor.h:101:3
#11 0x000055946d138de3 PytestEmitter::emitBlock(mlir::Block&, llvm::raw_ostream&) /home/ykchen/projects/CGRVOPT/cgra-opt/mapper/src/emit/EmitPytest.cpp:1333:5
#12 0x000055946d13927b PytestEmitter::emitPytest(llvm::raw_ostream&) /home/ykchen/projects/CGRVOPT/cgra-opt/mapper/src/emit/EmitPytest.cpp:1538:11
#13 0x000055946b2bd63c main /home/ykchen/projects/CGRVOPT/cgra-opt/tools/cgra-mapper/cgra-mapper.cpp:486:0
#14 0x00007f9eeb7cf083 __libc_start_main /build/glibc-B3wQXB/glibc-2.31/csu/../csu/libc-start.c:342:3
#15 0x000055946b2bacde _start (/home/ykchen/projects/CGRVOPT/cgra-opt/build/bin/cgra-mapper+0x10fcde)
